<?xml version='1.0' encoding='UTF-8'?>
<gpx version="1.1" creator="https://www.komoot.de" xmlns="http://www.topografix.com/GPX/1/1" xmlns:xsi="http://www.w3.org/2001/XMLSchema-instance" xsi:schemaLocation="http://www.topografix.com/GPX/1/1 http://www.topografix.com/GPX/1/1/gpx.xsd">
  <metadata>
    <name>Ice-Tour Genussrunde</name>
    <author>
      <link href="https://www.komoot.de">
        <text>komoot</text>
        <type>text/html</type>
      </link>
    </author>
  </metadata>
  <wpt lat="50.884974" lon="13.007848">
    <name>Eisdiele Schöne</name>
    <sym>Restaurant</sym>
  </wpt>
  <wpt lat="51.000344" lon="12.900058">
    <name>Klatt-Eismanufaktur</name>
    <sym>Restaurant</sym>
  </wpt>
  <trk>
    <name>Ice-Tour Genussrunde</name>
    <trkseg>
      <trkpt lat="50.841715" lon="12.924188">
        <ele>297.883678</ele>
        <time>2026-05-14T11:57:57.855Z</time>
      </trkpt>
      <trkpt lat="50.842436" lon="12.924633">
        <ele>297.883678</ele>
        <time>2026-05-14T11:58:15.089Z</time>
      </trkpt>
      <trkpt lat="50.842545" lon="12.924701">
        <ele>297.883678</ele>
        <time>2026-05-14T11:58:17.659Z</time>
      </trkpt>
      <trkpt lat="50.843875" lon="12.925538">
        <ele>298.033578</ele>
        <time>2026-05-14T11:58:47.164Z</time>
      </trkpt>
      <trkpt lat="50.843906" lon="12.925557">
        <ele>298.037080</ele>
        <time>2026-05-14T11:58:47.782Z</time>
      </trkpt>
      <trkpt lat="50.844043" lon="12.925638">
        <ele>298.052486</ele>
        <time>2026-05-14T11:58:50.685Z</time>
      </trkpt>
      <trkpt lat="50.844082" lon="12.925547">
        <ele>298.059803</ele>
        <time>2026-05-14T11:58:52.036Z</time>
      </trkpt>
      <trkpt lat="50.844144" lon="12.925568">
        <ele>298.066482</ele>
        <time>2026-05-14T11:58:53.333Z</time>
      </trkpt>
      <trkpt lat="50.844196" lon="12.925770">
        <ele>298.045092</ele>
        <time>2026-05-14T11:58:56.076Z</time>
      </trkpt>
      <trkpt lat="50.845021" lon="12.926255">
        <ele>297.712251</ele>
        <time>2026-05-14T11:59:13.395Z</time>
      </trkpt>
      <trkpt lat="50.845577" lon="12.926566">
        <ele>297.489227</ele>
        <time>2026-05-14T11:59:21.157Z</time>
      </trkpt>
      <trkpt lat="50.845723" lon="12.926640">
        <ele>297.431247</ele>
        <time>2026-05-14T11:59:23.115Z</time>
      </trkpt>
      <trkpt lat="50.846457" lon="12.926978">
        <ele>296.781075</ele>
        <time>2026-05-14T11:59:32.724Z</time>
      </trkpt>
      <trkpt lat="50.846695" lon="12.927091">
        <ele>296.551781</ele>
        <time>2026-05-14T11:59:35.639Z</time>
      </trkpt>
      <trkpt lat="50.846713" lon="12.927099">
        <ele>296.534528</ele>
        <time>2026-05-14T11:59:35.854Z</time>
      </trkpt>
      <trkpt lat="50.847239" lon="12.927343">
        <ele>296.028719</ele>
        <time>2026-05-14T11:59:42.467Z</time>
      </trkpt>
      <trkpt lat="50.847425" lon="12.926753">
        <ele>295.655942</ele>
        <time>2026-05-14T11:59:47.811Z</time>
      </trkpt>
      <trkpt lat="50.847520" lon="12.926472">
        <ele>295.494279</ele>
        <time>2026-05-14T11:59:50.369Z</time>
      </trkpt>
      <trkpt lat="50.847552" lon="12.926367">
        <ele>295.435146</ele>
        <time>2026-05-14T11:59:51.271Z</time>
      </trkpt>
      <trkpt lat="50.847891" lon="12.925339">
        <ele>294.846937</ele>
        <time>2026-05-14T12:00:00.298Z</time>
      </trkpt>
      <trkpt lat="50.848137" lon="12.924542">
        <ele>294.397003</ele>
        <time>2026-05-14T12:00:07.801Z</time>
      </trkpt>
      <trkpt lat="50.848293" lon="12.924010">
        <ele>294.028917</ele>
        <time>2026-05-14T12:00:12.383Z</time>
      </trkpt>
      <trkpt lat="50.848366" lon="12.923778">
        <ele>293.848267</ele>
        <time>2026-05-14T12:00:14.320Z</time>
      </trkpt>
      <trkpt lat="50.848462" lon="12.923489">
        <ele>293.620685</ele>
        <time>2026-05-14T12:00:16.722Z</time>
      </trkpt>
      <trkpt lat="50.848481" lon="12.923416">
        <ele>293.565657</ele>
        <time>2026-05-14T12:00:17.566Z</time>
      </trkpt>
      <trkpt lat="50.848520" lon="12.923376">
        <ele>293.514371</ele>
        <time>2026-05-14T12:00:18.370Z</time>
      </trkpt>
      <trkpt lat="50.848781" lon="12.923114">
        <ele>293.173290</ele>
        <time>2026-05-14T12:00:22.076Z</time>
      </trkpt>
      <trkpt lat="50.848811" lon="12.923083">
        <ele>293.133751</ele>
        <time>2026-05-14T12:00:22.683Z</time>
      </trkpt>
      <trkpt lat="50.848947" lon="12.923505">
        <ele>292.803560</ele>
        <time>2026-05-14T12:00:26.297Z</time>
      </trkpt>
      <trkpt lat="50.849195" lon="12.924136">
        <ele>292.290760</ele>
        <time>2026-05-14T12:00:31.888Z</time>
      </trkpt>
      <trkpt lat="50.849341" lon="12.924432">
        <ele>292.107600</ele>
        <time>2026-05-14T12:00:34.703Z</time>
      </trkpt>
      <trkpt lat="50.849473" lon="12.924628">
        <ele>291.967859</ele>
        <time>2026-05-14T12:00:36.877Z</time>
      </trkpt>
      <trkpt lat="50.849679" lon="12.924839">
        <ele>291.778389</ele>
        <time>2026-05-14T12:00:39.885Z</time>
      </trkpt>
      <trkpt lat="50.850064" lon="12.925055">
        <ele>291.462939</ele>
        <time>2026-05-14T12:00:44.985Z</time>
      </trkpt>
      <trkpt lat="50.850439" lon="12.925208">
        <ele>291.163860</ele>
        <time>2026-05-14T12:00:49.932Z</time>
      </trkpt>
      <trkpt lat="50.852593" lon="12.925751">
        <ele>290.585931</ele>
        <time>2026-05-14T12:01:20.924Z</time>
      </trkpt>
      <trkpt lat="50.853279" lon="12.925864">
        <ele>290.354533</ele>
        <time>2026-05-14T12:01:30.996Z</time>
      </trkpt>
      <trkpt lat="50.853605" lon="12.925926">
        <ele>290.244373</ele>
        <time>2026-05-14T12:01:35.547Z</time>
      </trkpt>
      <trkpt lat="50.853671" lon="12.925978">
        <ele>290.219642</ele>
        <time>2026-05-14T12:01:36.558Z</time>
      </trkpt>
      <trkpt lat="50.853697" lon="12.926039">
        <ele>290.204053</ele>
        <time>2026-05-14T12:01:37.215Z</time>
      </trkpt>
      <trkpt lat="50.853792" lon="12.926092">
        <ele>290.170260</ele>
        <time>2026-05-14T12:01:38.579Z</time>
      </trkpt>
      <trkpt lat="50.854625" lon="12.926327">
        <ele>289.940490</ele>
        <time>2026-05-14T12:01:49.471Z</time>
      </trkpt>
      <trkpt lat="50.854936" lon="12.926340">
        <ele>289.884905</ele>
        <time>2026-05-14T12:01:53.478Z</time>
      </trkpt>
      <trkpt lat="50.855364" lon="12.926269">
        <ele>289.808017</ele>
        <time>2026-05-14T12:01:59.452Z</time>
      </trkpt>
      <trkpt lat="50.856062" lon="12.925918">
        <ele>289.689077</ele>
        <time>2026-05-14T12:02:10.859Z</time>
      </trkpt>
      <trkpt lat="50.856456" lon="12.925658">
        <ele>289.865600</ele>
        <time>2026-05-14T12:02:17.950Z</time>
      </trkpt>
      <trkpt lat="50.856599" lon="12.925518">
        <ele>289.935125</ele>
        <time>2026-05-14T12:02:20.846Z</time>
      </trkpt>
      <trkpt lat="50.857153" lon="12.925116">
        <ele>290.187141</ele>
        <time>2026-05-14T12:02:31.543Z</time>
      </trkpt>
      <trkpt lat="50.857317" lon="12.925048">
        <ele>290.257253</ele>
        <time>2026-05-14T12:02:34.505Z</time>
      </trkpt>
      <trkpt lat="50.857393" lon="12.924958">
        <ele>290.296496</ele>
        <time>2026-05-14T12:02:36.128Z</time>
      </trkpt>
      <trkpt lat="50.857556" lon="12.924974">
        <ele>290.364039</ele>
        <time>2026-05-14T12:02:38.859Z</time>
      </trkpt>
      <trkpt lat="50.857805" lon="12.924854">
        <ele>290.312373</ele>
        <time>2026-05-14T12:02:42.920Z</time>
      </trkpt>
      <trkpt lat="50.858179" lon="12.924564">
        <ele>289.901299</ele>
        <time>2026-05-14T12:02:48.709Z</time>
      </trkpt>
      <trkpt lat="50.858494" lon="12.924369">
        <ele>289.567427</ele>
        <time>2026-05-14T12:02:52.953Z</time>
      </trkpt>
      <trkpt lat="50.858610" lon="12.924227">
        <ele>289.422705</ele>
        <time>2026-05-14T12:02:54.694Z</time>
      </trkpt>
      <trkpt lat="50.859137" lon="12.923414">
        <ele>288.696519</ele>
        <time>2026-05-14T12:03:02.936Z</time>
      </trkpt>
      <trkpt lat="50.859301" lon="12.923097">
        <ele>288.428481</ele>
        <time>2026-05-14T12:03:05.812Z</time>
      </trkpt>
      <trkpt lat="50.859314" lon="12.923013">
        <ele>288.371312</ele>
        <time>2026-05-14T12:03:06.419Z</time>
      </trkpt>
      <trkpt lat="50.859299" lon="12.922894">
        <ele>288.291099</ele>
        <time>2026-05-14T12:03:07.283Z</time>
      </trkpt>
      <trkpt lat="50.859315" lon="12.922834">
        <ele>288.248045</ele>
        <time>2026-05-14T12:03:07.750Z</time>
      </trkpt>
      <trkpt lat="50.859480" lon="12.922594">
        <ele>288.013479</ele>
        <time>2026-05-14T12:03:10.311Z</time>
      </trkpt>
      <trkpt lat="50.859522" lon="12.922535">
        <ele>287.954697</ele>
        <time>2026-05-14T12:03:10.969Z</time>
      </trkpt>
      <trkpt lat="50.859587" lon="12.922609">
        <ele>287.870878</ele>
        <time>2026-05-14T12:03:11.902Z</time>
      </trkpt>
      <trkpt lat="50.859633" lon="12.922591">
        <ele>287.821261</ele>
        <time>2026-05-14T12:03:12.463Z</time>
      </trkpt>
      <trkpt lat="50.859722" lon="12.922433">
        <ele>287.681285</ele>
        <time>2026-05-14T12:03:14.072Z</time>
      </trkpt>
      <trkpt lat="50.859896" lon="12.921982">
        <ele>287.331900</ele>
        <time>2026-05-14T12:03:18.219Z</time>
      </trkpt>
      <trkpt lat="50.860448" lon="12.921060">
        <ele>286.678854</ele>
        <time>2026-05-14T12:03:29.209Z</time>
      </trkpt>
      <trkpt lat="50.861105" lon="12.920121">
        <ele>286.385362</ele>
        <time>2026-05-14T12:03:41.199Z</time>
      </trkpt>
      <trkpt lat="50.861614" lon="12.919593">
        <ele>286.183562</ele>
        <time>2026-05-14T12:03:49.465Z</time>
      </trkpt>
      <trkpt lat="50.863903" lon="12.917674">
        <ele>285.848511</ele>
        <time>2026-05-14T12:04:28.059Z</time>
      </trkpt>
      <trkpt lat="50.864268" lon="12.917297">
        <ele>285.702670</ele>
        <time>2026-05-14T12:04:34.035Z</time>
      </trkpt>
      <trkpt lat="50.864376" lon="12.917202">
        <ele>285.661323</ele>
        <time>2026-05-14T12:04:35.644Z</time>
      </trkpt>
      <trkpt lat="50.864572" lon="12.917128">
        <ele>285.593881</ele>
        <time>2026-05-14T12:04:38.221Z</time>
      </trkpt>
      <trkpt lat="50.864944" lon="12.916877">
        <ele>285.441627</ele>
        <time>2026-05-14T12:04:43.272Z</time>
      </trkpt>
      <trkpt lat="50.865543" lon="12.916561">
        <ele>285.136061</ele>
        <time>2026-05-14T12:04:51.080Z</time>
      </trkpt>
      <trkpt lat="50.865759" lon="12.916396">
        <ele>285.020000</ele>
        <time>2026-05-14T12:04:54.148Z</time>
      </trkpt>
      <trkpt lat="50.866016" lon="12.916097">
        <ele>284.865679</ele>
        <time>2026-05-14T12:04:58.359Z</time>
      </trkpt>
      <trkpt lat="50.866194" lon="12.915787">
        <ele>284.737657</ele>
        <time>2026-05-14T12:05:02.061Z</time>
      </trkpt>
      <trkpt lat="50.866345" lon="12.915407">
        <ele>284.639885</ele>
        <time>2026-05-14T12:05:06.432Z</time>
      </trkpt>
      <trkpt lat="50.866409" lon="12.915184">
        <ele>284.680935</ele>
        <time>2026-05-14T12:05:08.962Z</time>
      </trkpt>
      <trkpt lat="50.866490" lon="12.914678">
        <ele>284.768410</ele>
        <time>2026-05-14T12:05:14.580Z</time>
      </trkpt>
      <trkpt lat="50.866522" lon="12.914222">
        <ele>284.845292</ele>
        <time>2026-05-14T12:05:19.619Z</time>
      </trkpt>
      <trkpt lat="50.866530" lon="12.913897">
        <ele>284.899794</ele>
        <time>2026-05-14T12:05:23.101Z</time>
      </trkpt>
      <trkpt lat="50.866702" lon="12.912659">
        <ele>285.100971</ele>
        <time>2026-05-14T12:05:35.481Z</time>
      </trkpt>
      <trkpt lat="50.866704" lon="12.912412">
        <ele>285.089071</ele>
        <time>2026-05-14T12:05:37.774Z</time>
      </trkpt>
      <trkpt lat="50.866705" lon="12.912216">
        <ele>285.079629</ele>
        <time>2026-05-14T12:05:39.562Z</time>
      </trkpt>
      <trkpt lat="50.866643" lon="12.911959">
        <ele>285.066375</ele>
        <time>2026-05-14T12:05:42.026Z</time>
      </trkpt>
      <trkpt lat="50.866537" lon="12.911712">
        <ele>285.051987</ele>
        <time>2026-05-14T12:05:44.670Z</time>
      </trkpt>
      <trkpt lat="50.866457" lon="12.911437">
        <ele>285.037400</ele>
        <time>2026-05-14T12:05:47.328Z</time>
      </trkpt>
      <trkpt lat="50.866464" lon="12.911158">
        <ele>285.023949</ele>
        <time>2026-05-14T12:05:49.759Z</time>
      </trkpt>
      <trkpt lat="50.866176" lon="12.909907">
        <ele>284.942625</ele>
        <time>2026-05-14T12:06:01.845Z</time>
      </trkpt>
      <trkpt lat="50.866047" lon="12.909348">
        <ele>284.836935</ele>
        <time>2026-05-14T12:06:07.818Z</time>
      </trkpt>
      <trkpt lat="50.866005" lon="12.908888">
        <ele>284.754402</ele>
        <time>2026-05-14T12:06:12.410Z</time>
      </trkpt>
      <trkpt lat="50.866002" lon="12.908583">
        <ele>284.700236</ele>
        <time>2026-05-14T12:06:15.264Z</time>
      </trkpt>
      <trkpt lat="50.866034" lon="12.907947">
        <ele>284.586941</ele>
        <time>2026-05-14T12:06:20.803Z</time>
      </trkpt>
      <trkpt lat="50.866129" lon="12.907396">
        <ele>284.485514</ele>
        <time>2026-05-14T12:06:25.431Z</time>
      </trkpt>
      <trkpt lat="50.866332" lon="12.906768">
        <ele>284.191061</ele>
        <time>2026-05-14T12:06:30.837Z</time>
      </trkpt>
      <trkpt lat="50.866614" lon="12.906223">
        <ele>283.854046</ele>
        <time>2026-05-14T12:06:36.079Z</time>
      </trkpt>
      <trkpt lat="50.867027" lon="12.905656">
        <ele>283.439990</ele>
        <time>2026-05-14T12:06:42.567Z</time>
      </trkpt>
      <trkpt lat="50.867207" lon="12.905250">
        <ele>283.202725</ele>
        <time>2026-05-14T12:06:46.777Z</time>
      </trkpt>
      <trkpt lat="50.867276" lon="12.905152">
        <ele>283.132515</ele>
        <time>2026-05-14T12:06:48.146Z</time>
      </trkpt>
      <trkpt lat="50.867312" lon="12.905245">
        <ele>283.108089</ele>
        <time>2026-05-14T12:06:49.236Z</time>
      </trkpt>
      <trkpt lat="50.867487" lon="12.905773">
        <ele>283.289215</ele>
        <time>2026-05-14T12:06:55.726Z</time>
      </trkpt>
      <trkpt lat="50.867551" lon="12.906004">
        <ele>283.365834</ele>
        <time>2026-05-14T12:06:58.684Z</time>
      </trkpt>
      <trkpt lat="50.867607" lon="12.906288">
        <ele>283.456198</ele>
        <time>2026-05-14T12:07:02.203Z</time>
      </trkpt>
      <trkpt lat="50.867632" lon="12.906591">
        <ele>283.549004</ele>
        <time>2026-05-14T12:07:05.628Z</time>
      </trkpt>
      <trkpt lat="50.867633" lon="12.906679">
        <ele>283.575735</ele>
        <time>2026-05-14T12:07:06.537Z</time>
      </trkpt>
      <trkpt lat="50.867635" lon="12.906781">
        <ele>283.606728</ele>
        <time>2026-05-14T12:07:07.706Z</time>
      </trkpt>
      <trkpt lat="50.867684" lon="12.907302">
        <ele>283.766706</ele>
        <time>2026-05-14T12:07:13.232Z</time>
      </trkpt>
      <trkpt lat="50.867778" lon="12.907737">
        <ele>283.906347</ele>
        <time>2026-05-14T12:07:18.315Z</time>
      </trkpt>
      <trkpt lat="50.867871" lon="12.908204">
        <ele>284.037254</ele>
        <time>2026-05-14T12:07:23.545Z</time>
      </trkpt>
      <trkpt lat="50.867878" lon="12.908247">
        <ele>284.048135</ele>
        <time>2026-05-14T12:07:23.996Z</time>
      </trkpt>
      <trkpt lat="50.867914" lon="12.908874">
        <ele>284.202399</ele>
        <time>2026-05-14T12:07:30.095Z</time>
      </trkpt>
      <trkpt lat="50.867920" lon="12.909196">
        <ele>284.281331</ele>
        <time>2026-05-14T12:07:33.018Z</time>
      </trkpt>
      <trkpt lat="50.867927" lon="12.909513">
        <ele>284.359051</ele>
        <time>2026-05-14T12:07:35.771Z</time>
      </trkpt>
      <trkpt lat="50.867945" lon="12.909870">
        <ele>284.446803</ele>
        <time>2026-05-14T12:07:39.070Z</time>
      </trkpt>
      <trkpt lat="50.867990" lon="12.910793">
        <ele>284.675938</ele>
        <time>2026-05-14T12:07:50.140Z</time>
      </trkpt>
      <trkpt lat="50.868001" lon="12.910991">
        <ele>284.733649</ele>
        <time>2026-05-14T12:07:52.558Z</time>
      </trkpt>
      <trkpt lat="50.868014" lon="12.911284">
        <ele>284.818930</ele>
        <time>2026-05-14T12:07:55.921Z</time>
      </trkpt>
      <trkpt lat="50.868055" lon="12.911990">
        <ele>285.024779</ele>
        <time>2026-05-14T12:08:03.630Z</time>
      </trkpt>
      <trkpt lat="50.868116" lon="12.912224">
        <ele>285.098288</ele>
        <time>2026-05-14T12:08:06.318Z</time>
      </trkpt>
      <trkpt lat="50.868420" lon="12.911838">
        <ele>285.277509</ele>
        <time>2026-05-14T12:08:12.737Z</time>
      </trkpt>
      <trkpt lat="50.868510" lon="12.911745">
        <ele>285.326940</ele>
        <time>2026-05-14T12:08:14.489Z</time>
      </trkpt>
      <trkpt lat="50.868728" lon="12.911533">
        <ele>285.444614</ele>
        <time>2026-05-14T12:08:18.636Z</time>
      </trkpt>
      <trkpt lat="50.869788" lon="12.910696">
        <ele>285.387859</ele>
        <time>2026-05-14T12:08:35.329Z</time>
      </trkpt>
      <trkpt lat="50.869983" lon="12.910539">
        <ele>285.367610</ele>
        <time>2026-05-14T12:08:38.597Z</time>
      </trkpt>
      <trkpt lat="50.870196" lon="12.910372">
        <ele>285.345609</ele>
        <time>2026-05-14T12:08:42.062Z</time>
      </trkpt>
      <trkpt lat="50.870603" lon="12.910064">
        <ele>285.358165</ele>
        <time>2026-05-14T12:08:48.427Z</time>
      </trkpt>
      <trkpt lat="50.870696" lon="12.909994">
        <ele>285.376964</ele>
        <time>2026-05-14T12:08:49.883Z</time>
      </trkpt>
      <trkpt lat="50.870866" lon="12.909856">
        <ele>285.411839</ele>
        <time>2026-05-14T12:08:52.549Z</time>
      </trkpt>
      <trkpt lat="50.871157" lon="12.909632">
        <ele>285.470908</ele>
        <time>2026-05-14T12:08:57.198Z</time>
      </trkpt>
      <trkpt lat="50.871380" lon="12.910306">
        <ele>285.558594</ele>
        <time>2026-05-14T12:09:04.340Z</time>
      </trkpt>
      <trkpt lat="50.871412" lon="12.910406">
        <ele>285.571512</ele>
        <time>2026-05-14T12:09:05.479Z</time>
      </trkpt>
      <trkpt lat="50.871480" lon="12.910648">
        <ele>285.602035</ele>
        <time>2026-05-14T12:09:08.185Z</time>
      </trkpt>
      <trkpt lat="50.871594" lon="12.911067">
        <ele>285.675343</ele>
        <time>2026-05-14T12:09:13.297Z</time>
      </trkpt>
      <trkpt lat="50.871664" lon="12.911423">
        <ele>285.936630</ele>
        <time>2026-05-14T12:09:17.847Z</time>
      </trkpt>
      <trkpt lat="50.871703" lon="12.911712">
        <ele>286.143718</ele>
        <time>2026-05-14T12:09:21.625Z</time>
      </trkpt>
      <trkpt lat="50.871740" lon="12.912905">
        <ele>286.980691</ele>
        <time>2026-05-14T12:09:37.642Z</time>
      </trkpt>
      <trkpt lat="50.871838" lon="12.913825">
        <ele>287.634477</ele>
        <time>2026-05-14T12:09:48.551Z</time>
      </trkpt>
      <trkpt lat="50.871967" lon="12.914210">
        <ele>288.294125</ele>
        <time>2026-05-14T12:09:53.163Z</time>
      </trkpt>
      <trkpt lat="50.872105" lon="12.914479">
        <ele>288.831520</ele>
        <time>2026-05-14T12:09:56.763Z</time>
      </trkpt>
      <trkpt lat="50.872328" lon="12.914774">
        <ele>289.545092</ele>
        <time>2026-05-14T12:10:02.028Z</time>
      </trkpt>
      <trkpt lat="50.872413" lon="12.914948">
        <ele>289.886190</ele>
        <time>2026-05-14T12:10:04.810Z</time>
      </trkpt>
      <trkpt lat="50.872441" lon="12.915057">
        <ele>290.068617</ele>
        <time>2026-05-14T12:10:06.391Z</time>
      </trkpt>
      <trkpt lat="50.872452" lon="12.915134">
        <ele>290.190998</ele>
        <time>2026-05-14T12:10:07.461Z</time>
      </trkpt>
      <trkpt lat="50.872510" lon="12.915451">
        <ele>290.702627</ele>
        <time>2026-05-14T12:10:12.283Z</time>
      </trkpt>
      <trkpt lat="50.872586" lon="12.915577">
        <ele>290.972815</ele>
        <time>2026-05-14T12:10:15.050Z</time>
      </trkpt>
      <trkpt lat="50.872728" lon="12.915651">
        <ele>291.340007</ele>
        <time>2026-05-14T12:10:19.158Z</time>
      </trkpt>
      <trkpt lat="50.873267" lon="12.915626">
        <ele>294.059003</ele>
        <time>2026-05-14T12:10:39.315Z</time>
      </trkpt>
      <trkpt lat="50.873508" lon="12.915657">
        <ele>296.036520</ele>
        <time>2026-05-14T12:10:50.647Z</time>
      </trkpt>
      <trkpt lat="50.873884" lon="12.915782">
        <ele>299.178599</ele>
        <time>2026-05-14T12:11:10.198Z</time>
      </trkpt>
      <trkpt lat="50.873998" lon="12.915850">
        <ele>300.174816</ele>
        <time>2026-05-14T12:11:16.764Z</time>
      </trkpt>
      <trkpt lat="50.874045" lon="12.915893">
        <ele>300.618669</ele>
        <time>2026-05-14T12:11:19.677Z</time>
      </trkpt>
      <trkpt lat="50.874406" lon="12.916434">
        <ele>304.682225</ele>
        <time>2026-05-14T12:11:46.564Z</time>
      </trkpt>
      <trkpt lat="50.875035" lon="12.917412">
        <ele>310.638148</ele>
        <time>2026-05-14T12:12:29.795Z</time>
      </trkpt>
      <trkpt lat="50.875100" lon="12.917616">
        <ele>311.528986</ele>
        <time>2026-05-14T12:12:35.719Z</time>
      </trkpt>
      <trkpt lat="50.875134" lon="12.918196">
        <ele>313.799610</ele>
        <time>2026-05-14T12:12:49.445Z</time>
      </trkpt>
      <trkpt lat="50.875174" lon="12.919184">
        <ele>317.658832</ele>
        <time>2026-05-14T12:13:09.240Z</time>
      </trkpt>
      <trkpt lat="50.875237" lon="12.920864">
        <ele>321.298992</ele>
        <time>2026-05-14T12:13:40.004Z</time>
      </trkpt>
      <trkpt lat="50.875256" lon="12.920909">
        <ele>321.412712</ele>
        <time>2026-05-14T12:13:40.947Z</time>
      </trkpt>
      <trkpt lat="50.875360" lon="12.920983">
        <ele>321.792163</ele>
        <time>2026-05-14T12:13:44.053Z</time>
      </trkpt>
      <trkpt lat="50.875547" lon="12.921029">
        <ele>322.422039</ele>
        <time>2026-05-14T12:13:49.215Z</time>
      </trkpt>
      <trkpt lat="50.875654" lon="12.921094">
        <ele>322.803454</ele>
        <time>2026-05-14T12:13:52.357Z</time>
      </trkpt>
      <trkpt lat="50.875832" lon="12.921274">
        <ele>323.506261</ele>
        <time>2026-05-14T12:13:58.168Z</time>
      </trkpt>
      <trkpt lat="50.876609" lon="12.922668">
        <ele>325.880997</ele>
        <time>2026-05-14T12:14:26.872Z</time>
      </trkpt>
      <trkpt lat="50.877827" lon="12.924611">
        <ele>328.566419</ele>
        <time>2026-05-14T12:14:59.225Z</time>
      </trkpt>
      <trkpt lat="50.878655" lon="12.925957">
        <ele>330.483631</ele>
        <time>2026-05-14T12:15:24.791Z</time>
      </trkpt>
      <trkpt lat="50.878727" lon="12.926151">
        <ele>330.806464</ele>
        <time>2026-05-14T12:15:28.228Z</time>
      </trkpt>
      <trkpt lat="50.878786" lon="12.926374">
        <ele>331.153306</ele>
        <time>2026-05-14T12:15:31.974Z</time>
      </trkpt>
      <trkpt lat="50.879271" lon="12.927299">
        <ele>332.878387</ele>
        <time>2026-05-14T12:15:50.867Z</time>
      </trkpt>
      <trkpt lat="50.879669" lon="12.928235">
        <ele>334.521773</ele>
        <time>2026-05-14T12:16:08.256Z</time>
      </trkpt>
      <trkpt lat="50.879924" lon="12.928860">
        <ele>335.622387</ele>
        <time>2026-05-14T12:16:19.622Z</time>
      </trkpt>
      <trkpt lat="50.880262" lon="12.929729">
        <ele>337.131960</ele>
        <time>2026-05-14T12:16:34.683Z</time>
      </trkpt>
      <trkpt lat="50.880356" lon="12.930056">
        <ele>337.663326</ele>
        <time>2026-05-14T12:16:40.157Z</time>
      </trkpt>
      <trkpt lat="50.880361" lon="12.930324">
        <ele>338.066351</ele>
        <time>2026-05-14T12:16:44.394Z</time>
      </trkpt>
      <trkpt lat="50.880301" lon="12.930712">
        <ele>338.685530</ele>
        <time>2026-05-14T12:16:50.873Z</time>
      </trkpt>
      <trkpt lat="50.881604" lon="12.931679">
        <ele>342.219946</ele>
        <time>2026-05-14T12:17:26.817Z</time>
      </trkpt>
      <trkpt lat="50.881912" lon="12.931902">
        <ele>342.926377</ele>
        <time>2026-05-14T12:17:34.970Z</time>
      </trkpt>
      <trkpt lat="50.883156" lon="12.932791">
        <ele>345.686162</ele>
        <time>2026-05-14T12:18:05.672Z</time>
      </trkpt>
      <trkpt lat="50.883637" lon="12.932862">
        <ele>346.775100</ele>
        <time>2026-05-14T12:18:16.212Z</time>
      </trkpt>
      <trkpt lat="50.883709" lon="12.932872">
        <ele>346.945219</ele>
        <time>2026-05-14T12:18:17.849Z</time>
      </trkpt>
      <trkpt lat="50.884194" lon="12.932953">
        <ele>348.093107</ele>
        <time>2026-05-14T12:18:29.530Z</time>
      </trkpt>
      <trkpt lat="50.884499" lon="12.933039">
        <ele>348.822272</ele>
        <time>2026-05-14T12:18:37.596Z</time>
      </trkpt>
      <trkpt lat="50.884696" lon="12.933139">
        <ele>349.309158</ele>
        <time>2026-05-14T12:18:43.001Z</time>
      </trkpt>
      <trkpt lat="50.885016" lon="12.933406">
        <ele>350.160337</ele>
        <time>2026-05-14T12:18:52.350Z</time>
      </trkpt>
      <trkpt lat="50.885165" lon="12.933550">
        <ele>350.396071</ele>
        <time>2026-05-14T12:18:56.708Z</time>
      </trkpt>
      <trkpt lat="50.885358" lon="12.933893">
        <ele>350.744605</ele>
        <time>2026-05-14T12:19:03.564Z</time>
      </trkpt>
      <trkpt lat="50.885443" lon="12.934118">
        <ele>350.943482</ele>
        <time>2026-05-14T12:19:07.313Z</time>
      </trkpt>
      <trkpt lat="50.885517" lon="12.934574">
        <ele>351.300536</ele>
        <time>2026-05-14T12:19:13.582Z</time>
      </trkpt>
      <trkpt lat="50.885339" lon="12.936806">
        <ele>352.637070</ele>
        <time>2026-05-14T12:19:36.147Z</time>
      </trkpt>
      <trkpt lat="50.885386" lon="12.937337">
        <ele>352.805629</ele>
        <time>2026-05-14T12:19:42.193Z</time>
      </trkpt>
      <trkpt lat="50.885428" lon="12.937645">
        <ele>352.904686</ele>
        <time>2026-05-14T12:19:45.805Z</time>
      </trkpt>
      <trkpt lat="50.885370" lon="12.938973">
        <ele>353.165238</ele>
        <time>2026-05-14T12:20:00.411Z</time>
      </trkpt>
      <trkpt lat="50.885223" lon="12.939493">
        <ele>352.794918</ele>
        <time>2026-05-14T12:20:05.828Z</time>
      </trkpt>
      <trkpt lat="50.885135" lon="12.939779">
        <ele>352.588121</ele>
        <time>2026-05-14T12:20:08.540Z</time>
      </trkpt>
      <trkpt lat="50.885017" lon="12.940160">
        <ele>352.312283</ele>
        <time>2026-05-14T12:20:11.862Z</time>
      </trkpt>
      <trkpt lat="50.884823" lon="12.940783">
        <ele>351.860763</ele>
        <time>2026-05-14T12:20:16.780Z</time>
      </trkpt>
      <trkpt lat="50.884671" lon="12.941276">
        <ele>351.504149</ele>
        <time>2026-05-14T12:20:20.502Z</time>
      </trkpt>
      <trkpt lat="50.884531" lon="12.941601">
        <ele>351.034594</ele>
        <time>2026-05-14T12:20:23.181Z</time>
      </trkpt>
      <trkpt lat="50.884030" lon="12.942571">
        <ele>349.197793</ele>
        <time>2026-05-14T12:20:31.716Z</time>
      </trkpt>
      <trkpt lat="50.883979" lon="12.942664">
        <ele>349.017244</ele>
        <time>2026-05-14T12:20:32.536Z</time>
      </trkpt>
      <trkpt lat="50.883877" lon="12.942851">
        <ele>348.655040</ele>
        <time>2026-05-14T12:20:34.177Z</time>
      </trkpt>
      <trkpt lat="50.883778" lon="12.943032">
        <ele>348.304042</ele>
        <time>2026-05-14T12:20:35.767Z</time>
      </trkpt>
      <trkpt lat="50.883542" lon="12.943475">
        <ele>347.454486</ele>
        <time>2026-05-14T12:20:39.637Z</time>
      </trkpt>
      <trkpt lat="50.883468" lon="12.943656">
        <ele>347.148544</ele>
        <time>2026-05-14T12:20:41.078Z</time>
      </trkpt>
      <trkpt lat="50.883426" lon="12.943913">
        <ele>346.797603</ele>
        <time>2026-05-14T12:20:42.866Z</time>
      </trkpt>
      <trkpt lat="50.883300" lon="12.945423">
        <ele>344.784149</ele>
        <time>2026-05-14T12:20:53.284Z</time>
      </trkpt>
      <trkpt lat="50.883271" lon="12.945761">
        <ele>344.333233</ele>
        <time>2026-05-14T12:20:55.643Z</time>
      </trkpt>
      <trkpt lat="50.883251" lon="12.945979">
        <ele>344.042027</ele>
        <time>2026-05-14T12:20:57.192Z</time>
      </trkpt>
      <trkpt lat="50.883211" lon="12.946345">
        <ele>343.551004</ele>
        <time>2026-05-14T12:20:59.791Z</time>
      </trkpt>
      <trkpt lat="50.883160" lon="12.946804">
        <ele>343.148638</ele>
        <time>2026-05-14T12:21:03.058Z</time>
      </trkpt>
      <trkpt lat="50.883136" lon="12.947028">
        <ele>342.967609</ele>
        <time>2026-05-14T12:21:04.681Z</time>
      </trkpt>
      <trkpt lat="50.883094" lon="12.947399">
        <ele>342.667290</ele>
        <time>2026-05-14T12:21:07.455Z</time>
      </trkpt>
      <trkpt lat="50.883087" lon="12.947459">
        <ele>342.618674</ele>
        <time>2026-05-14T12:21:07.917Z</time>
      </trkpt>
      <trkpt lat="50.883048" lon="12.947810">
        <ele>342.334707</ele>
        <time>2026-05-14T12:21:10.607Z</time>
      </trkpt>
      <trkpt lat="50.882990" lon="12.948327">
        <ele>341.916320</ele>
        <time>2026-05-14T12:21:14.590Z</time>
      </trkpt>
      <trkpt lat="50.882867" lon="12.949339">
        <ele>341.282615</ele>
        <time>2026-05-14T12:21:22.317Z</time>
      </trkpt>
      <trkpt lat="50.882804" lon="12.949627">
        <ele>341.468182</ele>
        <time>2026-05-14T12:21:24.678Z</time>
      </trkpt>
      <trkpt lat="50.882738" lon="12.949885">
        <ele>341.637667</ele>
        <time>2026-05-14T12:21:27.058Z</time>
      </trkpt>
      <trkpt lat="50.882414" lon="12.950779">
        <ele>342.265319</ele>
        <time>2026-05-14T12:21:39.186Z</time>
      </trkpt>
      <trkpt lat="50.882330" lon="12.951008">
        <ele>342.426580</ele>
        <time>2026-05-14T12:21:42.838Z</time>
      </trkpt>
      <trkpt lat="50.882184" lon="12.951404">
        <ele>342.705803</ele>
        <time>2026-05-14T12:21:49.492Z</time>
      </trkpt>
      <trkpt lat="50.882155" lon="12.951485">
        <ele>342.762501</ele>
        <time>2026-05-14T12:21:50.908Z</time>
      </trkpt>
      <trkpt lat="50.881893" lon="12.952221">
        <ele>343.857957</ele>
        <time>2026-05-14T12:22:04.989Z</time>
      </trkpt>
      <trkpt lat="50.880925" lon="12.954888">
        <ele>347.491597</ele>
        <time>2026-05-14T12:22:54.924Z</time>
      </trkpt>
      <trkpt lat="50.880765" lon="12.955319">
        <ele>347.398098</ele>
        <time>2026-05-14T12:22:59.938Z</time>
      </trkpt>
      <trkpt lat="50.880690" lon="12.955385">
        <ele>347.372677</ele>
        <time>2026-05-14T12:23:01.114Z</time>
      </trkpt>
      <trkpt lat="50.880619" lon="12.955887">
        <ele>347.276487</ele>
        <time>2026-05-14T12:23:06.774Z</time>
      </trkpt>
      <trkpt lat="50.880580" lon="12.956123">
        <ele>347.230874</ele>
        <time>2026-05-14T12:23:09.254Z</time>
      </trkpt>
      <trkpt lat="50.880628" lon="12.957267">
        <ele>345.907866</ele>
        <time>2026-05-14T12:23:19.916Z</time>
      </trkpt>
      <trkpt lat="50.880634" lon="12.958807">
        <ele>342.023373</ele>
        <time>2026-05-14T12:23:33.465Z</time>
      </trkpt>
      <trkpt lat="50.880620" lon="12.959350">
        <ele>340.652594</ele>
        <time>2026-05-14T12:23:38.184Z</time>
      </trkpt>
      <trkpt lat="50.880577" lon="12.961002">
        <ele>335.837905</ele>
        <time>2026-05-14T12:23:52.342Z</time>
      </trkpt>
      <trkpt lat="50.880486" lon="12.963004">
        <ele>330.545273</ele>
        <time>2026-05-14T12:24:09.527Z</time>
      </trkpt>
      <trkpt lat="50.880413" lon="12.963482">
        <ele>329.756835</ele>
        <time>2026-05-14T12:24:14.017Z</time>
      </trkpt>
      <trkpt lat="50.880171" lon="12.964711">
        <ele>327.692827</ele>
        <time>2026-05-14T12:24:26.844Z</time>
      </trkpt>
      <trkpt lat="50.879932" lon="12.966233">
        <ele>325.806542</ele>
        <time>2026-05-14T12:24:44.427Z</time>
      </trkpt>
      <trkpt lat="50.879685" lon="12.967446">
        <ele>324.552530</ele>
        <time>2026-05-14T12:24:57.852Z</time>
      </trkpt>
      <trkpt lat="50.879211" lon="12.969236">
        <ele>322.000957</ele>
        <time>2026-05-14T12:25:16.219Z</time>
      </trkpt>
      <trkpt lat="50.879068" lon="12.969610">
        <ele>321.367281</ele>
        <time>2026-05-14T12:25:20.225Z</time>
      </trkpt>
      <trkpt lat="50.878814" lon="12.970092">
        <ele>320.457295</ele>
        <time>2026-05-14T12:25:26.214Z</time>
      </trkpt>
      <trkpt lat="50.878552" lon="12.970224">
        <ele>319.884212</ele>
        <time>2026-05-14T12:25:30.644Z</time>
      </trkpt>
      <trkpt lat="50.878161" lon="12.970342">
        <ele>320.203684</ele>
        <time>2026-05-14T12:25:37.954Z</time>
      </trkpt>
      <trkpt lat="50.877619" lon="12.970777">
        <ele>320.691318</ele>
        <time>2026-05-14T12:25:54.096Z</time>
      </trkpt>
      <trkpt lat="50.877135" lon="12.971457">
        <ele>321.210470</ele>
        <time>2026-05-14T12:26:13.546Z</time>
      </trkpt>
      <trkpt lat="50.876626" lon="12.972027">
        <ele>320.308840</ele>
        <time>2026-05-14T12:26:27.469Z</time>
      </trkpt>
      <trkpt lat="50.876652" lon="12.972077">
        <ele>320.226053</ele>
        <time>2026-05-14T12:26:27.967Z</time>
      </trkpt>
      <trkpt lat="50.877215" lon="12.973136">
        <ele>318.456668</ele>
        <time>2026-05-14T12:26:37.065Z</time>
      </trkpt>
      <trkpt lat="50.877225" lon="12.973258">
        <ele>318.299474</ele>
        <time>2026-05-14T12:26:37.810Z</time>
      </trkpt>
      <trkpt lat="50.877187" lon="12.973361">
        <ele>318.147022</ele>
        <time>2026-05-14T12:26:38.526Z</time>
      </trkpt>
      <trkpt lat="50.876960" lon="12.973618">
        <ele>317.496608</ele>
        <time>2026-05-14T12:26:41.159Z</time>
      </trkpt>
      <trkpt lat="50.876809" lon="12.973899">
        <ele>316.569117</ele>
        <time>2026-05-14T12:26:43.391Z</time>
      </trkpt>
      <trkpt lat="50.876700" lon="12.974265">
        <ele>315.552098</ele>
        <time>2026-05-14T12:26:45.876Z</time>
      </trkpt>
      <trkpt lat="50.876828" lon="12.974506">
        <ele>314.760507</ele>
        <time>2026-05-14T12:26:47.812Z</time>
      </trkpt>
      <trkpt lat="50.877099" lon="12.974775">
        <ele>313.487040</ele>
        <time>2026-05-14T12:26:50.917Z</time>
      </trkpt>
      <trkpt lat="50.877262" lon="12.974912">
        <ele>312.752257</ele>
        <time>2026-05-14T12:26:52.721Z</time>
      </trkpt>
      <trkpt lat="50.877272" lon="12.974916">
        <ele>312.711183</ele>
        <time>2026-05-14T12:26:52.821Z</time>
      </trkpt>
      <trkpt lat="50.877403" lon="12.974974">
        <ele>312.169502</ele>
        <time>2026-05-14T12:26:54.163Z</time>
      </trkpt>
      <trkpt lat="50.877705" lon="12.975101">
        <ele>310.925174</ele>
        <time>2026-05-14T12:26:57.269Z</time>
      </trkpt>
      <trkpt lat="50.878010" lon="12.975298">
        <ele>309.814730</ele>
        <time>2026-05-14T12:27:00.540Z</time>
      </trkpt>
      <trkpt lat="50.878638" lon="12.975360">
        <ele>307.872897</ele>
        <time>2026-05-14T12:27:06.873Z</time>
      </trkpt>
      <trkpt lat="50.878946" lon="12.975366">
        <ele>306.922304</ele>
        <time>2026-05-14T12:27:09.988Z</time>
      </trkpt>
      <trkpt lat="50.879037" lon="12.975396">
        <ele>306.635456</ele>
        <time>2026-05-14T12:27:10.936Z</time>
      </trkpt>
      <trkpt lat="50.879562" lon="12.975771">
        <ele>304.898580</ele>
        <time>2026-05-14T12:27:16.956Z</time>
      </trkpt>
      <trkpt lat="50.880226" lon="12.976121">
        <ele>303.623160</ele>
        <time>2026-05-14T12:27:24.652Z</time>
      </trkpt>
      <trkpt lat="50.880562" lon="12.976536">
        <ele>302.846750</ele>
        <time>2026-05-14T12:27:29.655Z</time>
      </trkpt>
      <trkpt lat="50.880782" lon="12.976901">
        <ele>302.266256</ele>
        <time>2026-05-14T12:27:33.258Z</time>
      </trkpt>
      <trkpt lat="50.881204" lon="12.977436">
        <ele>301.269931</ele>
        <time>2026-05-14T12:27:39.410Z</time>
      </trkpt>
      <trkpt lat="50.881682" lon="12.978002">
        <ele>300.151261</ele>
        <time>2026-05-14T12:27:46.013Z</time>
      </trkpt>
      <trkpt lat="50.882011" lon="12.978272">
        <ele>299.456646</ele>
        <time>2026-05-14T12:27:50.107Z</time>
      </trkpt>
      <trkpt lat="50.882061" lon="12.978328">
        <ele>299.341860</ele>
        <time>2026-05-14T12:27:50.782Z</time>
      </trkpt>
      <trkpt lat="50.882354" lon="12.979002">
        <ele>298.373661</ele>
        <time>2026-05-14T12:27:56.579Z</time>
      </trkpt>
      <trkpt lat="50.882719" lon="12.979606">
        <ele>296.906845</ele>
        <time>2026-05-14T12:28:02.298Z</time>
      </trkpt>
      <trkpt lat="50.882851" lon="12.979824">
        <ele>296.364294</ele>
        <time>2026-05-14T12:28:04.273Z</time>
      </trkpt>
      <trkpt lat="50.883723" lon="12.981152">
        <ele>293.010341</ele>
        <time>2026-05-14T12:28:16.508Z</time>
      </trkpt>
      <trkpt lat="50.883900" lon="12.981342">
        <ele>292.603736</ele>
        <time>2026-05-14T12:28:18.617Z</time>
      </trkpt>
      <trkpt lat="50.884324" lon="12.981509">
        <ele>291.772735</ele>
        <time>2026-05-14T12:28:23.096Z</time>
      </trkpt>
      <trkpt lat="50.884545" lon="12.981803">
        <ele>291.223950</ele>
        <time>2026-05-14T12:28:26.220Z</time>
      </trkpt>
      <trkpt lat="50.884620" lon="12.981912">
        <ele>291.030408</ele>
        <time>2026-05-14T12:28:27.382Z</time>
      </trkpt>
      <trkpt lat="50.884706" lon="12.982037">
        <ele>290.808469</ele>
        <time>2026-05-14T12:28:28.758Z</time>
      </trkpt>
      <trkpt lat="50.885315" lon="12.982839">
        <ele>290.149436</ele>
        <time>2026-05-14T12:28:39.005Z</time>
      </trkpt>
      <trkpt lat="50.885960" lon="12.983449">
        <ele>291.331457</ele>
        <time>2026-05-14T12:28:53.218Z</time>
      </trkpt>
      <trkpt lat="50.886192" lon="12.983807">
        <ele>291.841006</ele>
        <time>2026-05-14T12:29:01.078Z</time>
      </trkpt>
      <trkpt lat="50.886499" lon="12.984716">
        <ele>293.271772</ele>
        <time>2026-05-14T12:29:19.350Z</time>
      </trkpt>
      <trkpt lat="50.886591" lon="12.985062">
        <ele>294.210664</ele>
        <time>2026-05-14T12:29:26.277Z</time>
      </trkpt>
      <trkpt lat="50.886616" lon="12.985739">
        <ele>295.906417</ele>
        <time>2026-05-14T12:29:38.957Z</time>
      </trkpt>
      <trkpt lat="50.886440" lon="12.985557">
        <ele>296.739347</ele>
        <time>2026-05-14T12:29:46.666Z</time>
      </trkpt>
      <trkpt lat="50.886057" lon="12.985075">
        <ele>298.677715</ele>
        <time>2026-05-14T12:30:05.086Z</time>
      </trkpt>
      <trkpt lat="50.885885" lon="12.984924">
        <ele>299.457048</ele>
        <time>2026-05-14T12:30:12.590Z</time>
      </trkpt>
      <trkpt lat="50.885735" lon="12.984953">
        <ele>300.172818</ele>
        <time>2026-05-14T12:30:18.379Z</time>
      </trkpt>
      <trkpt lat="50.885702" lon="12.984986">
        <ele>300.382195</ele>
        <time>2026-05-14T12:30:19.900Z</time>
      </trkpt>
      <trkpt lat="50.885461" lon="12.985231">
        <ele>301.918548</ele>
        <time>2026-05-14T12:30:30.800Z</time>
      </trkpt>
      <trkpt lat="50.884970" lon="12.985773">
        <ele>305.129274</ele>
        <time>2026-05-14T12:30:54.628Z</time>
      </trkpt>
      <trkpt lat="50.884307" lon="12.986800">
        <ele>310.312590</ele>
        <time>2026-05-14T12:31:36.024Z</time>
      </trkpt>
      <trkpt lat="50.884134" lon="12.987077">
        <ele>312.011576</ele>
        <time>2026-05-14T12:31:46.108Z</time>
      </trkpt>
      <trkpt lat="50.882555" lon="12.989469">
        <ele>324.808143</ele>
        <time>2026-05-14T12:33:21.247Z</time>
      </trkpt>
      <trkpt lat="50.882089" lon="12.990089">
        <ele>327.191297</ele>
        <time>2026-05-14T12:33:38.294Z</time>
      </trkpt>
      <trkpt lat="50.881803" lon="12.990457">
        <ele>328.634233</ele>
        <time>2026-05-14T12:33:44.970Z</time>
      </trkpt>
      <trkpt lat="50.881991" lon="12.991295">
        <ele>327.341196</ele>
        <time>2026-05-14T12:33:51.476Z</time>
      </trkpt>
      <trkpt lat="50.882143" lon="12.992023">
        <ele>325.898762</ele>
        <time>2026-05-14T12:33:56.384Z</time>
      </trkpt>
      <trkpt lat="50.882338" lon="12.993420">
        <ele>323.150299</ele>
        <time>2026-05-14T12:34:04.991Z</time>
      </trkpt>
      <trkpt lat="50.882437" lon="12.994195">
        <ele>321.359564</ele>
        <time>2026-05-14T12:34:09.695Z</time>
      </trkpt>
      <trkpt lat="50.882545" lon="12.994721">
        <ele>320.106854</ele>
        <time>2026-05-14T12:34:13.051Z</time>
      </trkpt>
      <trkpt lat="50.882758" lon="12.995475">
        <ele>318.235945</ele>
        <time>2026-05-14T12:34:18.285Z</time>
      </trkpt>
      <trkpt lat="50.882815" lon="12.995680">
        <ele>317.728605</ele>
        <time>2026-05-14T12:34:19.781Z</time>
      </trkpt>
      <trkpt lat="50.882999" lon="12.996600">
        <ele>316.600235</ele>
        <time>2026-05-14T12:34:27.014Z</time>
      </trkpt>
      <trkpt lat="50.883056" lon="12.996973">
        <ele>316.348548</ele>
        <time>2026-05-14T12:34:30.246Z</time>
      </trkpt>
      <trkpt lat="50.883107" lon="12.997848">
        <ele>315.772282</ele>
        <time>2026-05-14T12:34:37.483Z</time>
      </trkpt>
      <trkpt lat="50.883115" lon="12.997939">
        <ele>315.712027</ele>
        <time>2026-05-14T12:34:38.245Z</time>
      </trkpt>
      <trkpt lat="50.883146" lon="12.998192">
        <ele>315.543011</ele>
        <time>2026-05-14T12:34:40.297Z</time>
      </trkpt>
      <trkpt lat="50.883325" lon="12.999167">
        <ele>314.935427</ele>
        <time>2026-05-14T12:34:48.001Z</time>
      </trkpt>
      <trkpt lat="50.883357" lon="12.999401">
        <ele>314.810605</ele>
        <time>2026-05-14T12:34:49.805Z</time>
      </trkpt>
      <trkpt lat="50.883389" lon="12.999708">
        <ele>314.648389</ele>
        <time>2026-05-14T12:34:52.173Z</time>
      </trkpt>
      <trkpt lat="50.883430" lon="13.000096">
        <ele>314.443298</ele>
        <time>2026-05-14T12:34:55.162Z</time>
      </trkpt>
      <trkpt lat="50.883453" lon="13.000307">
        <ele>314.331670</ele>
        <time>2026-05-14T12:34:56.826Z</time>
      </trkpt>
      <trkpt lat="50.883480" lon="13.000565">
        <ele>314.195331</ele>
        <time>2026-05-14T12:34:58.867Z</time>
      </trkpt>
      <trkpt lat="50.883560" lon="13.001258">
        <ele>313.828058</ele>
        <time>2026-05-14T12:35:04.645Z</time>
      </trkpt>
      <trkpt lat="50.883589" lon="13.001490">
        <ele>313.704761</ele>
        <time>2026-05-14T12:35:06.691Z</time>
      </trkpt>
      <trkpt lat="50.883637" lon="13.002064">
        <ele>313.629521</ele>
        <time>2026-05-14T12:35:11.809Z</time>
      </trkpt>
      <trkpt lat="50.883637" lon="13.002094">
        <ele>313.626890</ele>
        <time>2026-05-14T12:35:12.079Z</time>
      </trkpt>
      <trkpt lat="50.883638" lon="13.002487">
        <ele>313.592425</ele>
        <time>2026-05-14T12:35:15.596Z</time>
      </trkpt>
      <trkpt lat="50.883637" lon="13.002529">
        <ele>313.588740</ele>
        <time>2026-05-14T12:35:15.964Z</time>
      </trkpt>
      <trkpt lat="50.883631" lon="13.002705">
        <ele>313.573282</ele>
        <time>2026-05-14T12:35:17.548Z</time>
      </trkpt>
      <trkpt lat="50.883633" lon="13.002968">
        <ele>313.550217</ele>
        <time>2026-05-14T12:35:19.858Z</time>
      </trkpt>
      <trkpt lat="50.883682" lon="13.003463">
        <ele>313.506276</ele>
        <time>2026-05-14T12:35:24.174Z</time>
      </trkpt>
      <trkpt lat="50.883685" lon="13.003867">
        <ele>313.470844</ele>
        <time>2026-05-14T12:35:27.725Z</time>
      </trkpt>
      <trkpt lat="50.883609" lon="13.004112">
        <ele>313.446902</ele>
        <time>2026-05-14T12:35:30.337Z</time>
      </trkpt>
      <trkpt lat="50.883257" lon="13.004934">
        <ele>313.461760</ele>
        <time>2026-05-14T12:35:40.508Z</time>
      </trkpt>
      <trkpt lat="50.883114" lon="13.005326">
        <ele>313.483823</ele>
        <time>2026-05-14T12:35:45.453Z</time>
      </trkpt>
      <trkpt lat="50.882997" lon="13.005643">
        <ele>313.501718</ele>
        <time>2026-05-14T12:35:49.571Z</time>
      </trkpt>
      <trkpt lat="50.882893" lon="13.006032">
        <ele>313.522303</ele>
        <time>2026-05-14T12:35:53.582Z</time>
      </trkpt>
      <trkpt lat="50.882883" lon="13.006097">
        <ele>313.525563</ele>
        <time>2026-05-14T12:35:54.145Z</time>
      </trkpt>
      <trkpt lat="50.882875" lon="13.006379">
        <ele>313.539318</ele>
        <time>2026-05-14T12:35:56.417Z</time>
      </trkpt>
      <trkpt lat="50.882919" lon="13.006583">
        <ele>313.549822</ele>
        <time>2026-05-14T12:35:58.182Z</time>
      </trkpt>
      <trkpt lat="50.883030" lon="13.006647">
        <ele>313.558944</ele>
        <time>2026-05-14T12:35:59.790Z</time>
      </trkpt>
      <trkpt lat="50.883320" lon="13.006516">
        <ele>313.001055</ele>
        <time>2026-05-14T12:36:03.914Z</time>
      </trkpt>
      <trkpt lat="50.883720" lon="13.006307">
        <ele>311.982642</ele>
        <time>2026-05-14T12:36:09.486Z</time>
      </trkpt>
      <trkpt lat="50.883775" lon="13.006327">
        <ele>311.846194</ele>
        <time>2026-05-14T12:36:10.289Z</time>
      </trkpt>
      <trkpt lat="50.883817" lon="13.006395">
        <ele>311.701022</ele>
        <time>2026-05-14T12:36:11.057Z</time>
      </trkpt>
      <trkpt lat="50.883833" lon="13.006460">
        <ele>311.594582</ele>
        <time>2026-05-14T12:36:11.618Z</time>
      </trkpt>
      <trkpt lat="50.883834" lon="13.006510">
        <ele>311.518267</ele>
        <time>2026-05-14T12:36:12.021Z</time>
      </trkpt>
      <trkpt lat="50.883846" lon="13.006966">
        <ele>310.822021</ele>
        <time>2026-05-14T12:36:15.266Z</time>
      </trkpt>
      <trkpt lat="50.883854" lon="13.007016">
        <ele>310.743329</ele>
        <time>2026-05-14T12:36:15.611Z</time>
      </trkpt>
      <trkpt lat="50.883881" lon="13.007170">
        <ele>310.499495</ele>
        <time>2026-05-14T12:36:16.659Z</time>
      </trkpt>
      <trkpt lat="50.883917" lon="13.007382">
        <ele>310.164573</ele>
        <time>2026-05-14T12:36:18.069Z</time>
      </trkpt>
      <trkpt lat="50.883918" lon="13.007504">
        <ele>309.978443</ele>
        <time>2026-05-14T12:36:18.851Z</time>
      </trkpt>
      <trkpt lat="50.883906" lon="13.007998">
        <ele>309.224274</ele>
        <time>2026-05-14T12:36:21.872Z</time>
      </trkpt>
      <trkpt lat="50.884763" lon="13.007890">
        <ele>300.878345</ele>
        <time>2026-05-14T12:36:29.410Z</time>
      </trkpt>
      <trkpt lat="50.884974" lon="13.007848">
        <ele>298.806980</ele>
        <time>2026-05-14T12:36:31.203Z</time>
      </trkpt>
      <trkpt lat="50.885119" lon="13.007820">
        <ele>297.384181</ele>
        <time>2026-05-14T12:36:32.424Z</time>
      </trkpt>
      <trkpt lat="50.885848" lon="13.007822">
        <ele>290.977840</ele>
        <time>2026-05-14T12:36:38.565Z</time>
      </trkpt>
      <trkpt lat="50.885955" lon="13.007877">
        <ele>290.420975</ele>
        <time>2026-05-14T12:36:39.523Z</time>
      </trkpt>
      <trkpt lat="50.886237" lon="13.008112">
        <ele>288.843751</ele>
        <time>2026-05-14T12:36:42.288Z</time>
      </trkpt>
      <trkpt lat="50.886080" lon="13.009275">
        <ele>285.129329</ele>
        <time>2026-05-14T12:36:49.472Z</time>
      </trkpt>
      <trkpt lat="50.886013" lon="13.009494">
        <ele>284.369181</ele>
        <time>2026-05-14T12:36:51.603Z</time>
      </trkpt>
      <trkpt lat="50.885763" lon="13.009939">
        <ele>282.840658</ele>
        <time>2026-05-14T12:36:59.891Z</time>
      </trkpt>
      <trkpt lat="50.885311" lon="13.010640">
        <ele>283.386811</ele>
        <time>2026-05-14T12:37:16.014Z</time>
      </trkpt>
      <trkpt lat="50.885015" lon="13.010944">
        <ele>283.691430</ele>
        <time>2026-05-14T12:37:23.761Z</time>
      </trkpt>
      <trkpt lat="50.884825" lon="13.011069">
        <ele>283.869101</ele>
        <time>2026-05-14T12:37:28.568Z</time>
      </trkpt>
      <trkpt lat="50.884709" lon="13.011252">
        <ele>284.010450</ele>
        <time>2026-05-14T12:37:31.759Z</time>
      </trkpt>
      <trkpt lat="50.884649" lon="13.011482">
        <ele>284.146063</ele>
        <time>2026-05-14T12:37:34.210Z</time>
      </trkpt>
      <trkpt lat="50.884668" lon="13.011788">
        <ele>284.313601</ele>
        <time>2026-05-14T12:37:36.667Z</time>
      </trkpt>
      <trkpt lat="50.884713" lon="13.011973">
        <ele>283.990016</ele>
        <time>2026-05-14T12:37:38.099Z</time>
      </trkpt>
      <trkpt lat="50.884804" lon="13.011734">
        <ele>283.288686</ele>
        <time>2026-05-14T12:37:39.966Z</time>
      </trkpt>
      <trkpt lat="50.884870" lon="13.011519">
        <ele>282.687984</ele>
        <time>2026-05-14T12:37:41.474Z</time>
      </trkpt>
      <trkpt lat="50.884954" lon="13.011342">
        <ele>282.131531</ele>
        <time>2026-05-14T12:37:42.817Z</time>
      </trkpt>
      <trkpt lat="50.885248" lon="13.011197">
        <ele>280.905380</ele>
        <time>2026-05-14T12:37:45.688Z</time>
      </trkpt>
      <trkpt lat="50.885335" lon="13.011123">
        <ele>280.512194</ele>
        <time>2026-05-14T12:37:46.610Z</time>
      </trkpt>
      <trkpt lat="50.885914" lon="13.010246">
        <ele>277.323017</ele>
        <time>2026-05-14T12:37:54.094Z</time>
      </trkpt>
      <trkpt lat="50.886070" lon="13.010175">
        <ele>276.947450</ele>
        <time>2026-05-14T12:37:55.639Z</time>
      </trkpt>
      <trkpt lat="50.886464" lon="13.009876">
        <ele>276.139947</ele>
        <time>2026-05-14T12:38:00.039Z</time>
      </trkpt>
      <trkpt lat="50.886657" lon="13.009881">
        <ele>275.783125</ele>
        <time>2026-05-14T12:38:02.135Z</time>
      </trkpt>
      <trkpt lat="50.887012" lon="13.009961">
        <ele>275.120284</ele>
        <time>2026-05-14T12:38:06.062Z</time>
      </trkpt>
      <trkpt lat="50.887172" lon="13.010050">
        <ele>274.806830</ele>
        <time>2026-05-14T12:38:07.974Z</time>
      </trkpt>
      <trkpt lat="50.887330" lon="13.010084">
        <ele>274.512077</ele>
        <time>2026-05-14T12:38:09.902Z</time>
      </trkpt>
      <trkpt lat="50.887453" lon="13.010071">
        <ele>274.284198</ele>
        <time>2026-05-14T12:38:11.559Z</time>
      </trkpt>
      <trkpt lat="50.887724" lon="13.009890">
        <ele>274.168887</ele>
        <time>2026-05-14T12:38:16.559Z</time>
      </trkpt>
      <trkpt lat="50.887839" lon="13.009684">
        <ele>275.027133</ele>
        <time>2026-05-14T12:38:20.402Z</time>
      </trkpt>
      <trkpt lat="50.887862" lon="13.009514">
        <ele>275.569595</ele>
        <time>2026-05-14T12:38:23.035Z</time>
      </trkpt>
      <trkpt lat="50.887923" lon="13.009455">
        <ele>275.923013</ele>
        <time>2026-05-14T12:38:24.878Z</time>
      </trkpt>
      <trkpt lat="50.888315" lon="13.008659">
        <ele>279.073659</ele>
        <time>2026-05-14T12:38:45.282Z</time>
      </trkpt>
      <trkpt lat="50.888447" lon="13.008454">
        <ele>279.987599</ele>
        <time>2026-05-14T12:38:52.573Z</time>
      </trkpt>
      <trkpt lat="50.888643" lon="13.008382">
        <ele>280.982662</ele>
        <time>2026-05-14T12:39:01.410Z</time>
      </trkpt>
      <trkpt lat="50.888829" lon="13.008471">
        <ele>281.943574</ele>
        <time>2026-05-14T12:39:11.239Z</time>
      </trkpt>
      <trkpt lat="50.889020" lon="13.008677">
        <ele>283.137017</ele>
        <time>2026-05-14T12:39:23.164Z</time>
      </trkpt>
      <trkpt lat="50.889229" lon="13.008984">
        <ele>284.761398</ele>
        <time>2026-05-14T12:39:37.863Z</time>
      </trkpt>
      <trkpt lat="50.889235" lon="13.008992">
        <ele>284.806094</ele>
        <time>2026-05-14T12:39:38.261Z</time>
      </trkpt>
      <trkpt lat="50.889401" lon="13.009236">
        <ele>286.096668</ele>
        <time>2026-05-14T12:39:49.615Z</time>
      </trkpt>
      <trkpt lat="50.889617" lon="13.009674">
        <ele>288.096040</ele>
        <time>2026-05-14T12:40:05.632Z</time>
      </trkpt>
      <trkpt lat="50.889707" lon="13.009854">
        <ele>288.922045</ele>
        <time>2026-05-14T12:40:11.477Z</time>
      </trkpt>
      <trkpt lat="50.890242" lon="13.010557">
        <ele>292.883616</ele>
        <time>2026-05-14T12:40:31.494Z</time>
      </trkpt>
      <trkpt lat="50.890532" lon="13.010860">
        <ele>292.341555</ele>
        <time>2026-05-14T12:40:37.413Z</time>
      </trkpt>
      <trkpt lat="50.891717" lon="13.011541">
        <ele>289.767205</ele>
        <time>2026-05-14T12:40:50.973Z</time>
      </trkpt>
      <trkpt lat="50.891987" lon="13.011690">
        <ele>288.784772</ele>
        <time>2026-05-14T12:40:53.640Z</time>
      </trkpt>
      <trkpt lat="50.892323" lon="13.011748">
        <ele>286.259896</ele>
        <time>2026-05-14T12:40:56.715Z</time>
      </trkpt>
      <trkpt lat="50.893686" lon="13.011597">
        <ele>276.052968</ele>
        <time>2026-05-14T12:41:08.699Z</time>
      </trkpt>
      <trkpt lat="50.893856" lon="13.011559">
        <ele>275.011530</ele>
        <time>2026-05-14T12:41:10.197Z</time>
      </trkpt>
      <trkpt lat="50.893938" lon="13.011504">
        <ele>274.488766</ele>
        <time>2026-05-14T12:41:10.979Z</time>
      </trkpt>
      <trkpt lat="50.894020" lon="13.011368">
        <ele>273.792011</ele>
        <time>2026-05-14T12:41:12.031Z</time>
      </trkpt>
      <trkpt lat="50.894146" lon="13.010999">
        <ele>272.238067</ele>
        <time>2026-05-14T12:41:14.388Z</time>
      </trkpt>
      <trkpt lat="50.894227" lon="13.010844">
        <ele>271.492630</ele>
        <time>2026-05-14T12:41:15.515Z</time>
      </trkpt>
      <trkpt lat="50.894333" lon="13.010738">
        <ele>270.756807</ele>
        <time>2026-05-14T12:41:16.649Z</time>
      </trkpt>
      <trkpt lat="50.894431" lon="13.010695">
        <ele>270.159786</ele>
        <time>2026-05-14T12:41:17.571Z</time>
      </trkpt>
      <trkpt lat="50.894584" lon="13.010762">
        <ele>269.227834</ele>
        <time>2026-05-14T12:41:19.028Z</time>
      </trkpt>
      <trkpt lat="50.894848" lon="13.011215">
        <ele>266.943764</ele>
        <time>2026-05-14T12:41:22.734Z</time>
      </trkpt>
      <trkpt lat="50.894915" lon="13.011242">
        <ele>266.537875</ele>
        <time>2026-05-14T12:41:23.421Z</time>
      </trkpt>
      <trkpt lat="50.894980" lon="13.011207">
        <ele>266.134828</ele>
        <time>2026-05-14T12:41:24.107Z</time>
      </trkpt>
      <trkpt lat="50.895142" lon="13.011038">
        <ele>265.351751</ele>
        <time>2026-05-14T12:41:26.124Z</time>
      </trkpt>
      <trkpt lat="50.895181" lon="13.010996">
        <ele>265.364322</ele>
        <time>2026-05-14T12:41:26.637Z</time>
      </trkpt>
      <trkpt lat="50.895364" lon="13.010793">
        <ele>265.423871</ele>
        <time>2026-05-14T12:41:29.207Z</time>
      </trkpt>
      <trkpt lat="50.895515" lon="13.010732">
        <ele>265.465417</ele>
        <time>2026-05-14T12:41:31.224Z</time>
      </trkpt>
      <trkpt lat="50.895686" lon="13.010587">
        <ele>265.517121</ele>
        <time>2026-05-14T12:41:34.112Z</time>
      </trkpt>
      <trkpt lat="50.895908" lon="13.010270">
        <ele>265.596779</ele>
        <time>2026-05-14T12:41:39.265Z</time>
      </trkpt>
      <trkpt lat="50.896598" lon="13.008704">
        <ele>265.401533</ele>
        <time>2026-05-14T12:42:07.340Z</time>
      </trkpt>
      <trkpt lat="50.897024" lon="13.007513">
        <ele>264.467649</ele>
        <time>2026-05-14T12:42:20.325Z</time>
      </trkpt>
      <trkpt lat="50.897219" lon="13.006866">
        <ele>263.978556</ele>
        <time>2026-05-14T12:42:24.694Z</time>
      </trkpt>
      <trkpt lat="50.897424" lon="13.006606">
        <ele>263.092936</ele>
        <time>2026-05-14T12:42:27.134Z</time>
      </trkpt>
      <trkpt lat="50.897547" lon="13.006984">
        <ele>261.811637</ele>
        <time>2026-05-14T12:42:29.593Z</time>
      </trkpt>
      <trkpt lat="50.897812" lon="13.007537">
        <ele>259.719502</ele>
        <time>2026-05-14T12:42:33.591Z</time>
      </trkpt>
      <trkpt lat="50.898099" lon="13.008027">
        <ele>257.705114</ele>
        <time>2026-05-14T12:42:37.435Z</time>
      </trkpt>
      <trkpt lat="50.898434" lon="13.008508">
        <ele>255.546524</ele>
        <time>2026-05-14T12:42:41.819Z</time>
      </trkpt>
      <trkpt lat="50.899189" lon="13.009476">
        <ele>254.440522</ele>
        <time>2026-05-14T12:42:53.841Z</time>
      </trkpt>
      <trkpt lat="50.899203" lon="13.009493">
        <ele>254.424345</ele>
        <time>2026-05-14T12:42:54.090Z</time>
      </trkpt>
      <trkpt lat="50.899402" lon="13.009749">
        <ele>254.189252</ele>
        <time>2026-05-14T12:42:57.620Z</time>
      </trkpt>
      <trkpt lat="50.899413" lon="13.009763">
        <ele>254.176312</ele>
        <time>2026-05-14T12:42:57.821Z</time>
      </trkpt>
      <trkpt lat="50.899842" lon="13.010349">
        <ele>253.656840</ele>
        <time>2026-05-14T12:43:06.135Z</time>
      </trkpt>
      <trkpt lat="50.900170" lon="13.010864">
        <ele>253.596694</ele>
        <time>2026-05-14T12:43:13.300Z</time>
      </trkpt>
      <trkpt lat="50.900278" lon="13.011039">
        <ele>253.584791</ele>
        <time>2026-05-14T12:43:15.634Z</time>
      </trkpt>
      <trkpt lat="50.900326" lon="13.011160">
        <ele>253.577841</ele>
        <time>2026-05-14T12:43:16.977Z</time>
      </trkpt>
      <trkpt lat="50.900369" lon="13.011253">
        <ele>253.572235</ele>
        <time>2026-05-14T12:43:18.040Z</time>
      </trkpt>
      <trkpt lat="50.900358" lon="13.011405">
        <ele>253.564798</ele>
        <time>2026-05-14T12:43:19.446Z</time>
      </trkpt>
      <trkpt lat="50.900429" lon="13.011544">
        <ele>253.556102</ele>
        <time>2026-05-14T12:43:21.046Z</time>
      </trkpt>
      <trkpt lat="50.900515" lon="13.011563">
        <ele>253.549409</ele>
        <time>2026-05-14T12:43:22.294Z</time>
      </trkpt>
      <trkpt lat="50.900547" lon="13.011547">
        <ele>253.546822</ele>
        <time>2026-05-14T12:43:22.756Z</time>
      </trkpt>
      <trkpt lat="50.900611" lon="13.011447">
        <ele>253.539896</ele>
        <time>2026-05-14T12:43:24.040Z</time>
      </trkpt>
      <trkpt lat="50.900693" lon="13.011419">
        <ele>253.533431</ele>
        <time>2026-05-14T12:43:25.213Z</time>
      </trkpt>
      <trkpt lat="50.900777" lon="13.011363">
        <ele>253.526406</ele>
        <time>2026-05-14T12:43:26.533Z</time>
      </trkpt>
      <trkpt lat="50.900968" lon="13.011282">
        <ele>253.511166</ele>
        <time>2026-05-14T12:43:29.436Z</time>
      </trkpt>
      <trkpt lat="50.901238" lon="13.011056">
        <ele>253.475248</ele>
        <time>2026-05-14T12:43:33.833Z</time>
      </trkpt>
      <trkpt lat="50.902230" lon="13.010219">
        <ele>253.102231</ele>
        <time>2026-05-14T12:43:49.352Z</time>
      </trkpt>
      <trkpt lat="50.902829" lon="13.009718">
        <ele>252.870189</ele>
        <time>2026-05-14T12:43:58.354Z</time>
      </trkpt>
      <trkpt lat="50.902933" lon="13.009628">
        <ele>252.814007</ele>
        <time>2026-05-14T12:43:59.906Z</time>
      </trkpt>
      <trkpt lat="50.905009" lon="13.007883">
        <ele>252.088500</ele>
        <time>2026-05-14T12:44:31.188Z</time>
      </trkpt>
      <trkpt lat="50.905363" lon="13.007563">
        <ele>252.115147</ele>
        <time>2026-05-14T12:44:37.460Z</time>
      </trkpt>
      <trkpt lat="50.905454" lon="13.007486">
        <ele>252.121892</ele>
        <time>2026-05-14T12:44:39.134Z</time>
      </trkpt>
      <trkpt lat="50.905551" lon="13.007397">
        <ele>252.129220</ele>
        <time>2026-05-14T12:44:40.988Z</time>
      </trkpt>
      <trkpt lat="50.905997" lon="13.007041">
        <ele>252.201427</ele>
        <time>2026-05-14T12:44:49.574Z</time>
      </trkpt>
      <trkpt lat="50.906380" lon="13.006726">
        <ele>252.620367</ele>
        <time>2026-05-14T12:44:57.301Z</time>
      </trkpt>
      <trkpt lat="50.907577" lon="13.005712">
        <ele>253.959678</ele>
        <time>2026-05-14T12:45:22.813Z</time>
      </trkpt>
      <trkpt lat="50.907758" lon="13.005493">
        <ele>254.327116</ele>
        <time>2026-05-14T12:45:27.478Z</time>
      </trkpt>
      <trkpt lat="50.907820" lon="13.005377">
        <ele>254.481872</ele>
        <time>2026-05-14T12:45:29.483Z</time>
      </trkpt>
      <trkpt lat="50.908639" lon="13.003367">
        <ele>256.835318</ele>
        <time>2026-05-14T12:46:02.766Z</time>
      </trkpt>
      <trkpt lat="50.908682" lon="13.003236">
        <ele>256.872430</ele>
        <time>2026-05-14T12:46:04.757Z</time>
      </trkpt>
      <trkpt lat="50.908696" lon="13.003097">
        <ele>256.907802</ele>
        <time>2026-05-14T12:46:06.676Z</time>
      </trkpt>
      <trkpt lat="50.908943" lon="13.003308">
        <ele>257.019608</ele>
        <time>2026-05-14T12:46:12.307Z</time>
      </trkpt>
      <trkpt lat="50.909029" lon="13.003436">
        <ele>257.066610</ele>
        <time>2026-05-14T12:46:14.614Z</time>
      </trkpt>
      <trkpt lat="50.909083" lon="13.003517">
        <ele>257.096231</ele>
        <time>2026-05-14T12:46:16.100Z</time>
      </trkpt>
      <trkpt lat="50.909213" lon="13.003710">
        <ele>257.167197</ele>
        <time>2026-05-14T12:46:19.195Z</time>
      </trkpt>
      <trkpt lat="50.909294" lon="13.003830">
        <ele>257.211370</ele>
        <time>2026-05-14T12:46:20.987Z</time>
      </trkpt>
      <trkpt lat="50.909413" lon="13.004008">
        <ele>257.276560</ele>
        <time>2026-05-14T12:46:23.471Z</time>
      </trkpt>
      <trkpt lat="50.909590" lon="13.004271">
        <ele>257.373220</ele>
        <time>2026-05-14T12:46:26.691Z</time>
      </trkpt>
      <trkpt lat="50.909627" lon="13.004327">
        <ele>257.393602</ele>
        <time>2026-05-14T12:46:27.347Z</time>
      </trkpt>
      <trkpt lat="50.909673" lon="13.004395">
        <ele>257.418663</ele>
        <time>2026-05-14T12:46:28.133Z</time>
      </trkpt>
      <trkpt lat="50.909791" lon="13.004572">
        <ele>257.483390</ele>
        <time>2026-05-14T12:46:30.171Z</time>
      </trkpt>
      <trkpt lat="50.909873" lon="13.004693">
        <ele>257.517309</ele>
        <time>2026-05-14T12:46:31.564Z</time>
      </trkpt>
      <trkpt lat="50.910055" lon="13.004964">
        <ele>257.237298</ele>
        <time>2026-05-14T12:46:34.574Z</time>
      </trkpt>
      <trkpt lat="50.910137" lon="13.005140">
        <ele>257.082531</ele>
        <time>2026-05-14T12:46:36.205Z</time>
      </trkpt>
      <trkpt lat="50.910207" lon="13.005463">
        <ele>256.840978</ele>
        <time>2026-05-14T12:46:38.703Z</time>
      </trkpt>
      <trkpt lat="50.910415" lon="13.006569">
        <ele>256.024729</ele>
        <time>2026-05-14T12:46:47.147Z</time>
      </trkpt>
      <trkpt lat="50.910490" lon="13.006849">
        <ele>255.809578</ele>
        <time>2026-05-14T12:46:49.458Z</time>
      </trkpt>
      <trkpt lat="50.910692" lon="13.007445">
        <ele>255.464470</ele>
        <time>2026-05-14T12:46:54.791Z</time>
      </trkpt>
      <trkpt lat="50.910726" lon="13.007532">
        <ele>255.446727</ele>
        <time>2026-05-14T12:46:55.624Z</time>
      </trkpt>
      <trkpt lat="50.910854" lon="13.007763">
        <ele>255.393419</ele>
        <time>2026-05-14T12:46:58.208Z</time>
      </trkpt>
      <trkpt lat="50.911118" lon="13.008111">
        <ele>255.299043</ele>
        <time>2026-05-14T12:47:03.043Z</time>
      </trkpt>
      <trkpt lat="50.911729" lon="13.008879">
        <ele>255.084708</ele>
        <time>2026-05-14T12:47:14.084Z</time>
      </trkpt>
      <trkpt lat="50.911907" lon="13.009201">
        <ele>255.013327</ele>
        <time>2026-05-14T12:47:18.350Z</time>
      </trkpt>
      <trkpt lat="50.911945" lon="13.009273">
        <ele>255.013430</ele>
        <time>2026-05-14T12:47:19.269Z</time>
      </trkpt>
      <trkpt lat="50.912016" lon="13.009420">
        <ele>255.013634</ele>
        <time>2026-05-14T12:47:21.109Z</time>
      </trkpt>
      <trkpt lat="50.912037" lon="13.009466">
        <ele>255.013697</ele>
        <time>2026-05-14T12:47:21.661Z</time>
      </trkpt>
      <trkpt lat="50.912235" lon="13.009973">
        <ele>255.014354</ele>
        <time>2026-05-14T12:47:27.394Z</time>
      </trkpt>
      <trkpt lat="50.912247" lon="13.010009">
        <ele>255.014399</ele>
        <time>2026-05-14T12:47:27.782Z</time>
      </trkpt>
      <trkpt lat="50.912418" lon="13.010504">
        <ele>255.015020</ele>
        <time>2026-05-14T12:47:33.187Z</time>
      </trkpt>
      <trkpt lat="50.912438" lon="13.010573">
        <ele>255.015104</ele>
        <time>2026-05-14T12:47:33.948Z</time>
      </trkpt>
      <trkpt lat="50.912511" lon="13.010987">
        <ele>255.015577</ele>
        <time>2026-05-14T12:47:38.297Z</time>
      </trkpt>
      <trkpt lat="50.912534" lon="13.011309">
        <ele>255.015934</ele>
        <time>2026-05-14T12:47:41.587Z</time>
      </trkpt>
      <trkpt lat="50.912583" lon="13.011766">
        <ele>255.016445</ele>
        <time>2026-05-14T12:47:45.804Z</time>
      </trkpt>
      <trkpt lat="50.912623" lon="13.012084">
        <ele>254.931792</ele>
        <time>2026-05-14T12:47:48.462Z</time>
      </trkpt>
      <trkpt lat="50.912685" lon="13.012462">
        <ele>254.828055</ele>
        <time>2026-05-14T12:47:51.465Z</time>
      </trkpt>
      <trkpt lat="50.912725" lon="13.012948">
        <ele>254.697880</ele>
        <time>2026-05-14T12:47:55.120Z</time>
      </trkpt>
      <trkpt lat="50.912717" lon="13.013172">
        <ele>254.638291</ele>
        <time>2026-05-14T12:47:56.786Z</time>
      </trkpt>
      <trkpt lat="50.912686" lon="13.013965">
        <ele>254.427268</ele>
        <time>2026-05-14T12:48:02.995Z</time>
      </trkpt>
      <trkpt lat="50.912693" lon="13.014100">
        <ele>254.391292</ele>
        <time>2026-05-14T12:48:04.137Z</time>
      </trkpt>
      <trkpt lat="50.912704" lon="13.014173">
        <ele>254.371357</ele>
        <time>2026-05-14T12:48:04.788Z</time>
      </trkpt>
      <trkpt lat="50.912719" lon="13.014249">
        <ele>254.350206</ele>
        <time>2026-05-14T12:48:05.497Z</time>
      </trkpt>
      <trkpt lat="50.912794" lon="13.014467">
        <ele>254.284247</ele>
        <time>2026-05-14T12:48:07.807Z</time>
      </trkpt>
      <trkpt lat="50.912967" lon="13.014756">
        <ele>255.083652</ele>
        <time>2026-05-14T12:48:11.876Z</time>
      </trkpt>
      <trkpt lat="50.913062" lon="13.014819">
        <ele>255.528798</ele>
        <time>2026-05-14T12:48:13.904Z</time>
      </trkpt>
      <trkpt lat="50.913117" lon="13.014833">
        <ele>255.769609</ele>
        <time>2026-05-14T12:48:15.066Z</time>
      </trkpt>
      <trkpt lat="50.913199" lon="13.014841">
        <ele>256.124771</ele>
        <time>2026-05-14T12:48:16.984Z</time>
      </trkpt>
      <trkpt lat="50.913838" lon="13.014540">
        <ele>259.006470</ele>
        <time>2026-05-14T12:48:37.725Z</time>
      </trkpt>
      <trkpt lat="50.914003" lon="13.014506">
        <ele>259.725771</ele>
        <time>2026-05-14T12:48:43.778Z</time>
      </trkpt>
      <trkpt lat="50.914377" lon="13.014368">
        <ele>261.385775</ele>
        <time>2026-05-14T12:48:59.798Z</time>
      </trkpt>
      <trkpt lat="50.914488" lon="13.014332">
        <ele>261.875566</ele>
        <time>2026-05-14T12:49:05.183Z</time>
      </trkpt>
      <trkpt lat="50.914863" lon="13.014214">
        <ele>264.913110</ele>
        <time>2026-05-14T12:49:23.771Z</time>
      </trkpt>
      <trkpt lat="50.915177" lon="13.014244">
        <ele>267.533630</ele>
        <time>2026-05-14T12:49:39.979Z</time>
      </trkpt>
      <trkpt lat="50.915500" lon="13.014412">
        <ele>270.365361</ele>
        <time>2026-05-14T12:49:57.327Z</time>
      </trkpt>
      <trkpt lat="50.915704" lon="13.014645">
        <ele>272.459537</ele>
        <time>2026-05-14T12:50:09.370Z</time>
      </trkpt>
      <trkpt lat="50.915878" lon="13.015060">
        <ele>275.077124</ele>
        <time>2026-05-14T12:50:24.461Z</time>
      </trkpt>
      <trkpt lat="50.916218" lon="13.016241">
        <ele>281.102908</ele>
        <time>2026-05-14T12:51:03.195Z</time>
      </trkpt>
      <trkpt lat="50.916318" lon="13.016398">
        <ele>282.084489</ele>
        <time>2026-05-14T12:51:09.283Z</time>
      </trkpt>
      <trkpt lat="50.916443" lon="13.016528">
        <ele>283.127254</ele>
        <time>2026-05-14T12:51:15.602Z</time>
      </trkpt>
      <trkpt lat="50.916664" lon="13.016598">
        <ele>284.699447</ele>
        <time>2026-05-14T12:51:25.075Z</time>
      </trkpt>
      <trkpt lat="50.916823" lon="13.016588">
        <ele>285.809545</ele>
        <time>2026-05-14T12:51:31.723Z</time>
      </trkpt>
      <trkpt lat="50.917114" lon="13.016571">
        <ele>287.841013</ele>
        <time>2026-05-14T12:51:43.550Z</time>
      </trkpt>
      <trkpt lat="50.917272" lon="13.016545">
        <ele>288.949178</ele>
        <time>2026-05-14T12:51:49.766Z</time>
      </trkpt>
      <trkpt lat="50.917305" lon="13.016539">
        <ele>289.180902</ele>
        <time>2026-05-14T12:51:51.058Z</time>
      </trkpt>
      <trkpt lat="50.917462" lon="13.016509">
        <ele>289.975008</ele>
        <time>2026-05-14T12:51:57.122Z</time>
      </trkpt>
      <trkpt lat="50.917610" lon="13.016480">
        <ele>290.567646</ele>
        <time>2026-05-14T12:52:02.858Z</time>
      </trkpt>
      <trkpt lat="50.917979" lon="13.016383">
        <ele>292.054090</ele>
        <time>2026-05-14T12:52:16.265Z</time>
      </trkpt>
      <trkpt lat="50.918187" lon="13.016295">
        <ele>292.909600</ele>
        <time>2026-05-14T12:52:23.228Z</time>
      </trkpt>
      <trkpt lat="50.918322" lon="13.016221">
        <ele>293.477235</ele>
        <time>2026-05-14T12:52:27.683Z</time>
      </trkpt>
      <trkpt lat="50.918438" lon="13.016158">
        <ele>293.964503</ele>
        <time>2026-05-14T12:52:31.342Z</time>
      </trkpt>
      <trkpt lat="50.918581" lon="13.016094">
        <ele>294.554986</ele>
        <time>2026-05-14T12:52:35.612Z</time>
      </trkpt>
      <trkpt lat="50.918805" lon="13.016025">
        <ele>295.461814</ele>
        <time>2026-05-14T12:52:41.803Z</time>
      </trkpt>
      <trkpt lat="50.918925" lon="13.016021">
        <ele>295.938812</ele>
        <time>2026-05-14T12:52:44.776Z</time>
      </trkpt>
      <trkpt lat="50.918940" lon="13.016021">
        <ele>295.998423</ele>
        <time>2026-05-14T12:52:45.157Z</time>
      </trkpt>
      <trkpt lat="50.919092" lon="13.016017">
        <ele>296.602570</ele>
        <time>2026-05-14T12:52:48.585Z</time>
      </trkpt>
      <trkpt lat="50.919112" lon="13.016016">
        <ele>296.682091</ele>
        <time>2026-05-14T12:52:49.026Z</time>
      </trkpt>
      <trkpt lat="50.919312" lon="13.016011">
        <ele>296.761120</ele>
        <time>2026-05-14T12:52:53.108Z</time>
      </trkpt>
      <trkpt lat="50.919366" lon="13.016009">
        <ele>296.774418</ele>
        <time>2026-05-14T12:52:54.140Z</time>
      </trkpt>
      <trkpt lat="50.919422" lon="13.016013">
        <ele>296.788218</ele>
        <time>2026-05-14T12:52:55.175Z</time>
      </trkpt>
      <trkpt lat="50.919545" lon="13.016042">
        <ele>296.818830</ele>
        <time>2026-05-14T12:52:57.398Z</time>
      </trkpt>
      <trkpt lat="50.919682" lon="13.016073">
        <ele>296.852898</ele>
        <time>2026-05-14T12:52:59.795Z</time>
      </trkpt>
      <trkpt lat="50.919770" lon="13.016103">
        <ele>296.875057</ele>
        <time>2026-05-14T12:53:01.262Z</time>
      </trkpt>
      <trkpt lat="50.919829" lon="13.016175">
        <ele>296.893382</ele>
        <time>2026-05-14T12:53:02.434Z</time>
      </trkpt>
      <trkpt lat="50.920116" lon="13.016661">
        <ele>296.996729</ele>
        <time>2026-05-14T12:53:10.732Z</time>
      </trkpt>
      <trkpt lat="50.920326" lon="13.016974">
        <ele>297.067667</ele>
        <time>2026-05-14T12:53:15.896Z</time>
      </trkpt>
      <trkpt lat="50.920402" lon="13.017089">
        <ele>297.093524</ele>
        <time>2026-05-14T12:53:17.713Z</time>
      </trkpt>
      <trkpt lat="50.920417" lon="13.017111">
        <ele>297.098553</ele>
        <time>2026-05-14T12:53:18.078Z</time>
      </trkpt>
      <trkpt lat="50.920774" lon="13.017654">
        <ele>296.967352</ele>
        <time>2026-05-14T12:53:27.040Z</time>
      </trkpt>
      <trkpt lat="50.920902" lon="13.017819">
        <ele>296.846659</ele>
        <time>2026-05-14T12:53:30.009Z</time>
      </trkpt>
      <trkpt lat="50.921065" lon="13.017922">
        <ele>296.718265</ele>
        <time>2026-05-14T12:53:33.195Z</time>
      </trkpt>
      <trkpt lat="50.921231" lon="13.018066">
        <ele>296.579815</ele>
        <time>2026-05-14T12:53:36.728Z</time>
      </trkpt>
      <trkpt lat="50.921242" lon="13.018075">
        <ele>296.570758</ele>
        <time>2026-05-14T12:53:36.946Z</time>
      </trkpt>
      <trkpt lat="50.921503" lon="13.018292">
        <ele>296.355123</ele>
        <time>2026-05-14T12:53:42.370Z</time>
      </trkpt>
      <trkpt lat="50.921710" lon="13.018479">
        <ele>296.180807</ele>
        <time>2026-05-14T12:53:46.516Z</time>
      </trkpt>
      <trkpt lat="50.921851" lon="13.018649">
        <ele>296.051208</ele>
        <time>2026-05-14T12:53:49.453Z</time>
      </trkpt>
      <trkpt lat="50.922124" lon="13.019032">
        <ele>295.818281</ele>
        <time>2026-05-14T12:53:55.820Z</time>
      </trkpt>
      <trkpt lat="50.922215" lon="13.019279">
        <ele>295.765986</ele>
        <time>2026-05-14T12:53:58.269Z</time>
      </trkpt>
      <trkpt lat="50.922262" lon="13.019383">
        <ele>295.742595</ele>
        <time>2026-05-14T12:53:59.314Z</time>
      </trkpt>
      <trkpt lat="50.922399" lon="13.019690">
        <ele>295.673840</ele>
        <time>2026-05-14T12:54:02.354Z</time>
      </trkpt>
      <trkpt lat="50.922548" lon="13.020022">
        <ele>295.599344</ele>
        <time>2026-05-14T12:54:05.588Z</time>
      </trkpt>
      <trkpt lat="50.922648" lon="13.020272">
        <ele>295.545223</ele>
        <time>2026-05-14T12:54:08.038Z</time>
      </trkpt>
      <trkpt lat="50.922789" lon="13.020708">
        <ele>295.455650</ele>
        <time>2026-05-14T12:54:12.178Z</time>
      </trkpt>
      <trkpt lat="50.922911" lon="13.021099">
        <ele>295.375904</ele>
        <time>2026-05-14T12:54:16.191Z</time>
      </trkpt>
      <trkpt lat="50.923111" lon="13.021756">
        <ele>295.461447</ele>
        <time>2026-05-14T12:54:24.811Z</time>
      </trkpt>
      <trkpt lat="50.923252" lon="13.022288">
        <ele>295.658443</ele>
        <time>2026-05-14T12:54:32.190Z</time>
      </trkpt>
      <trkpt lat="50.923323" lon="13.022583">
        <ele>295.766231</ele>
        <time>2026-05-14T12:54:36.104Z</time>
      </trkpt>
      <trkpt lat="50.923337" lon="13.022641">
        <ele>295.787431</ele>
        <time>2026-05-14T12:54:36.827Z</time>
      </trkpt>
      <trkpt lat="50.923449" lon="13.023107">
        <ele>295.957669</ele>
        <time>2026-05-14T12:54:42.218Z</time>
      </trkpt>
      <trkpt lat="50.923467" lon="13.023179">
        <ele>295.984108</ele>
        <time>2026-05-14T12:54:43.007Z</time>
      </trkpt>
      <trkpt lat="50.923551" lon="13.023532">
        <ele>296.112903</ele>
        <time>2026-05-14T12:54:46.989Z</time>
      </trkpt>
      <trkpt lat="50.923735" lon="13.023929">
        <ele>296.281105</ele>
        <time>2026-05-14T12:54:51.889Z</time>
      </trkpt>
      <trkpt lat="50.923856" lon="13.024189">
        <ele>295.900197</ele>
        <time>2026-05-14T12:54:54.789Z</time>
      </trkpt>
      <trkpt lat="50.924222" lon="13.024801">
        <ele>294.752835</ele>
        <time>2026-05-14T12:55:01.364Z</time>
      </trkpt>
      <trkpt lat="50.924379" lon="13.025031">
        <ele>294.291747</ele>
        <time>2026-05-14T12:55:03.698Z</time>
      </trkpt>
      <trkpt lat="50.924743" lon="13.025429">
        <ele>293.337900</ele>
        <time>2026-05-14T12:55:08.249Z</time>
      </trkpt>
      <trkpt lat="50.924844" lon="13.025537">
        <ele>293.075099</ele>
        <time>2026-05-14T12:55:09.482Z</time>
      </trkpt>
      <trkpt lat="50.925782" lon="13.026486">
        <ele>288.189913</ele>
        <time>2026-05-14T12:55:20.175Z</time>
      </trkpt>
      <trkpt lat="50.926044" lon="13.026717">
        <ele>286.618203</ele>
        <time>2026-05-14T12:55:22.943Z</time>
      </trkpt>
      <trkpt lat="50.927840" lon="13.028076">
        <ele>275.237911</ele>
        <time>2026-05-14T12:55:41.146Z</time>
      </trkpt>
      <trkpt lat="50.927935" lon="13.028045">
        <ele>274.658513</ele>
        <time>2026-05-14T12:55:42.055Z</time>
      </trkpt>
      <trkpt lat="50.928075" lon="13.027900">
        <ele>273.659738</ele>
        <time>2026-05-14T12:55:43.608Z</time>
      </trkpt>
      <trkpt lat="50.928635" lon="13.026864">
        <ele>268.213371</ele>
        <time>2026-05-14T12:55:51.545Z</time>
      </trkpt>
      <trkpt lat="50.928775" lon="13.026676">
        <ele>267.026986</ele>
        <time>2026-05-14T12:55:53.214Z</time>
      </trkpt>
      <trkpt lat="50.928899" lon="13.026586">
        <ele>266.144970</ele>
        <time>2026-05-14T12:55:54.440Z</time>
      </trkpt>
      <trkpt lat="50.928992" lon="13.026582">
        <ele>265.543194</ele>
        <time>2026-05-14T12:55:55.277Z</time>
      </trkpt>
      <trkpt lat="50.929141" lon="13.026649">
        <ele>264.541453</ele>
        <time>2026-05-14T12:55:56.662Z</time>
      </trkpt>
      <trkpt lat="50.929917" lon="13.027183">
        <ele>259.166916</ele>
        <time>2026-05-14T12:56:04.282Z</time>
      </trkpt>
      <trkpt lat="50.930014" lon="13.027158">
        <ele>258.571389</ele>
        <time>2026-05-14T12:56:05.161Z</time>
      </trkpt>
      <trkpt lat="50.930119" lon="13.027062">
        <ele>257.837001</ele>
        <time>2026-05-14T12:56:06.241Z</time>
      </trkpt>
      <trkpt lat="50.930192" lon="13.026934">
        <ele>257.177673</ele>
        <time>2026-05-14T12:56:07.209Z</time>
      </trkpt>
      <trkpt lat="50.930540" lon="13.025987">
        <ele>252.990786</ele>
        <time>2026-05-14T12:56:13.482Z</time>
      </trkpt>
      <trkpt lat="50.930646" lon="13.025926">
        <ele>252.307477</ele>
        <time>2026-05-14T12:56:14.532Z</time>
      </trkpt>
      <trkpt lat="50.930716" lon="13.025937">
        <ele>251.881200</ele>
        <time>2026-05-14T12:56:15.193Z</time>
      </trkpt>
      <trkpt lat="50.931075" lon="13.026162">
        <ele>249.640419</ele>
        <time>2026-05-14T12:56:18.878Z</time>
      </trkpt>
      <trkpt lat="50.931201" lon="13.026124">
        <ele>249.341578</ele>
        <time>2026-05-14T12:56:20.112Z</time>
      </trkpt>
      <trkpt lat="50.931280" lon="13.026022">
        <ele>249.104261</ele>
        <time>2026-05-14T12:56:21.097Z</time>
      </trkpt>
      <trkpt lat="50.931391" lon="13.025488">
        <ele>248.278528</ele>
        <time>2026-05-14T12:56:24.558Z</time>
      </trkpt>
      <trkpt lat="50.931819" lon="13.023623">
        <ele>245.487679</ele>
        <time>2026-05-14T12:56:39.181Z</time>
      </trkpt>
      <trkpt lat="50.932157" lon="13.022135">
        <ele>245.120211</ele>
        <time>2026-05-14T12:56:53.185Z</time>
      </trkpt>
      <trkpt lat="50.933804" lon="13.017414">
        <ele>244.705800</ele>
        <time>2026-05-14T12:57:41.155Z</time>
      </trkpt>
      <trkpt lat="50.934128" lon="13.016631">
        <ele>244.861678</ele>
        <time>2026-05-14T12:57:49.612Z</time>
      </trkpt>
      <trkpt lat="50.934150" lon="13.016367">
        <ele>244.905993</ele>
        <time>2026-05-14T12:57:52.591Z</time>
      </trkpt>
      <trkpt lat="50.934074" lon="13.015993">
        <ele>245.146263</ele>
        <time>2026-05-14T12:57:57.445Z</time>
      </trkpt>
      <trkpt lat="50.933996" lon="13.015823">
        <ele>245.509554</ele>
        <time>2026-05-14T12:58:00.312Z</time>
      </trkpt>
      <trkpt lat="50.933840" lon="13.015614">
        <ele>246.069252</ele>
        <time>2026-05-14T12:58:05.012Z</time>
      </trkpt>
      <trkpt lat="50.932996" lon="13.014397">
        <ele>249.195591</ele>
        <time>2026-05-14T12:58:36.259Z</time>
      </trkpt>
      <trkpt lat="50.932955" lon="13.014316">
        <ele>249.375080</ele>
        <time>2026-05-14T12:58:38.235Z</time>
      </trkpt>
      <trkpt lat="50.932944" lon="13.014187">
        <ele>249.599982</ele>
        <time>2026-05-14T12:58:40.691Z</time>
      </trkpt>
      <trkpt lat="50.933154" lon="13.013794">
        <ele>250.693698</ele>
        <time>2026-05-14T12:58:50.222Z</time>
      </trkpt>
      <trkpt lat="50.933252" lon="13.013493">
        <ele>251.475387</ele>
        <time>2026-05-14T12:58:56.501Z</time>
      </trkpt>
      <trkpt lat="50.933455" lon="13.012525">
        <ele>253.829220</ele>
        <time>2026-05-14T12:59:15.726Z</time>
      </trkpt>
      <trkpt lat="50.933500" lon="13.012278">
        <ele>254.422446</ele>
        <time>2026-05-14T12:59:20.412Z</time>
      </trkpt>
      <trkpt lat="50.933829" lon="13.011240">
        <ele>257.265218</ele>
        <time>2026-05-14T12:59:42.579Z</time>
      </trkpt>
      <trkpt lat="50.933909" lon="13.010987">
        <ele>258.084977</ele>
        <time>2026-05-14T12:59:47.348Z</time>
      </trkpt>
      <trkpt lat="50.933931" lon="13.010936">
        <ele>258.263963</ele>
        <time>2026-05-14T12:59:48.382Z</time>
      </trkpt>
      <trkpt lat="50.933965" lon="13.010856">
        <ele>258.543407</ele>
        <time>2026-05-14T12:59:50.050Z</time>
      </trkpt>
      <trkpt lat="50.934010" lon="13.010749">
        <ele>258.915948</ele>
        <time>2026-05-14T12:59:52.301Z</time>
      </trkpt>
      <trkpt lat="50.934022" lon="13.010718">
        <ele>259.021309</ele>
        <time>2026-05-14T12:59:52.990Z</time>
      </trkpt>
      <trkpt lat="50.934094" lon="13.010549">
        <ele>259.612085</ele>
        <time>2026-05-14T12:59:56.686Z</time>
      </trkpt>
      <trkpt lat="50.934365" lon="13.009908">
        <ele>261.847470</ele>
        <time>2026-05-14T13:00:11.580Z</time>
      </trkpt>
      <trkpt lat="50.934579" lon="13.009633">
        <ele>263.112913</ele>
        <time>2026-05-14T13:00:20.537Z</time>
      </trkpt>
      <trkpt lat="50.936333" lon="13.007710">
        <ele>276.102576</ele>
        <time>2026-05-14T13:01:52.782Z</time>
      </trkpt>
      <trkpt lat="50.936983" lon="13.006939">
        <ele>275.519343</ele>
        <time>2026-05-14T13:02:13.885Z</time>
      </trkpt>
      <trkpt lat="50.937142" lon="13.006613">
        <ele>275.287380</ele>
        <time>2026-05-14T13:02:16.939Z</time>
      </trkpt>
      <trkpt lat="50.937770" lon="13.004948">
        <ele>273.091209</ele>
        <time>2026-05-14T13:02:28.189Z</time>
      </trkpt>
      <trkpt lat="50.937861" lon="13.004779">
        <ele>272.641184</ele>
        <time>2026-05-14T13:02:29.455Z</time>
      </trkpt>
      <trkpt lat="50.937944" lon="13.004667">
        <ele>272.291168</ele>
        <time>2026-05-14T13:02:30.441Z</time>
      </trkpt>
      <trkpt lat="50.938937" lon="13.003725">
        <ele>269.200192</ele>
        <time>2026-05-14T13:02:42.855Z</time>
      </trkpt>
      <trkpt lat="50.939187" lon="13.003375">
        <ele>270.631976</ele>
        <time>2026-05-14T13:02:52.043Z</time>
      </trkpt>
      <trkpt lat="50.939268" lon="13.003172">
        <ele>271.282233</ele>
        <time>2026-05-14T13:02:56.808Z</time>
      </trkpt>
      <trkpt lat="50.939726" lon="13.000137">
        <ele>279.040543</ele>
        <time>2026-05-14T13:04:13.094Z</time>
      </trkpt>
      <trkpt lat="50.939796" lon="12.999864">
        <ele>279.664698</ele>
        <time>2026-05-14T13:04:18.832Z</time>
      </trkpt>
      <trkpt lat="50.940261" lon="12.998712">
        <ele>282.561844</ele>
        <time>2026-05-14T13:04:38.156Z</time>
      </trkpt>
      <trkpt lat="50.940523" lon="12.998148">
        <ele>281.353941</ele>
        <time>2026-05-14T13:04:43.711Z</time>
      </trkpt>
      <trkpt lat="50.941069" lon="12.996878">
        <ele>278.498794</ele>
        <time>2026-05-14T13:04:53.489Z</time>
      </trkpt>
      <trkpt lat="50.941199" lon="12.996730">
        <ele>278.027275</ele>
        <time>2026-05-14T13:04:54.957Z</time>
      </trkpt>
      <trkpt lat="50.941152" lon="12.996541">
        <ele>277.649946</ele>
        <time>2026-05-14T13:04:56.130Z</time>
      </trkpt>
      <trkpt lat="50.941040" lon="12.995567">
        <ele>275.382975</ele>
        <time>2026-05-14T13:05:01.882Z</time>
      </trkpt>
      <trkpt lat="50.940990" lon="12.995086">
        <ele>274.219036</ele>
        <time>2026-05-14T13:05:04.777Z</time>
      </trkpt>
      <trkpt lat="50.940973" lon="12.994658">
        <ele>273.195130</ele>
        <time>2026-05-14T13:05:07.418Z</time>
      </trkpt>
      <trkpt lat="50.941001" lon="12.993769">
        <ele>271.069936</ele>
        <time>2026-05-14T13:05:13.159Z</time>
      </trkpt>
      <trkpt lat="50.940977" lon="12.993564">
        <ele>270.572109</ele>
        <time>2026-05-14T13:05:14.623Z</time>
      </trkpt>
      <trkpt lat="50.941269" lon="12.993412">
        <ele>270.336926</ele>
        <time>2026-05-14T13:05:18.624Z</time>
      </trkpt>
      <trkpt lat="50.941317" lon="12.993378">
        <ele>270.307891</ele>
        <time>2026-05-14T13:05:19.394Z</time>
      </trkpt>
      <trkpt lat="50.941387" lon="12.993319">
        <ele>270.264109</ele>
        <time>2026-05-14T13:05:20.669Z</time>
      </trkpt>
      <trkpt lat="50.941812" lon="12.992902">
        <ele>269.988104</ele>
        <time>2026-05-14T13:05:29.434Z</time>
      </trkpt>
      <trkpt lat="50.942044" lon="12.992568">
        <ele>269.815080</ele>
        <time>2026-05-14T13:05:34.655Z</time>
      </trkpt>
      <trkpt lat="50.942121" lon="12.992390">
        <ele>269.739930</ele>
        <time>2026-05-14T13:05:36.514Z</time>
      </trkpt>
      <trkpt lat="50.942356" lon="12.991616">
        <ele>269.377621</ele>
        <time>2026-05-14T13:05:42.846Z</time>
      </trkpt>
      <trkpt lat="50.942375" lon="12.991554">
        <ele>269.328770</ele>
        <time>2026-05-14T13:05:43.352Z</time>
      </trkpt>
      <trkpt lat="50.942608" lon="12.991063">
        <ele>268.893236</ele>
        <time>2026-05-14T13:05:47.794Z</time>
      </trkpt>
      <trkpt lat="50.942714" lon="12.990754">
        <ele>268.643946</ele>
        <time>2026-05-14T13:05:50.345Z</time>
      </trkpt>
      <trkpt lat="50.942732" lon="12.990647">
        <ele>268.565475</ele>
        <time>2026-05-14T13:05:51.128Z</time>
      </trkpt>
      <trkpt lat="50.942720" lon="12.990482">
        <ele>268.447786</ele>
        <time>2026-05-14T13:05:52.339Z</time>
      </trkpt>
      <trkpt lat="50.942635" lon="12.990097">
        <ele>268.158729</ele>
        <time>2026-05-14T13:05:55.261Z</time>
      </trkpt>
      <trkpt lat="50.942594" lon="12.989950">
        <ele>268.044822</ele>
        <time>2026-05-14T13:05:56.413Z</time>
      </trkpt>
      <trkpt lat="50.942349" lon="12.989075">
        <ele>267.467090</ele>
        <time>2026-05-14T13:06:03.859Z</time>
      </trkpt>
      <trkpt lat="50.942231" lon="12.988393">
        <ele>267.412693</ele>
        <time>2026-05-14T13:06:11.594Z</time>
      </trkpt>
      <trkpt lat="50.942198" lon="12.988075">
        <ele>267.387905</ele>
        <time>2026-05-14T13:06:15.482Z</time>
      </trkpt>
      <trkpt lat="50.942252" lon="12.987072">
        <ele>267.310479</ele>
        <time>2026-05-14T13:06:26.211Z</time>
      </trkpt>
      <trkpt lat="50.942365" lon="12.986800">
        <ele>267.285420</ele>
        <time>2026-05-14T13:06:28.955Z</time>
      </trkpt>
      <trkpt lat="50.942655" lon="12.986329">
        <ele>267.054809</ele>
        <time>2026-05-14T13:06:33.824Z</time>
      </trkpt>
      <trkpt lat="50.942899" lon="12.986197">
        <ele>266.797112</ele>
        <time>2026-05-14T13:06:36.709Z</time>
      </trkpt>
      <trkpt lat="50.943073" lon="12.986183">
        <ele>266.622950</ele>
        <time>2026-05-14T13:06:38.616Z</time>
      </trkpt>
      <trkpt lat="50.943321" lon="12.986263">
        <ele>266.369967</ele>
        <time>2026-05-14T13:06:41.351Z</time>
      </trkpt>
      <trkpt lat="50.943654" lon="12.986289">
        <ele>266.036680</ele>
        <time>2026-05-14T13:06:45.012Z</time>
      </trkpt>
      <trkpt lat="50.943748" lon="12.986305">
        <ele>265.942174</ele>
        <time>2026-05-14T13:06:46.062Z</time>
      </trkpt>
      <trkpt lat="50.943802" lon="12.986332">
        <ele>265.885578</ele>
        <time>2026-05-14T13:06:46.727Z</time>
      </trkpt>
      <trkpt lat="50.943951" lon="12.986488">
        <ele>265.707139</ele>
        <time>2026-05-14T13:06:48.843Z</time>
      </trkpt>
      <trkpt lat="50.944105" lon="12.986710">
        <ele>265.499169</ele>
        <time>2026-05-14T13:06:51.712Z</time>
      </trkpt>
      <trkpt lat="50.944213" lon="12.986961">
        <ele>266.381353</ele>
        <time>2026-05-14T13:06:55.226Z</time>
      </trkpt>
      <trkpt lat="50.944367" lon="12.987661">
        <ele>269.168898</ele>
        <time>2026-05-14T13:07:07.511Z</time>
      </trkpt>
      <trkpt lat="50.944440" lon="12.987984">
        <ele>270.459010</ele>
        <time>2026-05-14T13:07:15.450Z</time>
      </trkpt>
      <trkpt lat="50.944510" lon="12.988125">
        <ele>271.133896</ele>
        <time>2026-05-14T13:07:19.924Z</time>
      </trkpt>
      <trkpt lat="50.944638" lon="12.988271">
        <ele>272.074444</ele>
        <time>2026-05-14T13:07:26.721Z</time>
      </trkpt>
      <trkpt lat="50.944857" lon="12.988341">
        <ele>273.407439</ele>
        <time>2026-05-14T13:07:37.337Z</time>
      </trkpt>
      <trkpt lat="50.945199" lon="12.988379">
        <ele>275.453123</ele>
        <time>2026-05-14T13:07:55.737Z</time>
      </trkpt>
      <trkpt lat="50.945323" lon="12.988284">
        <ele>276.330278</ele>
        <time>2026-05-14T13:08:03.900Z</time>
      </trkpt>
      <trkpt lat="50.945784" lon="12.986961">
        <ele>285.934750</ele>
        <time>2026-05-14T13:09:03.775Z</time>
      </trkpt>
      <trkpt lat="50.945839" lon="12.986861">
        <ele>286.778024</ele>
        <time>2026-05-14T13:09:08.851Z</time>
      </trkpt>
      <trkpt lat="50.945904" lon="12.986841">
        <ele>287.445613</ele>
        <time>2026-05-14T13:09:12.787Z</time>
      </trkpt>
      <trkpt lat="50.946276" lon="12.987260">
        <ele>292.044949</ele>
        <time>2026-05-14T13:09:37.614Z</time>
      </trkpt>
      <trkpt lat="50.947079" lon="12.987830">
        <ele>296.862913</ele>
        <time>2026-05-14T13:10:13.868Z</time>
      </trkpt>
      <trkpt lat="50.947480" lon="12.988046">
        <ele>298.505558</ele>
        <time>2026-05-14T13:10:25.516Z</time>
      </trkpt>
      <trkpt lat="50.947644" lon="12.988170">
        <ele>299.210220</ele>
        <time>2026-05-14T13:10:29.841Z</time>
      </trkpt>
      <trkpt lat="50.947845" lon="12.988346">
        <ele>300.100690</ele>
        <time>2026-05-14T13:10:34.854Z</time>
      </trkpt>
      <trkpt lat="50.948511" lon="12.989043">
        <ele>300.591012</ele>
        <time>2026-05-14T13:10:48.765Z</time>
      </trkpt>
      <trkpt lat="50.948708" lon="12.989213">
        <ele>300.261347</ele>
        <time>2026-05-14T13:10:51.784Z</time>
      </trkpt>
      <trkpt lat="50.948928" lon="12.989353">
        <ele>299.912878</ele>
        <time>2026-05-14T13:10:54.646Z</time>
      </trkpt>
      <trkpt lat="50.948992" lon="12.989384">
        <ele>299.814502</ele>
        <time>2026-05-14T13:10:55.415Z</time>
      </trkpt>
      <trkpt lat="50.949627" lon="12.989727">
        <ele>298.828351</ele>
        <time>2026-05-14T13:11:02.465Z</time>
      </trkpt>
      <trkpt lat="50.951259" lon="12.990924">
        <ele>292.038338</ele>
        <time>2026-05-14T13:11:19.470Z</time>
      </trkpt>
      <trkpt lat="50.951527" lon="12.991354">
        <ele>291.990443</ele>
        <time>2026-05-14T13:11:23.744Z</time>
      </trkpt>
      <trkpt lat="50.951586" lon="12.991371">
        <ele>292.079989</ele>
        <time>2026-05-14T13:11:24.473Z</time>
      </trkpt>
      <trkpt lat="50.953352" lon="12.991825">
        <ele>294.966020</ele>
        <time>2026-05-14T13:12:11.237Z</time>
      </trkpt>
      <trkpt lat="50.953411" lon="12.991785">
        <ele>295.105136</ele>
        <time>2026-05-14T13:12:12.895Z</time>
      </trkpt>
      <trkpt lat="50.953464" lon="12.991587">
        <ele>295.399008</ele>
        <time>2026-05-14T13:12:16.388Z</time>
      </trkpt>
      <trkpt lat="50.953540" lon="12.991483">
        <ele>295.616589</ele>
        <time>2026-05-14T13:12:19.061Z</time>
      </trkpt>
      <trkpt lat="50.953842" lon="12.991556">
        <ele>296.279000</ele>
        <time>2026-05-14T13:12:27.012Z</time>
      </trkpt>
      <trkpt lat="50.954422" lon="12.991704">
        <ele>297.552829</ele>
        <time>2026-05-14T13:12:40.335Z</time>
      </trkpt>
      <trkpt lat="50.954479" lon="12.991674">
        <ele>297.683045</ele>
        <time>2026-05-14T13:12:41.531Z</time>
      </trkpt>
      <trkpt lat="50.954716" lon="12.991271">
        <ele>298.281677</ele>
        <time>2026-05-14T13:12:48.053Z</time>
      </trkpt>
      <trkpt lat="50.955701" lon="12.989520">
        <ele>299.573979</ele>
        <time>2026-05-14T13:13:14.979Z</time>
      </trkpt>
      <trkpt lat="50.955892" lon="12.989249">
        <ele>299.780225</ele>
        <time>2026-05-14T13:13:19.388Z</time>
      </trkpt>
      <trkpt lat="50.956160" lon="12.988944">
        <ele>299.963979</ele>
        <time>2026-05-14T13:13:25.127Z</time>
      </trkpt>
      <trkpt lat="50.959202" lon="12.986587">
        <ele>301.660753</ele>
        <time>2026-05-14T13:14:22.536Z</time>
      </trkpt>
      <trkpt lat="50.959329" lon="12.986448">
        <ele>301.731603</ele>
        <time>2026-05-14T13:14:24.553Z</time>
      </trkpt>
      <trkpt lat="50.959443" lon="12.986064">
        <ele>301.854416</ele>
        <time>2026-05-14T13:14:28.079Z</time>
      </trkpt>
      <trkpt lat="50.959710" lon="12.984956">
        <ele>302.197620</ele>
        <time>2026-05-14T13:14:39.137Z</time>
      </trkpt>
      <trkpt lat="50.959890" lon="12.984419">
        <ele>302.373603</ele>
        <time>2026-05-14T13:14:46.370Z</time>
      </trkpt>
      <trkpt lat="50.960046" lon="12.984057">
        <ele>302.713908</ele>
        <time>2026-05-14T13:14:52.284Z</time>
      </trkpt>
      <trkpt lat="50.960233" lon="12.983716">
        <ele>303.144524</ele>
        <time>2026-05-14T13:14:59.062Z</time>
      </trkpt>
      <trkpt lat="50.960411" lon="12.983437">
        <ele>303.522745</ele>
        <time>2026-05-14T13:15:05.529Z</time>
      </trkpt>
      <trkpt lat="50.960613" lon="12.983188">
        <ele>303.909442</ele>
        <time>2026-05-14T13:15:12.059Z</time>
      </trkpt>
      <trkpt lat="50.961200" lon="12.982662">
        <ele>304.928654</ele>
        <time>2026-05-14T13:15:26.800Z</time>
      </trkpt>
      <trkpt lat="50.961406" lon="12.982536">
        <ele>304.979721</ele>
        <time>2026-05-14T13:15:30.559Z</time>
      </trkpt>
      <trkpt lat="50.963031" lon="12.981671">
        <ele>302.146865</ele>
        <time>2026-05-14T13:15:49.672Z</time>
      </trkpt>
      <trkpt lat="50.964225" lon="12.981246">
        <ele>297.327662</ele>
        <time>2026-05-14T13:16:01.530Z</time>
      </trkpt>
      <trkpt lat="50.964684" lon="12.981015">
        <ele>295.431290</ele>
        <time>2026-05-14T13:16:06.088Z</time>
      </trkpt>
      <trkpt lat="50.965885" lon="12.980309">
        <ele>292.663214</ele>
        <time>2026-05-14T13:16:18.834Z</time>
      </trkpt>
      <trkpt lat="50.966337" lon="12.980070">
        <ele>291.696524</ele>
        <time>2026-05-14T13:16:25.537Z</time>
      </trkpt>
      <trkpt lat="50.966820" lon="12.980249">
        <ele>292.797286</ele>
        <time>2026-05-14T13:16:37.237Z</time>
      </trkpt>
      <trkpt lat="50.966903" lon="12.980283">
        <ele>293.117304</ele>
        <time>2026-05-14T13:16:39.740Z</time>
      </trkpt>
      <trkpt lat="50.967058" lon="12.980248">
        <ele>293.701805</ele>
        <time>2026-05-14T13:16:44.768Z</time>
      </trkpt>
      <trkpt lat="50.967125" lon="12.980169">
        <ele>294.013365</ele>
        <time>2026-05-14T13:16:47.585Z</time>
      </trkpt>
      <trkpt lat="50.967261" lon="12.979837">
        <ele>294.944560</ele>
        <time>2026-05-14T13:16:56.039Z</time>
      </trkpt>
      <trkpt lat="50.967473" lon="12.979268">
        <ele>296.498969</ele>
        <time>2026-05-14T13:17:10.664Z</time>
      </trkpt>
      <trkpt lat="50.967538" lon="12.979146">
        <ele>296.874691</ele>
        <time>2026-05-14T13:17:14.216Z</time>
      </trkpt>
      <trkpt lat="50.967670" lon="12.978988">
        <ele>297.491830</ele>
        <time>2026-05-14T13:17:19.989Z</time>
      </trkpt>
      <trkpt lat="50.967813" lon="12.978865">
        <ele>298.099001</ele>
        <time>2026-05-14T13:17:25.487Z</time>
      </trkpt>
      <trkpt lat="50.968049" lon="12.978689">
        <ele>298.577136</ele>
        <time>2026-05-14T13:17:33.850Z</time>
      </trkpt>
      <trkpt lat="50.968243" lon="12.978475">
        <ele>298.986954</ele>
        <time>2026-05-14T13:17:40.884Z</time>
      </trkpt>
      <trkpt lat="50.968989" lon="12.977532">
        <ele>300.641215</ele>
        <time>2026-05-14T13:18:01.494Z</time>
      </trkpt>
      <trkpt lat="50.969670" lon="12.976651">
        <ele>299.592167</ele>
        <time>2026-05-14T13:18:12.092Z</time>
      </trkpt>
      <trkpt lat="50.970133" lon="12.975896">
        <ele>297.442638</ele>
        <time>2026-05-14T13:18:18.724Z</time>
      </trkpt>
      <trkpt lat="50.970369" lon="12.975420">
        <ele>296.206946</ele>
        <time>2026-05-14T13:18:22.349Z</time>
      </trkpt>
      <trkpt lat="50.971021" lon="12.974539">
        <ele>292.364853</ele>
        <time>2026-05-14T13:18:30.287Z</time>
      </trkpt>
      <trkpt lat="50.971613" lon="12.973770">
        <ele>288.568345</ele>
        <time>2026-05-14T13:18:37.396Z</time>
      </trkpt>
      <trkpt lat="50.972360" lon="12.972982">
        <ele>285.581782</ele>
        <time>2026-05-14T13:18:46.214Z</time>
      </trkpt>
      <trkpt lat="50.972472" lon="12.972876">
        <ele>285.330165</ele>
        <time>2026-05-14T13:18:47.592Z</time>
      </trkpt>
      <trkpt lat="50.972534" lon="12.972816">
        <ele>285.190049</ele>
        <time>2026-05-14T13:18:48.376Z</time>
      </trkpt>
      <trkpt lat="50.972715" lon="12.972530">
        <ele>284.697297</ele>
        <time>2026-05-14T13:18:51.174Z</time>
      </trkpt>
      <trkpt lat="50.972895" lon="12.972076">
        <ele>284.045341</ele>
        <time>2026-05-14T13:18:55.082Z</time>
      </trkpt>
      <trkpt lat="50.972719" lon="12.971741">
        <ele>283.515160</ele>
        <time>2026-05-14T13:18:58.532Z</time>
      </trkpt>
      <trkpt lat="50.972612" lon="12.971538">
        <ele>283.193454</ele>
        <time>2026-05-14T13:19:00.937Z</time>
      </trkpt>
      <trkpt lat="50.972402" lon="12.971073">
        <ele>283.296929</ele>
        <time>2026-05-14T13:19:07.048Z</time>
      </trkpt>
      <trkpt lat="50.972105" lon="12.970387">
        <ele>283.769731</ele>
        <time>2026-05-14T13:19:16.271Z</time>
      </trkpt>
      <trkpt lat="50.971979" lon="12.970095">
        <ele>283.970769</ele>
        <time>2026-05-14T13:19:20.507Z</time>
      </trkpt>
      <trkpt lat="50.971233" lon="12.968328">
        <ele>285.638595</ele>
        <time>2026-05-14T13:19:48.408Z</time>
      </trkpt>
      <trkpt lat="50.970824" lon="12.967378">
        <ele>286.876297</ele>
        <time>2026-05-14T13:20:04.465Z</time>
      </trkpt>
      <trkpt lat="50.970757" lon="12.967230">
        <ele>287.072337</ele>
        <time>2026-05-14T13:20:07.078Z</time>
      </trkpt>
      <trkpt lat="50.970512" lon="12.966711">
        <ele>287.767861</ele>
        <time>2026-05-14T13:20:15.901Z</time>
      </trkpt>
      <trkpt lat="50.969960" lon="12.966085">
        <ele>288.853364</ele>
        <time>2026-05-14T13:20:30.457Z</time>
      </trkpt>
      <trkpt lat="50.969462" lon="12.965526">
        <ele>289.829317</ele>
        <time>2026-05-14T13:20:43.612Z</time>
      </trkpt>
      <trkpt lat="50.969287" lon="12.965262">
        <ele>290.215598</ele>
        <time>2026-05-14T13:20:48.705Z</time>
      </trkpt>
      <trkpt lat="50.968925" lon="12.964575">
        <ele>290.900305</ele>
        <time>2026-05-14T13:21:00.044Z</time>
      </trkpt>
      <trkpt lat="50.968815" lon="12.964346">
        <ele>291.064814</ele>
        <time>2026-05-14T13:21:03.732Z</time>
      </trkpt>
      <trkpt lat="50.968670" lon="12.963986">
        <ele>291.308903</ele>
        <time>2026-05-14T13:21:09.382Z</time>
      </trkpt>
      <trkpt lat="50.968511" lon="12.963475">
        <ele>291.634464</ele>
        <time>2026-05-14T13:21:16.856Z</time>
      </trkpt>
      <trkpt lat="50.968402" lon="12.963040">
        <ele>291.901879</ele>
        <time>2026-05-14T13:21:22.183Z</time>
      </trkpt>
      <trkpt lat="50.968371" lon="12.962473">
        <ele>292.226962</ele>
        <time>2026-05-14T13:21:27.339Z</time>
      </trkpt>
      <trkpt lat="50.968309" lon="12.962127">
        <ele>292.212241</ele>
        <time>2026-05-14T13:21:30.172Z</time>
      </trkpt>
      <trkpt lat="50.968231" lon="12.961837">
        <ele>292.179109</ele>
        <time>2026-05-14T13:21:32.666Z</time>
      </trkpt>
      <trkpt lat="50.967806" lon="12.960699">
        <ele>292.040095</ele>
        <time>2026-05-14T13:21:43.708Z</time>
      </trkpt>
      <trkpt lat="50.967770" lon="12.960598">
        <ele>292.027901</ele>
        <time>2026-05-14T13:21:44.688Z</time>
      </trkpt>
      <trkpt lat="50.967580" lon="12.959899">
        <ele>291.947908</ele>
        <time>2026-05-14T13:21:51.337Z</time>
      </trkpt>
      <trkpt lat="50.967500" lon="12.959233">
        <ele>292.600920</ele>
        <time>2026-05-14T13:21:59.806Z</time>
      </trkpt>
      <trkpt lat="50.967500" lon="12.958799">
        <ele>293.029196</ele>
        <time>2026-05-14T13:22:06.178Z</time>
      </trkpt>
      <trkpt lat="50.967505" lon="12.958628">
        <ele>293.198123</ele>
        <time>2026-05-14T13:22:08.622Z</time>
      </trkpt>
      <trkpt lat="50.967570" lon="12.957968">
        <ele>293.857334</ele>
        <time>2026-05-14T13:22:18.051Z</time>
      </trkpt>
      <trkpt lat="50.967756" lon="12.958076">
        <ele>294.167663</ele>
        <time>2026-05-14T13:22:22.331Z</time>
      </trkpt>
      <trkpt lat="50.967911" lon="12.958335">
        <ele>294.520243</ele>
        <time>2026-05-14T13:22:27.307Z</time>
      </trkpt>
      <trkpt lat="50.967942" lon="12.958448">
        <ele>294.641873</ele>
        <time>2026-05-14T13:22:29.011Z</time>
      </trkpt>
      <trkpt lat="50.968014" lon="12.958745">
        <ele>295.001717</ele>
        <time>2026-05-14T13:22:33.697Z</time>
      </trkpt>
      <trkpt lat="50.968072" lon="12.958973">
        <ele>295.302510</ele>
        <time>2026-05-14T13:22:37.371Z</time>
      </trkpt>
      <trkpt lat="50.968201" lon="12.959116">
        <ele>295.608097</ele>
        <time>2026-05-14T13:22:41.014Z</time>
      </trkpt>
      <trkpt lat="50.968429" lon="12.959117">
        <ele>296.050966</ele>
        <time>2026-05-14T13:22:46.129Z</time>
      </trkpt>
      <trkpt lat="50.968539" lon="12.959052">
        <ele>296.278945</ele>
        <time>2026-05-14T13:22:48.653Z</time>
      </trkpt>
      <trkpt lat="50.968611" lon="12.958928">
        <ele>296.485259</ele>
        <time>2026-05-14T13:22:50.887Z</time>
      </trkpt>
      <trkpt lat="50.968907" lon="12.958166">
        <ele>297.580414</ele>
        <time>2026-05-14T13:23:03.609Z</time>
      </trkpt>
      <trkpt lat="50.969178" lon="12.957421">
        <ele>298.501334</ele>
        <time>2026-05-14T13:23:16.407Z</time>
      </trkpt>
      <trkpt lat="50.969393" lon="12.956838">
        <ele>299.037499</ele>
        <time>2026-05-14T13:23:26.159Z</time>
      </trkpt>
      <trkpt lat="50.969872" lon="12.955555">
        <ele>300.221169</ele>
        <time>2026-05-14T13:23:44.286Z</time>
      </trkpt>
      <trkpt lat="50.970077" lon="12.955079">
        <ele>300.597607</ele>
        <time>2026-05-14T13:23:49.772Z</time>
      </trkpt>
      <trkpt lat="50.970681" lon="12.953720">
        <ele>301.220175</ele>
        <time>2026-05-14T13:24:05.524Z</time>
      </trkpt>
      <trkpt lat="50.972020" lon="12.950288">
        <ele>303.859934</ele>
        <time>2026-05-14T13:24:57.009Z</time>
      </trkpt>
      <trkpt lat="50.972899" lon="12.947774">
        <ele>303.800844</ele>
        <time>2026-05-14T13:25:25.718Z</time>
      </trkpt>
      <trkpt lat="50.973526" lon="12.944388">
        <ele>297.778990</ele>
        <time>2026-05-14T13:25:48.916Z</time>
      </trkpt>
      <trkpt lat="50.973807" lon="12.943296">
        <ele>294.757313</ele>
        <time>2026-05-14T13:25:55.981Z</time>
      </trkpt>
      <trkpt lat="50.974342" lon="12.941564">
        <ele>290.853092</ele>
        <time>2026-05-14T13:26:07.493Z</time>
      </trkpt>
      <trkpt lat="50.974462" lon="12.941194">
        <ele>290.170316</ele>
        <time>2026-05-14T13:26:10.168Z</time>
      </trkpt>
      <trkpt lat="50.975380" lon="12.938018">
        <ele>286.839843</ele>
        <time>2026-05-14T13:26:38.834Z</time>
      </trkpt>
      <trkpt lat="50.975809" lon="12.936213">
        <ele>286.062987</ele>
        <time>2026-05-14T13:26:52.792Z</time>
      </trkpt>
      <trkpt lat="50.975957" lon="12.935777">
        <ele>285.899895</ele>
        <time>2026-05-14T13:26:56.601Z</time>
      </trkpt>
      <trkpt lat="50.976055" lon="12.935432">
        <ele>285.775275</ele>
        <time>2026-05-14T13:26:59.791Z</time>
      </trkpt>
      <trkpt lat="50.976488" lon="12.933985">
        <ele>286.482568</ele>
        <time>2026-05-14T13:27:19.169Z</time>
      </trkpt>
      <trkpt lat="50.976610" lon="12.933653">
        <ele>286.899861</ele>
        <time>2026-05-14T13:27:25.095Z</time>
      </trkpt>
      <trkpt lat="50.977159" lon="12.932736">
        <ele>288.273479</ele>
        <time>2026-05-14T13:27:44.540Z</time>
      </trkpt>
      <trkpt lat="50.977666" lon="12.931436">
        <ele>288.826479</ele>
        <time>2026-05-14T13:28:04.184Z</time>
      </trkpt>
      <trkpt lat="50.978298" lon="12.929655">
        <ele>288.734237</ele>
        <time>2026-05-14T13:28:20.945Z</time>
      </trkpt>
      <trkpt lat="50.979381" lon="12.930369">
        <ele>286.997950</ele>
        <time>2026-05-14T13:28:34.217Z</time>
      </trkpt>
      <trkpt lat="50.979869" lon="12.930665">
        <ele>286.168578</ele>
        <time>2026-05-14T13:28:40.065Z</time>
      </trkpt>
      <trkpt lat="50.980671" lon="12.931101">
        <ele>284.568467</ele>
        <time>2026-05-14T13:28:49.618Z</time>
      </trkpt>
      <trkpt lat="50.980864" lon="12.931228">
        <ele>284.174124</ele>
        <time>2026-05-14T13:28:51.967Z</time>
      </trkpt>
      <trkpt lat="50.980964" lon="12.931347">
        <ele>283.938259</ele>
        <time>2026-05-14T13:28:53.353Z</time>
      </trkpt>
      <trkpt lat="50.981050" lon="12.931509">
        <ele>283.686428</ele>
        <time>2026-05-14T13:28:54.825Z</time>
      </trkpt>
      <trkpt lat="50.981451" lon="12.932634">
        <ele>281.896828</ele>
        <time>2026-05-14T13:29:03.545Z</time>
      </trkpt>
      <trkpt lat="50.981658" lon="12.933246">
        <ele>280.834312</ele>
        <time>2026-05-14T13:29:08.204Z</time>
      </trkpt>
      <trkpt lat="50.981784" lon="12.933639">
        <ele>280.159812</ele>
        <time>2026-05-14T13:29:11.118Z</time>
      </trkpt>
      <trkpt lat="50.982396" lon="12.933256">
        <ele>278.620169</ele>
        <time>2026-05-14T13:29:17.935Z</time>
      </trkpt>
      <trkpt lat="50.982784" lon="12.932710">
        <ele>278.085274</ele>
        <time>2026-05-14T13:29:23.576Z</time>
      </trkpt>
      <trkpt lat="50.982882" lon="12.932608">
        <ele>277.964373</ele>
        <time>2026-05-14T13:29:24.963Z</time>
      </trkpt>
      <trkpt lat="50.982913" lon="12.932581">
        <ele>277.927891</ele>
        <time>2026-05-14T13:29:25.380Z</time>
      </trkpt>
      <trkpt lat="50.983354" lon="12.932375">
        <ele>277.453557</ele>
        <time>2026-05-14T13:29:31.136Z</time>
      </trkpt>
      <trkpt lat="50.983393" lon="12.932357">
        <ele>277.411649</ele>
        <time>2026-05-14T13:29:31.674Z</time>
      </trkpt>
      <trkpt lat="50.984224" lon="12.931749">
        <ele>276.604516</ele>
        <time>2026-05-14T13:29:45.813Z</time>
      </trkpt>
      <trkpt lat="50.984272" lon="12.931715">
        <ele>276.572152</ele>
        <time>2026-05-14T13:29:46.678Z</time>
      </trkpt>
      <trkpt lat="50.984439" lon="12.931573">
        <ele>276.455507</ele>
        <time>2026-05-14T13:29:49.883Z</time>
      </trkpt>
      <trkpt lat="50.984718" lon="12.931236">
        <ele>276.239671</ele>
        <time>2026-05-14T13:29:55.359Z</time>
      </trkpt>
      <trkpt lat="50.985393" lon="12.930408">
        <ele>275.714500</ele>
        <time>2026-05-14T13:30:05.411Z</time>
      </trkpt>
      <trkpt lat="50.985529" lon="12.930258">
        <ele>275.472769</ele>
        <time>2026-05-14T13:30:07.245Z</time>
      </trkpt>
      <trkpt lat="50.985732" lon="12.930136">
        <ele>275.124548</ele>
        <time>2026-05-14T13:30:09.597Z</time>
      </trkpt>
      <trkpt lat="50.986186" lon="12.929953">
        <ele>274.373071</ele>
        <time>2026-05-14T13:30:14.796Z</time>
      </trkpt>
      <trkpt lat="50.986224" lon="12.929938">
        <ele>274.310250</ele>
        <time>2026-05-14T13:30:15.228Z</time>
      </trkpt>
      <trkpt lat="50.986807" lon="12.929672">
        <ele>273.337073</ele>
        <time>2026-05-14T13:30:21.976Z</time>
      </trkpt>
      <trkpt lat="50.986946" lon="12.929555">
        <ele>273.084691</ele>
        <time>2026-05-14T13:30:23.843Z</time>
      </trkpt>
      <trkpt lat="50.987094" lon="12.929347">
        <ele>272.787784</ele>
        <time>2026-05-14T13:30:26.261Z</time>
      </trkpt>
      <trkpt lat="50.987328" lon="12.928984">
        <ele>272.491537</ele>
        <time>2026-05-14T13:30:30.352Z</time>
      </trkpt>
      <trkpt lat="50.987351" lon="12.928949">
        <ele>272.462688</ele>
        <time>2026-05-14T13:30:30.719Z</time>
      </trkpt>
      <trkpt lat="50.987595" lon="12.928402">
        <ele>272.080434</ele>
        <time>2026-05-14T13:30:35.934Z</time>
      </trkpt>
      <trkpt lat="50.987752" lon="12.928030">
        <ele>271.825069</ele>
        <time>2026-05-14T13:30:39.341Z</time>
      </trkpt>
      <trkpt lat="50.987867" lon="12.927733">
        <ele>271.626256</ele>
        <time>2026-05-14T13:30:41.986Z</time>
      </trkpt>
      <trkpt lat="50.987952" lon="12.927506">
        <ele>271.475660</ele>
        <time>2026-05-14T13:30:44.244Z</time>
      </trkpt>
      <trkpt lat="50.988008" lon="12.927323">
        <ele>271.359643</ele>
        <time>2026-05-14T13:30:46.097Z</time>
      </trkpt>
      <trkpt lat="50.988125" lon="12.926930">
        <ele>271.091174</ele>
        <time>2026-05-14T13:30:49.842Z</time>
      </trkpt>
      <trkpt lat="50.988351" lon="12.926248">
        <ele>270.527661</ele>
        <time>2026-05-14T13:30:56.032Z</time>
      </trkpt>
      <trkpt lat="50.988422" lon="12.926039">
        <ele>270.354020</ele>
        <time>2026-05-14T13:30:57.866Z</time>
      </trkpt>
      <trkpt lat="50.988546" lon="12.925599">
        <ele>270.001550</ele>
        <time>2026-05-14T13:31:01.509Z</time>
      </trkpt>
      <trkpt lat="50.988779" lon="12.924546">
        <ele>269.185483</ele>
        <time>2026-05-14T13:31:09.655Z</time>
      </trkpt>
      <trkpt lat="50.988908" lon="12.923545">
        <ele>268.288125</ele>
        <time>2026-05-14T13:31:16.607Z</time>
      </trkpt>
      <trkpt lat="50.988961" lon="12.923150">
        <ele>267.925297</ele>
        <time>2026-05-14T13:31:19.453Z</time>
      </trkpt>
      <trkpt lat="50.988995" lon="12.922842">
        <ele>267.644378</ele>
        <time>2026-05-14T13:31:21.710Z</time>
      </trkpt>
      <trkpt lat="50.989005" lon="12.922748">
        <ele>267.558734</ele>
        <time>2026-05-14T13:31:22.410Z</time>
      </trkpt>
      <trkpt lat="50.989038" lon="12.922482">
        <ele>267.315171</ele>
        <time>2026-05-14T13:31:24.426Z</time>
      </trkpt>
      <trkpt lat="50.989028" lon="12.922047">
        <ele>266.924122</ele>
        <time>2026-05-14T13:31:27.754Z</time>
      </trkpt>
      <trkpt lat="50.988939" lon="12.921736">
        <ele>266.617212</ele>
        <time>2026-05-14T13:31:30.422Z</time>
      </trkpt>
      <trkpt lat="50.988837" lon="12.921508">
        <ele>266.521659</ele>
        <time>2026-05-14T13:31:32.670Z</time>
      </trkpt>
      <trkpt lat="50.988485" lon="12.920823">
        <ele>266.487769</ele>
        <time>2026-05-14T13:31:40.463Z</time>
      </trkpt>
      <trkpt lat="50.988331" lon="12.920510">
        <ele>266.472544</ele>
        <time>2026-05-14T13:31:44.090Z</time>
      </trkpt>
      <trkpt lat="50.988180" lon="12.920178">
        <ele>266.456846</ele>
        <time>2026-05-14T13:31:48.104Z</time>
      </trkpt>
      <trkpt lat="50.987690" lon="12.918916">
        <ele>266.416406</ele>
        <time>2026-05-14T13:32:03.179Z</time>
      </trkpt>
      <trkpt lat="50.987567" lon="12.918531">
        <ele>266.414079</ele>
        <time>2026-05-14T13:32:07.684Z</time>
      </trkpt>
      <trkpt lat="50.987546" lon="12.918281">
        <ele>266.412719</ele>
        <time>2026-05-14T13:32:10.362Z</time>
      </trkpt>
      <trkpt lat="50.987568" lon="12.918090">
        <ele>266.411672</ele>
        <time>2026-05-14T13:32:12.509Z</time>
      </trkpt>
      <trkpt lat="50.987667" lon="12.917815">
        <ele>266.409964</ele>
        <time>2026-05-14T13:32:15.896Z</time>
      </trkpt>
      <trkpt lat="50.987807" lon="12.917618">
        <ele>266.408363</ele>
        <time>2026-05-14T13:32:18.934Z</time>
      </trkpt>
      <trkpt lat="50.988014" lon="12.917318">
        <ele>266.405963</ele>
        <time>2026-05-14T13:32:23.293Z</time>
      </trkpt>
      <trkpt lat="50.988371" lon="12.916663">
        <ele>265.824449</ele>
        <time>2026-05-14T13:32:29.601Z</time>
      </trkpt>
      <trkpt lat="50.988622" lon="12.916218">
        <ele>265.044701</ele>
        <time>2026-05-14T13:32:33.818Z</time>
      </trkpt>
      <trkpt lat="50.988714" lon="12.916052">
        <ele>264.756075</ele>
        <time>2026-05-14T13:32:35.379Z</time>
      </trkpt>
      <trkpt lat="50.989162" lon="12.915213">
        <ele>263.320333</ele>
        <time>2026-05-14T13:32:42.639Z</time>
      </trkpt>
      <trkpt lat="50.989351" lon="12.915019">
        <ele>262.853839</ele>
        <time>2026-05-14T13:32:44.946Z</time>
      </trkpt>
      <trkpt lat="50.989538" lon="12.914862">
        <ele>262.493105</ele>
        <time>2026-05-14T13:32:47.123Z</time>
      </trkpt>
      <trkpt lat="50.989619" lon="12.914794">
        <ele>262.360082</ele>
        <time>2026-05-14T13:32:48.070Z</time>
      </trkpt>
      <trkpt lat="50.989824" lon="12.914601">
        <ele>262.014081</ele>
        <time>2026-05-14T13:32:50.610Z</time>
      </trkpt>
      <trkpt lat="50.989899" lon="12.914522">
        <ele>261.883420</ele>
        <time>2026-05-14T13:32:51.594Z</time>
      </trkpt>
      <trkpt lat="50.990391" lon="12.913763">
        <ele>260.887650</ele>
        <time>2026-05-14T13:32:59.758Z</time>
      </trkpt>
      <trkpt lat="50.990712" lon="12.912769">
        <ele>259.964239</ele>
        <time>2026-05-14T13:33:08.743Z</time>
      </trkpt>
      <trkpt lat="50.990800" lon="12.912566">
        <ele>259.850827</ele>
        <time>2026-05-14T13:33:10.776Z</time>
      </trkpt>
      <trkpt lat="50.991075" lon="12.912135">
        <ele>259.568450</ele>
        <time>2026-05-14T13:33:16.268Z</time>
      </trkpt>
      <trkpt lat="50.991071" lon="12.912049">
        <ele>259.528772</ele>
        <time>2026-05-14T13:33:16.977Z</time>
      </trkpt>
      <trkpt lat="50.991064" lon="12.911904">
        <ele>259.461860</ele>
        <time>2026-05-14T13:33:18.222Z</time>
      </trkpt>
      <trkpt lat="50.991067" lon="12.911878">
        <ele>259.449698</ele>
        <time>2026-05-14T13:33:18.442Z</time>
      </trkpt>
      <trkpt lat="50.991100" lon="12.911736">
        <ele>259.380050</ele>
        <time>2026-05-14T13:33:19.697Z</time>
      </trkpt>
      <trkpt lat="50.991298" lon="12.911412">
        <ele>259.172271</ele>
        <time>2026-05-14T13:33:23.367Z</time>
      </trkpt>
      <trkpt lat="50.991529" lon="12.911056">
        <ele>258.937019</ele>
        <time>2026-05-14T13:33:27.350Z</time>
      </trkpt>
      <trkpt lat="50.991633" lon="12.910989">
        <ele>258.854984</ele>
        <time>2026-05-14T13:33:28.682Z</time>
      </trkpt>
      <trkpt lat="50.991818" lon="12.910971">
        <ele>258.692949</ele>
        <time>2026-05-14T13:33:30.865Z</time>
      </trkpt>
      <trkpt lat="50.992132" lon="12.911130">
        <ele>258.231136</ele>
        <time>2026-05-14T13:33:34.693Z</time>
      </trkpt>
      <trkpt lat="50.992407" lon="12.911265">
        <ele>257.827805</ele>
        <time>2026-05-14T13:33:38.194Z</time>
      </trkpt>
      <trkpt lat="50.992885" lon="12.911373">
        <ele>257.151250</ele>
        <time>2026-05-14T13:33:43.633Z</time>
      </trkpt>
      <trkpt lat="50.993116" lon="12.911415">
        <ele>256.825439</ele>
        <time>2026-05-14T13:33:46.261Z</time>
      </trkpt>
      <trkpt lat="50.993236" lon="12.911537">
        <ele>256.625804</ele>
        <time>2026-05-14T13:33:47.873Z</time>
      </trkpt>
      <trkpt lat="50.993321" lon="12.911734">
        <ele>256.415146</ele>
        <time>2026-05-14T13:33:49.568Z</time>
      </trkpt>
      <trkpt lat="50.994283" lon="12.910590">
        <ele>255.187766</ele>
        <time>2026-05-14T13:34:03.985Z</time>
      </trkpt>
      <trkpt lat="50.995010" lon="12.909787">
        <ele>254.382907</ele>
        <time>2026-05-14T13:34:15.478Z</time>
      </trkpt>
      <trkpt lat="50.995058" lon="12.909734">
        <ele>254.347675</ele>
        <time>2026-05-14T13:34:16.237Z</time>
      </trkpt>
      <trkpt lat="50.995569" lon="12.909170">
        <ele>253.972658</ele>
        <time>2026-05-14T13:34:24.522Z</time>
      </trkpt>
      <trkpt lat="50.995722" lon="12.909050">
        <ele>253.869816</ele>
        <time>2026-05-14T13:34:26.752Z</time>
      </trkpt>
      <trkpt lat="50.996225" lon="12.908683">
        <ele>253.536204</ele>
        <time>2026-05-14T13:34:33.852Z</time>
      </trkpt>
      <trkpt lat="50.996618" lon="12.908251">
        <ele>253.301152</ele>
        <time>2026-05-14T13:34:39.932Z</time>
      </trkpt>
      <trkpt lat="50.996907" lon="12.907873">
        <ele>253.158560</ele>
        <time>2026-05-14T13:34:44.763Z</time>
      </trkpt>
      <trkpt lat="50.996946" lon="12.907823">
        <ele>253.139470</ele>
        <time>2026-05-14T13:34:45.419Z</time>
      </trkpt>
      <trkpt lat="50.996985" lon="12.907772">
        <ele>253.120230</ele>
        <time>2026-05-14T13:34:46.078Z</time>
      </trkpt>
      <trkpt lat="50.997061" lon="12.907581">
        <ele>253.066054</ele>
        <time>2026-05-14T13:34:47.992Z</time>
      </trkpt>
      <trkpt lat="50.997206" lon="12.907158">
        <ele>252.950576</ele>
        <time>2026-05-14T13:34:52.159Z</time>
      </trkpt>
      <trkpt lat="50.997398" lon="12.906428">
        <ele>252.760895</ele>
        <time>2026-05-14T13:34:59.209Z</time>
      </trkpt>
      <trkpt lat="50.997538" lon="12.906004">
        <ele>252.685422</ele>
        <time>2026-05-14T13:35:03.664Z</time>
      </trkpt>
      <trkpt lat="50.997568" lon="12.905932">
        <ele>252.678090</ele>
        <time>2026-05-14T13:35:04.526Z</time>
      </trkpt>
      <trkpt lat="50.997799" lon="12.905426">
        <ele>252.625012</ele>
        <time>2026-05-14T13:35:10.602Z</time>
      </trkpt>
      <trkpt lat="50.997878" lon="12.905197">
        <ele>252.602837</ele>
        <time>2026-05-14T13:35:13.129Z</time>
      </trkpt>
      <trkpt lat="50.998077" lon="12.904350">
        <ele>252.526069</ele>
        <time>2026-05-14T13:35:21.630Z</time>
      </trkpt>
      <trkpt lat="50.998240" lon="12.903865">
        <ele>252.479383</ele>
        <time>2026-05-14T13:35:26.344Z</time>
      </trkpt>
      <trkpt lat="50.998598" lon="12.903062">
        <ele>252.112006</ele>
        <time>2026-05-14T13:35:34.278Z</time>
      </trkpt>
      <trkpt lat="50.998981" lon="12.902427">
        <ele>251.727841</ele>
        <time>2026-05-14T13:35:41.038Z</time>
      </trkpt>
      <trkpt lat="50.999671" lon="12.901404">
        <ele>251.089902</ele>
        <time>2026-05-14T13:35:53.110Z</time>
      </trkpt>
      <trkpt lat="50.999942" lon="12.900999">
        <ele>250.862418</ele>
        <time>2026-05-14T13:35:58.244Z</time>
      </trkpt>
      <trkpt lat="51.000144" lon="12.900608">
        <ele>250.667750</ele>
        <time>2026-05-14T13:36:02.595Z</time>
      </trkpt>
      <trkpt lat="51.000175" lon="12.900439">
        <ele>250.600010</ele>
        <time>2026-05-14T13:36:04.076Z</time>
      </trkpt>
      <trkpt lat="51.000200" lon="12.900003">
        <ele>250.431537</ele>
        <time>2026-05-14T13:36:07.696Z</time>
      </trkpt>
      <trkpt lat="51.000344" lon="12.900058">
        <ele>250.340976</ele>
        <time>2026-05-14T13:36:23.864Z</time>
      </trkpt>
      <trkpt lat="51.000200" lon="12.900003">
        <ele>250.250416</ele>
        <time>2026-05-14T13:36:39.905Z</time>
      </trkpt>
      <trkpt lat="51.000193" lon="12.899762">
        <ele>250.157577</ele>
        <time>2026-05-14T13:36:41.763Z</time>
      </trkpt>
      <trkpt lat="51.000185" lon="12.899607">
        <ele>250.097149</ele>
        <time>2026-05-14T13:36:42.952Z</time>
      </trkpt>
      <trkpt lat="51.000107" lon="12.898402">
        <ele>249.616289</ele>
        <time>2026-05-14T13:36:52.414Z</time>
      </trkpt>
      <trkpt lat="51.000112" lon="12.898209">
        <ele>249.539611</ele>
        <time>2026-05-14T13:36:53.946Z</time>
      </trkpt>
      <trkpt lat="51.000222" lon="12.897653">
        <ele>249.308253</ele>
        <time>2026-05-14T13:36:58.710Z</time>
      </trkpt>
      <trkpt lat="51.000236" lon="12.897393">
        <ele>249.204667</ele>
        <time>2026-05-14T13:37:00.939Z</time>
      </trkpt>
      <trkpt lat="51.000182" lon="12.894253">
        <ele>248.529051</ele>
        <time>2026-05-14T13:37:29.067Z</time>
      </trkpt>
      <trkpt lat="51.000226" lon="12.893650">
        <ele>248.341672</ele>
        <time>2026-05-14T13:37:33.956Z</time>
      </trkpt>
      <trkpt lat="51.000310" lon="12.893170">
        <ele>248.131522</ele>
        <time>2026-05-14T13:37:37.937Z</time>
      </trkpt>
      <trkpt lat="51.000379" lon="12.892854">
        <ele>247.990435</ele>
        <time>2026-05-14T13:37:40.597Z</time>
      </trkpt>
      <trkpt lat="51.000481" lon="12.892627">
        <ele>247.872783</ele>
        <time>2026-05-14T13:37:42.812Z</time>
      </trkpt>
      <trkpt lat="51.000817" lon="12.892048">
        <ele>247.540572</ele>
        <time>2026-05-14T13:37:49.147Z</time>
      </trkpt>
      <trkpt lat="51.000982" lon="12.891644">
        <ele>247.337422</ele>
        <time>2026-05-14T13:37:53.012Z</time>
      </trkpt>
      <trkpt lat="51.001199" lon="12.890910">
        <ele>246.935841</ele>
        <time>2026-05-14T13:37:59.506Z</time>
      </trkpt>
      <trkpt lat="51.001268" lon="12.890343">
        <ele>246.640327</ele>
        <time>2026-05-14T13:38:04.081Z</time>
      </trkpt>
      <trkpt lat="51.001283" lon="12.890004">
        <ele>246.466430</ele>
        <time>2026-05-14T13:38:06.753Z</time>
      </trkpt>
      <trkpt lat="51.001343" lon="12.889769">
        <ele>246.336658</ele>
        <time>2026-05-14T13:38:08.747Z</time>
      </trkpt>
      <trkpt lat="51.001438" lon="12.889573">
        <ele>246.210063</ele>
        <time>2026-05-14T13:38:10.679Z</time>
      </trkpt>
      <trkpt lat="51.002260" lon="12.888447">
        <ele>245.590416</ele>
        <time>2026-05-14T13:38:24.231Z</time>
      </trkpt>
      <trkpt lat="51.002523" lon="12.888011">
        <ele>245.449035</ele>
        <time>2026-05-14T13:38:29.317Z</time>
      </trkpt>
      <trkpt lat="51.002618" lon="12.887803">
        <ele>245.388872</ele>
        <time>2026-05-14T13:38:31.506Z</time>
      </trkpt>
      <trkpt lat="51.002734" lon="12.887459">
        <ele>245.297512</ele>
        <time>2026-05-14T13:38:34.887Z</time>
      </trkpt>
      <trkpt lat="51.002916" lon="12.886711">
        <ele>245.169946</ele>
        <time>2026-05-14T13:38:42.431Z</time>
      </trkpt>
      <trkpt lat="51.002966" lon="12.886487">
        <ele>245.215230</ele>
        <time>2026-05-14T13:38:44.893Z</time>
      </trkpt>
      <trkpt lat="51.003009" lon="12.885990">
        <ele>245.310814</ele>
        <time>2026-05-14T13:38:50.447Z</time>
      </trkpt>
      <trkpt lat="51.003005" lon="12.885157">
        <ele>245.469530</ele>
        <time>2026-05-14T13:38:59.996Z</time>
      </trkpt>
      <trkpt lat="51.002975" lon="12.884597">
        <ele>245.576613</ele>
        <time>2026-05-14T13:39:05.915Z</time>
      </trkpt>
      <trkpt lat="51.002919" lon="12.884179">
        <ele>245.658040</ele>
        <time>2026-05-14T13:39:09.764Z</time>
      </trkpt>
      <trkpt lat="51.002793" lon="12.883600">
        <ele>245.581118</ele>
        <time>2026-05-14T13:39:14.860Z</time>
      </trkpt>
      <trkpt lat="51.002725" lon="12.883144">
        <ele>245.472197</ele>
        <time>2026-05-14T13:39:18.643Z</time>
      </trkpt>
      <trkpt lat="51.002806" lon="12.882451">
        <ele>245.308372</ele>
        <time>2026-05-14T13:39:24.238Z</time>
      </trkpt>
      <trkpt lat="51.002877" lon="12.881953">
        <ele>245.189691</ele>
        <time>2026-05-14T13:39:28.361Z</time>
      </trkpt>
      <trkpt lat="51.002920" lon="12.881418">
        <ele>245.064334</ele>
        <time>2026-05-14T13:39:32.839Z</time>
      </trkpt>
      <trkpt lat="51.002925" lon="12.881015">
        <ele>245.168570</ele>
        <time>2026-05-14T13:39:36.540Z</time>
      </trkpt>
      <trkpt lat="51.002904" lon="12.880574">
        <ele>245.452869</ele>
        <time>2026-05-14T13:39:41.778Z</time>
      </trkpt>
      <trkpt lat="51.002858" lon="12.880287">
        <ele>245.643252</ele>
        <time>2026-05-14T13:39:45.825Z</time>
      </trkpt>
      <trkpt lat="51.002668" lon="12.879452">
        <ele>246.214033</ele>
        <time>2026-05-14T13:39:59.030Z</time>
      </trkpt>
      <trkpt lat="51.002318" lon="12.878203">
        <ele>246.608052</ele>
        <time>2026-05-14T13:40:14.963Z</time>
      </trkpt>
      <trkpt lat="51.002113" lon="12.877483">
        <ele>246.055940</ele>
        <time>2026-05-14T13:40:21.481Z</time>
      </trkpt>
      <trkpt lat="51.001872" lon="12.876503">
        <ele>245.320849</ele>
        <time>2026-05-14T13:40:28.717Z</time>
      </trkpt>
      <trkpt lat="51.001904" lon="12.875703">
        <ele>244.719347</ele>
        <time>2026-05-14T13:40:34.157Z</time>
      </trkpt>
      <trkpt lat="51.001901" lon="12.875470">
        <ele>244.490944</ele>
        <time>2026-05-14T13:40:35.831Z</time>
      </trkpt>
      <trkpt lat="51.001864" lon="12.875265">
        <ele>244.281930</ele>
        <time>2026-05-14T13:40:37.369Z</time>
      </trkpt>
      <trkpt lat="51.001827" lon="12.875109">
        <ele>244.118540</ele>
        <time>2026-05-14T13:40:38.561Z</time>
      </trkpt>
      <trkpt lat="51.001668" lon="12.874682">
        <ele>243.632276</ele>
        <time>2026-05-14T13:40:42.081Z</time>
      </trkpt>
      <trkpt lat="51.001382" lon="12.874050">
        <ele>242.869345</ele>
        <time>2026-05-14T13:40:47.814Z</time>
      </trkpt>
      <trkpt lat="51.001303" lon="12.873813">
        <ele>242.606493</ele>
        <time>2026-05-14T13:40:49.842Z</time>
      </trkpt>
      <trkpt lat="51.001289" lon="12.873680">
        <ele>242.474332</ele>
        <time>2026-05-14T13:40:50.850Z</time>
      </trkpt>
      <trkpt lat="51.001284" lon="12.873363">
        <ele>242.163549</ele>
        <time>2026-05-14T13:40:53.219Z</time>
      </trkpt>
      <trkpt lat="51.001343" lon="12.872951">
        <ele>241.811053</ele>
        <time>2026-05-14T13:40:56.320Z</time>
      </trkpt>
      <trkpt lat="51.001428" lon="12.872666">
        <ele>241.562788</ele>
        <time>2026-05-14T13:40:58.596Z</time>
      </trkpt>
      <trkpt lat="51.001697" lon="12.871982">
        <ele>240.927866</ele>
        <time>2026-05-14T13:41:04.304Z</time>
      </trkpt>
      <trkpt lat="51.002164" lon="12.870100">
        <ele>239.494032</ele>
        <time>2026-05-14T13:41:19.970Z</time>
      </trkpt>
      <trkpt lat="51.002208" lon="12.869606">
        <ele>239.231839</ele>
        <time>2026-05-14T13:41:23.840Z</time>
      </trkpt>
      <trkpt lat="51.002177" lon="12.868757">
        <ele>238.784926</ele>
        <time>2026-05-14T13:41:30.389Z</time>
      </trkpt>
      <trkpt lat="51.002209" lon="12.868203">
        <ele>238.492566</ele>
        <time>2026-05-14T13:41:34.633Z</time>
      </trkpt>
      <trkpt lat="51.002259" lon="12.867791">
        <ele>238.347610</ele>
        <time>2026-05-14T13:41:38.080Z</time>
      </trkpt>
      <trkpt lat="51.002353" lon="12.867312">
        <ele>238.600854</ele>
        <time>2026-05-14T13:41:42.771Z</time>
      </trkpt>
      <trkpt lat="51.002175" lon="12.867061">
        <ele>238.791723</ele>
        <time>2026-05-14T13:41:46.448Z</time>
      </trkpt>
      <trkpt lat="51.002065" lon="12.866997">
        <ele>238.885676</ele>
        <time>2026-05-14T13:41:48.291Z</time>
      </trkpt>
      <trkpt lat="51.001708" lon="12.866945">
        <ele>239.173208</ele>
        <time>2026-05-14T13:41:54.399Z</time>
      </trkpt>
      <trkpt lat="51.001551" lon="12.866913">
        <ele>239.300161</ele>
        <time>2026-05-14T13:41:57.482Z</time>
      </trkpt>
      <trkpt lat="51.001312" lon="12.866812">
        <ele>239.498514</ele>
        <time>2026-05-14T13:42:02.637Z</time>
      </trkpt>
      <trkpt lat="51.000947" lon="12.866538">
        <ele>239.956322</ele>
        <time>2026-05-14T13:42:12.198Z</time>
      </trkpt>
      <trkpt lat="51.000710" lon="12.866411">
        <ele>240.546134</ele>
        <time>2026-05-14T13:42:18.562Z</time>
      </trkpt>
      <trkpt lat="50.999859" lon="12.866005">
        <ele>242.641446</ele>
        <time>2026-05-14T13:42:39.838Z</time>
      </trkpt>
      <trkpt lat="50.999788" lon="12.865971">
        <ele>242.816315</ele>
        <time>2026-05-14T13:42:41.751Z</time>
      </trkpt>
      <trkpt lat="50.999769" lon="12.865961">
        <ele>242.863514</ele>
        <time>2026-05-14T13:42:42.272Z</time>
      </trkpt>
      <trkpt lat="50.999186" lon="12.865676">
        <ele>244.534653</ele>
        <time>2026-05-14T13:42:57.401Z</time>
      </trkpt>
      <trkpt lat="50.998697" lon="12.865446">
        <ele>246.648344</ele>
        <time>2026-05-14T13:43:10.416Z</time>
      </trkpt>
      <trkpt lat="50.998540" lon="12.865448">
        <ele>247.299085</ele>
        <time>2026-05-14T13:43:15.142Z</time>
      </trkpt>
      <trkpt lat="50.998547" lon="12.865318">
        <ele>247.639420</ele>
        <time>2026-05-14T13:43:17.854Z</time>
      </trkpt>
      <trkpt lat="50.998553" lon="12.865188">
        <ele>247.979427</ele>
        <time>2026-05-14T13:43:20.495Z</time>
      </trkpt>
      <trkpt lat="50.998684" lon="12.864776">
        <ele>249.183472</ele>
        <time>2026-05-14T13:43:30.664Z</time>
      </trkpt>
      <trkpt lat="50.998863" lon="12.863849">
        <ele>251.766603</ele>
        <time>2026-05-14T13:43:52.824Z</time>
      </trkpt>
      <trkpt lat="50.998940" lon="12.863375">
        <ele>253.304905</ele>
        <time>2026-05-14T13:44:04.282Z</time>
      </trkpt>
      <trkpt lat="50.999040" lon="12.862621">
        <ele>255.726284</ele>
        <time>2026-05-14T13:44:23.545Z</time>
      </trkpt>
      <trkpt lat="50.999117" lon="12.861833">
        <ele>258.232128</ele>
        <time>2026-05-14T13:44:41.301Z</time>
      </trkpt>
      <trkpt lat="50.999251" lon="12.859695">
        <ele>262.499892</ele>
        <time>2026-05-14T13:45:20.007Z</time>
      </trkpt>
      <trkpt lat="50.999263" lon="12.859208">
        <ele>263.195947</ele>
        <time>2026-05-14T13:45:26.905Z</time>
      </trkpt>
      <trkpt lat="50.999231" lon="12.858213">
        <ele>264.494606</ele>
        <time>2026-05-14T13:45:38.530Z</time>
      </trkpt>
      <trkpt lat="50.999137" lon="12.857073">
        <ele>264.222870</ele>
        <time>2026-05-14T13:45:48.647Z</time>
      </trkpt>
      <trkpt lat="50.999026" lon="12.856389">
        <ele>264.055922</ele>
        <time>2026-05-14T13:45:54.474Z</time>
      </trkpt>
      <trkpt lat="50.998655" lon="12.855066">
        <ele>263.264451</ele>
        <time>2026-05-14T13:46:05.707Z</time>
      </trkpt>
      <trkpt lat="50.998455" lon="12.854432">
        <ele>262.485607</ele>
        <time>2026-05-14T13:46:10.976Z</time>
      </trkpt>
      <trkpt lat="50.998121" lon="12.853148">
        <ele>260.959784</ele>
        <time>2026-05-14T13:46:20.567Z</time>
      </trkpt>
      <trkpt lat="50.997288" lon="12.849418">
        <ele>255.145149</ele>
        <time>2026-05-14T13:46:46.555Z</time>
      </trkpt>
      <trkpt lat="50.997038" lon="12.848094">
        <ele>253.765612</ele>
        <time>2026-05-14T13:46:56.674Z</time>
      </trkpt>
      <trkpt lat="50.996925" lon="12.847517">
        <ele>253.162530</ele>
        <time>2026-05-14T13:47:01.660Z</time>
      </trkpt>
      <trkpt lat="50.996824" lon="12.846781">
        <ele>252.445583</ele>
        <time>2026-05-14T13:47:08.226Z</time>
      </trkpt>
      <trkpt lat="50.996679" lon="12.845696">
        <ele>251.390574</ele>
        <time>2026-05-14T13:47:16.698Z</time>
      </trkpt>
      <trkpt lat="50.996547" lon="12.844995">
        <ele>250.694611</ele>
        <time>2026-05-14T13:47:21.644Z</time>
      </trkpt>
      <trkpt lat="50.996516" lon="12.844627">
        <ele>250.247044</ele>
        <time>2026-05-14T13:47:24.072Z</time>
      </trkpt>
      <trkpt lat="50.996576" lon="12.844368">
        <ele>249.718459</ele>
        <time>2026-05-14T13:47:25.841Z</time>
      </trkpt>
      <trkpt lat="50.997368" lon="12.843485">
        <ele>246.774174</ele>
        <time>2026-05-14T13:47:35.348Z</time>
      </trkpt>
      <trkpt lat="50.997751" lon="12.842854">
        <ele>245.095221</ele>
        <time>2026-05-14T13:47:41.064Z</time>
      </trkpt>
      <trkpt lat="50.997807" lon="12.842723">
        <ele>244.992082</ele>
        <time>2026-05-14T13:47:42.160Z</time>
      </trkpt>
      <trkpt lat="50.997832" lon="12.842570">
        <ele>245.047478</ele>
        <time>2026-05-14T13:47:43.287Z</time>
      </trkpt>
      <trkpt lat="50.997816" lon="12.842437">
        <ele>245.094932</ele>
        <time>2026-05-14T13:47:44.274Z</time>
      </trkpt>
      <trkpt lat="50.997653" lon="12.841857">
        <ele>245.317537</ele>
        <time>2026-05-14T13:47:49.149Z</time>
      </trkpt>
      <trkpt lat="50.997618" lon="12.841765">
        <ele>245.355212</ele>
        <time>2026-05-14T13:47:50.135Z</time>
      </trkpt>
      <trkpt lat="50.997404" lon="12.841356">
        <ele>245.541612</ele>
        <time>2026-05-14T13:47:55.923Z</time>
      </trkpt>
      <trkpt lat="50.997262" lon="12.841143">
        <ele>245.650352</ele>
        <time>2026-05-14T13:48:00.191Z</time>
      </trkpt>
      <trkpt lat="50.997081" lon="12.840896">
        <ele>245.783210</ele>
        <time>2026-05-14T13:48:05.918Z</time>
      </trkpt>
      <trkpt lat="50.996907" lon="12.840658">
        <ele>245.911057</ele>
        <time>2026-05-14T13:48:11.749Z</time>
      </trkpt>
      <trkpt lat="50.996730" lon="12.840448">
        <ele>246.388924</ele>
        <time>2026-05-14T13:48:17.594Z</time>
      </trkpt>
      <trkpt lat="50.996450" lon="12.840035">
        <ele>247.659298</ele>
        <time>2026-05-14T13:48:28.477Z</time>
      </trkpt>
      <trkpt lat="50.996401" lon="12.839911">
        <ele>247.965708</ele>
        <time>2026-05-14T13:48:31.215Z</time>
      </trkpt>
      <trkpt lat="50.996243" lon="12.839257">
        <ele>249.431735</ele>
        <time>2026-05-14T13:48:45.031Z</time>
      </trkpt>
      <trkpt lat="50.996193" lon="12.838989">
        <ele>250.016715</ele>
        <time>2026-05-14T13:48:50.449Z</time>
      </trkpt>
      <trkpt lat="50.996141" lon="12.838843">
        <ele>250.367789</ele>
        <time>2026-05-14T13:48:53.639Z</time>
      </trkpt>
      <trkpt lat="50.996015" lon="12.838632">
        <ele>250.976493</ele>
        <time>2026-05-14T13:48:58.810Z</time>
      </trkpt>
      <trkpt lat="50.995895" lon="12.838409">
        <ele>251.590505</ele>
        <time>2026-05-14T13:49:03.707Z</time>
      </trkpt>
      <trkpt lat="50.995863" lon="12.838271">
        <ele>251.898284</ele>
        <time>2026-05-14T13:49:06.086Z</time>
      </trkpt>
      <trkpt lat="50.995811" lon="12.837883">
        <ele>252.401543</ele>
        <time>2026-05-14T13:49:12.273Z</time>
      </trkpt>
      <trkpt lat="50.995619" lon="12.837395">
        <ele>253.104366</ele>
        <time>2026-05-14T13:49:21.086Z</time>
      </trkpt>
      <trkpt lat="50.995576" lon="12.837294">
        <ele>253.253280</ele>
        <time>2026-05-14T13:49:22.859Z</time>
      </trkpt>
      <trkpt lat="50.995518" lon="12.837001">
        <ele>253.628381</ele>
        <time>2026-05-14T13:49:27.209Z</time>
      </trkpt>
      <trkpt lat="50.995523" lon="12.836853">
        <ele>253.809384</ele>
        <time>2026-05-14T13:49:29.117Z</time>
      </trkpt>
      <trkpt lat="50.995536" lon="12.836441">
        <ele>254.313163</ele>
        <time>2026-05-14T13:49:34.004Z</time>
      </trkpt>
      <trkpt lat="50.995447" lon="12.835340">
        <ele>255.781579</ele>
        <time>2026-05-14T13:49:48.057Z</time>
      </trkpt>
      <trkpt lat="50.995375" lon="12.834835">
        <ele>256.717022</ele>
        <time>2026-05-14T13:49:55.573Z</time>
      </trkpt>
      <trkpt lat="50.995293" lon="12.834402">
        <ele>257.533921</ele>
        <time>2026-05-14T13:50:02.931Z</time>
      </trkpt>
      <trkpt lat="50.995117" lon="12.833619">
        <ele>259.035992</ele>
        <time>2026-05-14T13:50:17.631Z</time>
      </trkpt>
      <trkpt lat="50.994780" lon="12.832345">
        <ele>261.234782</ele>
        <time>2026-05-14T13:50:43.514Z</time>
      </trkpt>
      <trkpt lat="50.994562" lon="12.831407">
        <ele>262.466598</ele>
        <time>2026-05-14T13:51:00.440Z</time>
      </trkpt>
      <trkpt lat="50.994517" lon="12.831051">
        <ele>262.913924</ele>
        <time>2026-05-14T13:51:05.491Z</time>
      </trkpt>
      <trkpt lat="50.994518" lon="12.830846">
        <ele>263.166478</ele>
        <time>2026-05-14T13:51:08.048Z</time>
      </trkpt>
      <trkpt lat="50.994613" lon="12.830044">
        <ele>264.087049</ele>
        <time>2026-05-14T13:51:16.322Z</time>
      </trkpt>
      <trkpt lat="50.994821" lon="12.828821">
        <ele>263.240947</ele>
        <time>2026-05-14T13:51:25.989Z</time>
      </trkpt>
      <trkpt lat="50.995058" lon="12.827953">
        <ele>262.609037</ele>
        <time>2026-05-14T13:51:32.611Z</time>
      </trkpt>
      <trkpt lat="50.995463" lon="12.826628">
        <ele>261.732482</ele>
        <time>2026-05-14T13:51:43.921Z</time>
      </trkpt>
      <trkpt lat="50.995856" lon="12.825209">
        <ele>260.887490</ele>
        <time>2026-05-14T13:51:56.474Z</time>
      </trkpt>
      <trkpt lat="50.995895" lon="12.824934">
        <ele>260.733845</ele>
        <time>2026-05-14T13:51:58.673Z</time>
      </trkpt>
      <trkpt lat="50.995996" lon="12.823304">
        <ele>259.551139</ele>
        <time>2026-05-14T13:52:11.317Z</time>
      </trkpt>
      <trkpt lat="50.996037" lon="12.822726">
        <ele>259.120537</ele>
        <time>2026-05-14T13:52:15.594Z</time>
      </trkpt>
      <trkpt lat="50.996052" lon="12.822610">
        <ele>259.032869</ele>
        <time>2026-05-14T13:52:16.449Z</time>
      </trkpt>
      <trkpt lat="50.996181" lon="12.822000">
        <ele>258.556477</ele>
        <time>2026-05-14T13:52:21.121Z</time>
      </trkpt>
      <trkpt lat="50.996261" lon="12.821658">
        <ele>258.185499</ele>
        <time>2026-05-14T13:52:23.780Z</time>
      </trkpt>
      <trkpt lat="50.996382" lon="12.821169">
        <ele>257.638678</ele>
        <time>2026-05-14T13:52:27.608Z</time>
      </trkpt>
      <trkpt lat="50.996412" lon="12.820937">
        <ele>257.392193</ele>
        <time>2026-05-14T13:52:29.314Z</time>
      </trkpt>
      <trkpt lat="50.996553" lon="12.819087">
        <ele>255.464933</ele>
        <time>2026-05-14T13:52:42.382Z</time>
      </trkpt>
      <trkpt lat="50.996535" lon="12.818764">
        <ele>255.165258</ele>
        <time>2026-05-14T13:52:44.726Z</time>
      </trkpt>
      <trkpt lat="50.996443" lon="12.818115">
        <ele>254.550447</ele>
        <time>2026-05-14T13:52:49.537Z</time>
      </trkpt>
      <trkpt lat="50.995905" lon="12.815139">
        <ele>252.808877</ele>
        <time>2026-05-14T13:53:12.401Z</time>
      </trkpt>
      <trkpt lat="50.995888" lon="12.815011">
        <ele>252.797994</ele>
        <time>2026-05-14T13:53:13.526Z</time>
      </trkpt>
      <trkpt lat="50.995850" lon="12.814723">
        <ele>252.773514</ele>
        <time>2026-05-14T13:53:16.176Z</time>
      </trkpt>
      <trkpt lat="50.995791" lon="12.814139">
        <ele>252.724308</ele>
        <time>2026-05-14T13:53:22.333Z</time>
      </trkpt>
      <trkpt lat="50.995782" lon="12.814054">
        <ele>252.717137</ele>
        <time>2026-05-14T13:53:23.316Z</time>
      </trkpt>
      <trkpt lat="50.995731" lon="12.813594">
        <ele>252.754473</ele>
        <time>2026-05-14T13:53:29.228Z</time>
      </trkpt>
      <trkpt lat="50.995689" lon="12.813411">
        <ele>253.077367</ele>
        <time>2026-05-14T13:53:31.983Z</time>
      </trkpt>
      <trkpt lat="50.995471" lon="12.812838">
        <ele>254.187271</ele>
        <time>2026-05-14T13:53:42.440Z</time>
      </trkpt>
      <trkpt lat="50.995404" lon="12.812604">
        <ele>254.613422</ele>
        <time>2026-05-14T13:53:46.829Z</time>
      </trkpt>
      <trkpt lat="50.995346" lon="12.812187">
        <ele>255.321355</ele>
        <time>2026-05-14T13:53:54.315Z</time>
      </trkpt>
      <trkpt lat="50.995370" lon="12.811884">
        <ele>255.827595</ele>
        <time>2026-05-14T13:53:59.789Z</time>
      </trkpt>
      <trkpt lat="50.995584" lon="12.810839">
        <ele>257.511234</ele>
        <time>2026-05-14T13:54:19.080Z</time>
      </trkpt>
      <trkpt lat="50.995727" lon="12.809669">
        <ele>258.301453</ele>
        <time>2026-05-14T13:54:36.450Z</time>
      </trkpt>
      <trkpt lat="50.995859" lon="12.809102">
        <ele>258.702275</ele>
        <time>2026-05-14T13:54:42.952Z</time>
      </trkpt>
      <trkpt lat="50.995965" lon="12.808888">
        <ele>258.882830</ele>
        <time>2026-05-14T13:54:45.443Z</time>
      </trkpt>
      <trkpt lat="50.995902" lon="12.808620">
        <ele>259.072506</ele>
        <time>2026-05-14T13:54:47.920Z</time>
      </trkpt>
      <trkpt lat="50.995778" lon="12.807775">
        <ele>258.995019</ele>
        <time>2026-05-14T13:54:54.719Z</time>
      </trkpt>
      <trkpt lat="50.995585" lon="12.806930">
        <ele>258.425462</ele>
        <time>2026-05-14T13:55:01.339Z</time>
      </trkpt>
      <trkpt lat="50.995205" lon="12.805937">
        <ele>257.689121</ele>
        <time>2026-05-14T13:55:10.009Z</time>
      </trkpt>
      <trkpt lat="50.994903" lon="12.804913">
        <ele>257.121564</ele>
        <time>2026-05-14T13:55:19.426Z</time>
      </trkpt>
      <trkpt lat="50.994681" lon="12.804377">
        <ele>256.829126</ele>
        <time>2026-05-14T13:55:24.842Z</time>
      </trkpt>
      <trkpt lat="50.994376" lon="12.803771">
        <ele>256.475485</ele>
        <time>2026-05-14T13:55:30.966Z</time>
      </trkpt>
      <trkpt lat="50.994325" lon="12.803623">
        <ele>256.398583</ele>
        <time>2026-05-14T13:55:32.295Z</time>
      </trkpt>
      <trkpt lat="50.994300" lon="12.803414">
        <ele>256.301623</ele>
        <time>2026-05-14T13:55:33.984Z</time>
      </trkpt>
      <trkpt lat="50.994315" lon="12.803247">
        <ele>256.224739</ele>
        <time>2026-05-14T13:55:35.338Z</time>
      </trkpt>
      <trkpt lat="50.994379" lon="12.803034">
        <ele>256.092117</ele>
        <time>2026-05-14T13:55:37.202Z</time>
      </trkpt>
      <trkpt lat="50.994703" lon="12.802402">
        <ele>255.609393</ele>
        <time>2026-05-14T13:55:43.286Z</time>
      </trkpt>
      <trkpt lat="50.994855" lon="12.802062">
        <ele>255.362417</ele>
        <time>2026-05-14T13:55:46.369Z</time>
      </trkpt>
      <trkpt lat="50.994908" lon="12.801698">
        <ele>255.141161</ele>
        <time>2026-05-14T13:55:49.126Z</time>
      </trkpt>
      <trkpt lat="50.994906" lon="12.801560">
        <ele>255.059415</ele>
        <time>2026-05-14T13:55:50.188Z</time>
      </trkpt>
      <trkpt lat="50.994898" lon="12.801341">
        <ele>254.929503</ele>
        <time>2026-05-14T13:55:51.919Z</time>
      </trkpt>
      <trkpt lat="50.994890" lon="12.801204">
        <ele>254.848022</ele>
        <time>2026-05-14T13:55:53.039Z</time>
      </trkpt>
      <trkpt lat="50.994546" lon="12.801196">
        <ele>254.524310</ele>
        <time>2026-05-14T13:55:57.858Z</time>
      </trkpt>
      <trkpt lat="50.994074" lon="12.801176">
        <ele>253.505731</ele>
        <time>2026-05-14T13:56:04.291Z</time>
      </trkpt>
      <trkpt lat="50.994059" lon="12.801176">
        <ele>253.472697</ele>
        <time>2026-05-14T13:56:04.485Z</time>
      </trkpt>
      <trkpt lat="50.993759" lon="12.801270">
        <ele>252.799288</ele>
        <time>2026-05-14T13:56:08.073Z</time>
      </trkpt>
      <trkpt lat="50.993737" lon="12.801278">
        <ele>252.749585</ele>
        <time>2026-05-14T13:56:08.324Z</time>
      </trkpt>
      <trkpt lat="50.993483" lon="12.801328">
        <ele>252.185929</ele>
        <time>2026-05-14T13:56:11.011Z</time>
      </trkpt>
      <trkpt lat="50.993349" lon="12.801306">
        <ele>251.889253</ele>
        <time>2026-05-14T13:56:12.380Z</time>
      </trkpt>
      <trkpt lat="50.993187" lon="12.801198">
        <ele>251.502348</ele>
        <time>2026-05-14T13:56:14.149Z</time>
      </trkpt>
      <trkpt lat="50.993098" lon="12.800999">
        <ele>251.163960</ele>
        <time>2026-05-14T13:56:15.684Z</time>
      </trkpt>
      <trkpt lat="50.993076" lon="12.800928">
        <ele>251.054265</ele>
        <time>2026-05-14T13:56:16.181Z</time>
      </trkpt>
      <trkpt lat="50.993048" lon="12.800833">
        <ele>250.908858</ele>
        <time>2026-05-14T13:56:16.836Z</time>
      </trkpt>
      <trkpt lat="50.992982" lon="12.800648">
        <ele>250.614092</ele>
        <time>2026-05-14T13:56:18.151Z</time>
      </trkpt>
      <trkpt lat="50.992912" lon="12.800551">
        <ele>250.341104</ele>
        <time>2026-05-14T13:56:19.060Z</time>
      </trkpt>
      <trkpt lat="50.992717" lon="12.800441">
        <ele>249.659087</ele>
        <time>2026-05-14T13:56:21.087Z</time>
      </trkpt>
      <trkpt lat="50.992679" lon="12.800430">
        <ele>249.531779</ele>
        <time>2026-05-14T13:56:21.466Z</time>
      </trkpt>
      <trkpt lat="50.992473" lon="12.800399">
        <ele>248.849777</ele>
        <time>2026-05-14T13:56:23.480Z</time>
      </trkpt>
      <trkpt lat="50.991943" lon="12.800402">
        <ele>247.102918</ele>
        <time>2026-05-14T13:56:28.659Z</time>
      </trkpt>
      <trkpt lat="50.991876" lon="12.800403">
        <ele>246.882081</ele>
        <time>2026-05-14T13:56:29.336Z</time>
      </trkpt>
      <trkpt lat="50.991299" lon="12.800405">
        <ele>244.980320</ele>
        <time>2026-05-14T13:56:35.474Z</time>
      </trkpt>
      <trkpt lat="50.991071" lon="12.800348">
        <ele>244.190968</ele>
        <time>2026-05-14T13:56:37.985Z</time>
      </trkpt>
      <trkpt lat="50.990907" lon="12.800280">
        <ele>243.592294</ele>
        <time>2026-05-14T13:56:39.785Z</time>
      </trkpt>
      <trkpt lat="50.990422" lon="12.799942">
        <ele>241.721633</ele>
        <time>2026-05-14T13:56:45.227Z</time>
      </trkpt>
      <trkpt lat="50.990159" lon="12.799917">
        <ele>240.791020</ele>
        <time>2026-05-14T13:56:47.843Z</time>
      </trkpt>
      <trkpt lat="50.989848" lon="12.799948">
        <ele>239.690366</ele>
        <time>2026-05-14T13:56:50.876Z</time>
      </trkpt>
      <trkpt lat="50.989608" lon="12.799942">
        <ele>238.842549</ele>
        <time>2026-05-14T13:56:53.179Z</time>
      </trkpt>
      <trkpt lat="50.989367" lon="12.799891">
        <ele>237.927737</ele>
        <time>2026-05-14T13:56:55.499Z</time>
      </trkpt>
      <trkpt lat="50.988370" lon="12.799537">
        <ele>233.602840</ele>
        <time>2026-05-14T13:57:05.149Z</time>
      </trkpt>
      <trkpt lat="50.988103" lon="12.799558">
        <ele>232.471122</ele>
        <time>2026-05-14T13:57:07.761Z</time>
      </trkpt>
      <trkpt lat="50.987653" lon="12.799659">
        <ele>230.628341</ele>
        <time>2026-05-14T13:57:12.294Z</time>
      </trkpt>
      <trkpt lat="50.987516" lon="12.799645">
        <ele>230.499010</ele>
        <time>2026-05-14T13:57:13.709Z</time>
      </trkpt>
      <trkpt lat="50.987077" lon="12.799429">
        <ele>230.066058</ele>
        <time>2026-05-14T13:57:18.592Z</time>
      </trkpt>
      <trkpt lat="50.986981" lon="12.799432">
        <ele>229.975602</ele>
        <time>2026-05-14T13:57:19.653Z</time>
      </trkpt>
      <trkpt lat="50.986790" lon="12.799505">
        <ele>229.790532</ele>
        <time>2026-05-14T13:57:21.886Z</time>
      </trkpt>
      <trkpt lat="50.986683" lon="12.799504">
        <ele>229.689729</ele>
        <time>2026-05-14T13:57:23.179Z</time>
      </trkpt>
      <trkpt lat="50.986586" lon="12.799414">
        <ele>229.583903</ele>
        <time>2026-05-14T13:57:24.552Z</time>
      </trkpt>
      <trkpt lat="50.986342" lon="12.798591">
        <ele>229.044412</ele>
        <time>2026-05-14T13:57:33.929Z</time>
      </trkpt>
      <trkpt lat="50.986270" lon="12.798432">
        <ele>229.083069</ele>
        <time>2026-05-14T13:57:36.544Z</time>
      </trkpt>
      <trkpt lat="50.986075" lon="12.798146">
        <ele>230.173573</ele>
        <time>2026-05-14T13:57:43.226Z</time>
      </trkpt>
      <trkpt lat="50.986013" lon="12.798072">
        <ele>230.492216</ele>
        <time>2026-05-14T13:57:45.257Z</time>
      </trkpt>
      <trkpt lat="50.985815" lon="12.797856">
        <ele>231.479136</ele>
        <time>2026-05-14T13:57:52.291Z</time>
      </trkpt>
      <trkpt lat="50.985265" lon="12.797342">
        <ele>234.101081</ele>
        <time>2026-05-14T13:58:14.562Z</time>
      </trkpt>
      <trkpt lat="50.985020" lon="12.797230">
        <ele>235.148605</ele>
        <time>2026-05-14T13:58:24.781Z</time>
      </trkpt>
      <trkpt lat="50.984256" lon="12.796979">
        <ele>236.718370</ele>
        <time>2026-05-14T13:58:52.762Z</time>
      </trkpt>
      <trkpt lat="50.984153" lon="12.796960">
        <ele>236.797113</ele>
        <time>2026-05-14T13:58:55.638Z</time>
      </trkpt>
      <trkpt lat="50.984053" lon="12.796948">
        <ele>236.873269</ele>
        <time>2026-05-14T13:58:58.181Z</time>
      </trkpt>
      <trkpt lat="50.984021" lon="12.796946">
        <ele>236.897589</ele>
        <time>2026-05-14T13:58:58.958Z</time>
      </trkpt>
      <trkpt lat="50.983429" lon="12.796923">
        <ele>237.347286</ele>
        <time>2026-05-14T13:59:08.391Z</time>
      </trkpt>
      <trkpt lat="50.983038" lon="12.796888">
        <ele>237.644682</ele>
        <time>2026-05-14T13:59:12.463Z</time>
      </trkpt>
      <trkpt lat="50.982376" lon="12.796582">
        <ele>233.759808</ele>
        <time>2026-05-14T13:59:18.870Z</time>
      </trkpt>
      <trkpt lat="50.982027" lon="12.796460">
        <ele>231.401207</ele>
        <time>2026-05-14T13:59:22.061Z</time>
      </trkpt>
      <trkpt lat="50.981484" lon="12.796371">
        <ele>227.798255</ele>
        <time>2026-05-14T13:59:26.894Z</time>
      </trkpt>
      <trkpt lat="50.981176" lon="12.796433">
        <ele>225.750687</ele>
        <time>2026-05-14T13:59:29.626Z</time>
      </trkpt>
      <trkpt lat="50.980342" lon="12.796756">
        <ele>220.180203</ele>
        <time>2026-05-14T13:59:37.254Z</time>
      </trkpt>
      <trkpt lat="50.980090" lon="12.796854">
        <ele>218.496643</ele>
        <time>2026-05-14T13:59:39.578Z</time>
      </trkpt>
      <trkpt lat="50.978878" lon="12.797018">
        <ele>212.661270</ele>
        <time>2026-05-14T13:59:51.121Z</time>
      </trkpt>
      <trkpt lat="50.978812" lon="12.797010">
        <ele>212.479555</ele>
        <time>2026-05-14T13:59:51.809Z</time>
      </trkpt>
      <trkpt lat="50.978502" lon="12.796932">
        <ele>211.617906</ele>
        <time>2026-05-14T13:59:55.080Z</time>
      </trkpt>
      <trkpt lat="50.977988" lon="12.796656">
        <ele>210.128372</ele>
        <time>2026-05-14T14:00:01.120Z</time>
      </trkpt>
      <trkpt lat="50.977819" lon="12.796656">
        <ele>209.664420</ele>
        <time>2026-05-14T14:00:03.201Z</time>
      </trkpt>
      <trkpt lat="50.977559" lon="12.796740">
        <ele>209.122265</ele>
        <time>2026-05-14T14:00:06.559Z</time>
      </trkpt>
      <trkpt lat="50.976319" lon="12.797415">
        <ele>207.783995</ele>
        <time>2026-05-14T14:00:23.436Z</time>
      </trkpt>
      <trkpt lat="50.975561" lon="12.797590">
        <ele>205.781512</ele>
        <time>2026-05-14T14:00:32.384Z</time>
      </trkpt>
      <trkpt lat="50.974718" lon="12.797761">
        <ele>202.227745</ele>
        <time>2026-05-14T14:00:40.647Z</time>
      </trkpt>
      <trkpt lat="50.974674" lon="12.797767">
        <ele>202.043075</ele>
        <time>2026-05-14T14:00:41.059Z</time>
      </trkpt>
      <trkpt lat="50.974500" lon="12.797735">
        <ele>201.310606</ele>
        <time>2026-05-14T14:00:42.673Z</time>
      </trkpt>
      <trkpt lat="50.973707" lon="12.797393">
        <ele>196.988265</ele>
        <time>2026-05-14T14:00:50.090Z</time>
      </trkpt>
      <trkpt lat="50.973081" lon="12.797332">
        <ele>193.203808</ele>
        <time>2026-05-14T14:00:55.723Z</time>
      </trkpt>
      <trkpt lat="50.972955" lon="12.797330">
        <ele>192.443472</ele>
        <time>2026-05-14T14:00:56.875Z</time>
      </trkpt>
      <trkpt lat="50.972654" lon="12.797364">
        <ele>190.622617</ele>
        <time>2026-05-14T14:00:59.636Z</time>
      </trkpt>
      <trkpt lat="50.972433" lon="12.797142">
        <ele>189.044692</ele>
        <time>2026-05-14T14:01:02.098Z</time>
      </trkpt>
      <trkpt lat="50.972373" lon="12.797079">
        <ele>188.932639</ele>
        <time>2026-05-14T14:01:02.787Z</time>
      </trkpt>
      <trkpt lat="50.972252" lon="12.796948">
        <ele>188.741162</ele>
        <time>2026-05-14T14:01:04.216Z</time>
      </trkpt>
      <trkpt lat="50.972199" lon="12.796895">
        <ele>188.659269</ele>
        <time>2026-05-14T14:01:04.853Z</time>
      </trkpt>
      <trkpt lat="50.972074" lon="12.796802">
        <ele>188.478781</ele>
        <time>2026-05-14T14:01:06.266Z</time>
      </trkpt>
      <trkpt lat="50.971922" lon="12.796762">
        <ele>188.277328</ele>
        <time>2026-05-14T14:01:07.918Z</time>
      </trkpt>
      <trkpt lat="50.971786" lon="12.796771">
        <ele>188.099351</ele>
        <time>2026-05-14T14:01:09.440Z</time>
      </trkpt>
      <trkpt lat="50.971557" lon="12.796877">
        <ele>187.787470</ele>
        <time>2026-05-14T14:01:12.166Z</time>
      </trkpt>
      <trkpt lat="50.971312" lon="12.797086">
        <ele>187.423834</ele>
        <time>2026-05-14T14:01:15.719Z</time>
      </trkpt>
      <trkpt lat="50.971192" lon="12.797063">
        <ele>187.265793</ele>
        <time>2026-05-14T14:01:17.689Z</time>
      </trkpt>
      <trkpt lat="50.971026" lon="12.797282">
        <ele>186.983616</ele>
        <time>2026-05-14T14:01:21.863Z</time>
      </trkpt>
      <trkpt lat="50.970872" lon="12.797432">
        <ele>186.747400</ele>
        <time>2026-05-14T14:01:25.584Z</time>
      </trkpt>
      <trkpt lat="50.970293" lon="12.797918">
        <ele>187.328454</ele>
        <time>2026-05-14T14:01:40.238Z</time>
      </trkpt>
      <trkpt lat="50.970115" lon="12.798131">
        <ele>187.574845</ele>
        <time>2026-05-14T14:01:45.041Z</time>
      </trkpt>
      <trkpt lat="50.969829" lon="12.798563">
        <ele>188.011201</ele>
        <time>2026-05-14T14:01:52.737Z</time>
      </trkpt>
      <trkpt lat="50.969677" lon="12.798734">
        <ele>188.217130</ele>
        <time>2026-05-14T14:01:55.991Z</time>
      </trkpt>
      <trkpt lat="50.969107" lon="12.799203">
        <ele>188.846087</ele>
        <time>2026-05-14T14:02:06.211Z</time>
      </trkpt>
      <trkpt lat="50.968950" lon="12.799451">
        <ele>189.017284</ele>
        <time>2026-05-14T14:02:10.043Z</time>
      </trkpt>
      <trkpt lat="50.968726" lon="12.799981">
        <ele>189.328031</ele>
        <time>2026-05-14T14:02:17.353Z</time>
      </trkpt>
      <trkpt lat="50.968660" lon="12.800086">
        <ele>189.400256</ele>
        <time>2026-05-14T14:02:19.174Z</time>
      </trkpt>
      <trkpt lat="50.968532" lon="12.800203">
        <ele>189.514433</ele>
        <time>2026-05-14T14:02:21.953Z</time>
      </trkpt>
      <trkpt lat="50.967821" lon="12.800687">
        <ele>190.100672</ele>
        <time>2026-05-14T14:02:36.431Z</time>
      </trkpt>
      <trkpt lat="50.966056" lon="12.801911">
        <ele>191.679566</ele>
        <time>2026-05-14T14:03:08.868Z</time>
      </trkpt>
      <trkpt lat="50.965666" lon="12.802289">
        <ele>192.764579</ele>
        <time>2026-05-14T14:03:17.794Z</time>
      </trkpt>
      <trkpt lat="50.965393" lon="12.802612">
        <ele>193.573039</ele>
        <time>2026-05-14T14:03:25.535Z</time>
      </trkpt>
      <trkpt lat="50.965255" lon="12.802824">
        <ele>194.029011</ele>
        <time>2026-05-14T14:03:30.414Z</time>
      </trkpt>
      <trkpt lat="50.964646" lon="12.803899">
        <ele>196.686563</ele>
        <time>2026-05-14T14:03:58.832Z</time>
      </trkpt>
      <trkpt lat="50.963933" lon="12.805068">
        <ele>200.751700</ele>
        <time>2026-05-14T14:04:34.135Z</time>
      </trkpt>
      <trkpt lat="50.963726" lon="12.805263">
        <ele>201.706369</ele>
        <time>2026-05-14T14:04:41.543Z</time>
      </trkpt>
      <trkpt lat="50.963428" lon="12.805375">
        <ele>202.517296</ele>
        <time>2026-05-14T14:04:49.767Z</time>
      </trkpt>
      <trkpt lat="50.962665" lon="12.805472">
        <ele>201.885096</ele>
        <time>2026-05-14T14:05:02.220Z</time>
      </trkpt>
      <trkpt lat="50.962341" lon="12.805443">
        <ele>201.617070</ele>
        <time>2026-05-14T14:05:05.718Z</time>
      </trkpt>
      <trkpt lat="50.961388" lon="12.805169">
        <ele>200.559018</ele>
        <time>2026-05-14T14:05:15.536Z</time>
      </trkpt>
      <trkpt lat="50.960924" lon="12.805153">
        <ele>199.827481</ele>
        <time>2026-05-14T14:05:20.307Z</time>
      </trkpt>
      <trkpt lat="50.958253" lon="12.805195">
        <ele>198.243914</ele>
        <time>2026-05-14T14:05:56.825Z</time>
      </trkpt>
      <trkpt lat="50.957935" lon="12.805266">
        <ele>198.651070</ele>
        <time>2026-05-14T14:06:03.647Z</time>
      </trkpt>
      <trkpt lat="50.957745" lon="12.805373">
        <ele>199.056700</ele>
        <time>2026-05-14T14:06:07.969Z</time>
      </trkpt>
      <trkpt lat="50.957396" lon="12.805732">
        <ele>199.893427</ele>
        <time>2026-05-14T14:06:17.546Z</time>
      </trkpt>
      <trkpt lat="50.957068" lon="12.805983">
        <ele>200.626051</ele>
        <time>2026-05-14T14:06:26.704Z</time>
      </trkpt>
      <trkpt lat="50.956890" lon="12.806077">
        <ele>201.003492</ele>
        <time>2026-05-14T14:06:31.601Z</time>
      </trkpt>
      <trkpt lat="50.956699" lon="12.806123">
        <ele>201.392191</ele>
        <time>2026-05-14T14:06:36.696Z</time>
      </trkpt>
      <trkpt lat="50.956330" lon="12.806314">
        <ele>202.070600</ele>
        <time>2026-05-14T14:06:46.245Z</time>
      </trkpt>
      <trkpt lat="50.955744" lon="12.806470">
        <ele>202.873079</ele>
        <time>2026-05-14T14:06:59.487Z</time>
      </trkpt>
      <trkpt lat="50.954919" lon="12.806543">
        <ele>203.989020</ele>
        <time>2026-05-14T14:07:15.333Z</time>
      </trkpt>
      <trkpt lat="50.954636" lon="12.806525">
        <ele>204.335358</ele>
        <time>2026-05-14T14:07:19.676Z</time>
      </trkpt>
      <trkpt lat="50.953906" lon="12.806437">
        <ele>204.882746</ele>
        <time>2026-05-14T14:07:30.809Z</time>
      </trkpt>
      <trkpt lat="50.953659" lon="12.806443">
        <ele>205.067449</ele>
        <time>2026-05-14T14:07:35.518Z</time>
      </trkpt>
      <trkpt lat="50.953296" lon="12.806505">
        <ele>205.340428</ele>
        <time>2026-05-14T14:07:42.437Z</time>
      </trkpt>
      <trkpt lat="50.953049" lon="12.806585">
        <ele>205.528914</ele>
        <time>2026-05-14T14:07:47.350Z</time>
      </trkpt>
      <trkpt lat="50.952992" lon="12.806673">
        <ele>205.588365</ele>
        <time>2026-05-14T14:07:48.989Z</time>
      </trkpt>
      <trkpt lat="50.952985" lon="12.807041">
        <ele>205.839315</ele>
        <time>2026-05-14T14:07:53.758Z</time>
      </trkpt>
      <trkpt lat="50.952818" lon="12.807144">
        <ele>206.055413</ele>
        <time>2026-05-14T14:07:57.538Z</time>
      </trkpt>
      <trkpt lat="50.951754" lon="12.807444">
        <ele>207.358854</ele>
        <time>2026-05-14T14:08:18.452Z</time>
      </trkpt>
      <trkpt lat="50.951512" lon="12.807586">
        <ele>207.670049</ele>
        <time>2026-05-14T14:08:22.534Z</time>
      </trkpt>
      <trkpt lat="50.951270" lon="12.807789">
        <ele>208.223057</ele>
        <time>2026-05-14T14:08:27.710Z</time>
      </trkpt>
      <trkpt lat="50.950977" lon="12.808068">
        <ele>209.105181</ele>
        <time>2026-05-14T14:08:35.429Z</time>
      </trkpt>
      <trkpt lat="50.950726" lon="12.808411">
        <ele>209.960262</ele>
        <time>2026-05-14T14:08:44.320Z</time>
      </trkpt>
      <trkpt lat="50.950275" lon="12.809040">
        <ele>211.510234</ele>
        <time>2026-05-14T14:09:02.468Z</time>
      </trkpt>
      <trkpt lat="50.950152" lon="12.809167">
        <ele>211.889063</ele>
        <time>2026-05-14T14:09:06.710Z</time>
      </trkpt>
      <trkpt lat="50.949794" lon="12.809479">
        <ele>212.311706</ele>
        <time>2026-05-14T14:09:17.530Z</time>
      </trkpt>
      <trkpt lat="50.949576" lon="12.809560">
        <ele>212.152052</ele>
        <time>2026-05-14T14:09:22.338Z</time>
      </trkpt>
      <trkpt lat="50.949377" lon="12.809496">
        <ele>212.007266</ele>
        <time>2026-05-14T14:09:25.769Z</time>
      </trkpt>
      <trkpt lat="50.948887" lon="12.809030">
        <ele>211.599940</ele>
        <time>2026-05-14T14:09:32.288Z</time>
      </trkpt>
      <trkpt lat="50.948448" lon="12.808686">
        <ele>211.250829</ele>
        <time>2026-05-14T14:09:37.270Z</time>
      </trkpt>
      <trkpt lat="50.948102" lon="12.808544">
        <ele>210.990929</ele>
        <time>2026-05-14T14:09:40.908Z</time>
      </trkpt>
      <trkpt lat="50.947834" lon="12.808521">
        <ele>210.793844</ele>
        <time>2026-05-14T14:09:43.758Z</time>
      </trkpt>
      <trkpt lat="50.946435" lon="12.808646">
        <ele>210.060378</ele>
        <time>2026-05-14T14:10:04.084Z</time>
      </trkpt>
      <trkpt lat="50.946317" lon="12.808715">
        <ele>210.308345</ele>
        <time>2026-05-14T14:10:06.642Z</time>
      </trkpt>
      <trkpt lat="50.946254" lon="12.808770">
        <ele>210.450123</ele>
        <time>2026-05-14T14:10:08.168Z</time>
      </trkpt>
      <trkpt lat="50.946130" lon="12.809026">
        <ele>210.851293</ele>
        <time>2026-05-14T14:10:12.673Z</time>
      </trkpt>
      <trkpt lat="50.945715" lon="12.810111">
        <ele>212.428211</ele>
        <time>2026-05-14T14:10:32.026Z</time>
      </trkpt>
      <trkpt lat="50.945536" lon="12.810602">
        <ele>213.132974</ele>
        <time>2026-05-14T14:10:41.337Z</time>
      </trkpt>
      <trkpt lat="50.945480" lon="12.810881">
        <ele>213.443634</ele>
        <time>2026-05-14T14:10:46.182Z</time>
      </trkpt>
      <trkpt lat="50.945376" lon="12.811819">
        <ele>214.028355</ele>
        <time>2026-05-14T14:11:01.094Z</time>
      </trkpt>
      <trkpt lat="50.945205" lon="12.812691">
        <ele>214.589040</ele>
        <time>2026-05-14T14:11:11.778Z</time>
      </trkpt>
      <trkpt lat="50.945202" lon="12.812967">
        <ele>214.758513</ele>
        <time>2026-05-14T14:11:14.202Z</time>
      </trkpt>
      <trkpt lat="50.945312" lon="12.813845">
        <ele>214.997924</ele>
        <time>2026-05-14T14:11:21.346Z</time>
      </trkpt>
      <trkpt lat="50.945317" lon="12.814158">
        <ele>214.826046</ele>
        <time>2026-05-14T14:11:23.709Z</time>
      </trkpt>
      <trkpt lat="50.945271" lon="12.814568">
        <ele>214.597434</ele>
        <time>2026-05-14T14:11:26.756Z</time>
      </trkpt>
      <trkpt lat="50.945113" lon="12.815249">
        <ele>214.199054</ele>
        <time>2026-05-14T14:11:32.082Z</time>
      </trkpt>
      <trkpt lat="50.944509" lon="12.817436">
        <ele>213.127894</ele>
        <time>2026-05-14T14:11:52.003Z</time>
      </trkpt>
      <trkpt lat="50.944253" lon="12.818420">
        <ele>212.746771</ele>
        <time>2026-05-14T14:12:00.566Z</time>
      </trkpt>
      <trkpt lat="50.944136" lon="12.819022">
        <ele>212.581825</ele>
        <time>2026-05-14T14:12:05.661Z</time>
      </trkpt>
      <trkpt lat="50.944153" lon="12.819750">
        <ele>212.785310</ele>
        <time>2026-05-14T14:12:11.735Z</time>
      </trkpt>
      <trkpt lat="50.944378" lon="12.822221">
        <ele>214.045276</ele>
        <time>2026-05-14T14:12:40.046Z</time>
      </trkpt>
      <trkpt lat="50.944487" lon="12.823031">
        <ele>215.277445</ele>
        <time>2026-05-14T14:12:52.879Z</time>
      </trkpt>
      <trkpt lat="50.944603" lon="12.823573">
        <ele>216.128994</ele>
        <time>2026-05-14T14:13:01.718Z</time>
      </trkpt>
      <trkpt lat="50.944628" lon="12.823897">
        <ele>216.614590</ele>
        <time>2026-05-14T14:13:06.537Z</time>
      </trkpt>
      <trkpt lat="50.944608" lon="12.824396">
        <ele>217.358422</ele>
        <time>2026-05-14T14:13:14.353Z</time>
      </trkpt>
      <trkpt lat="50.944563" lon="12.824843">
        <ele>218.585027</ele>
        <time>2026-05-14T14:13:22.826Z</time>
      </trkpt>
      <trkpt lat="50.944491" lon="12.825058">
        <ele>219.410543</ele>
        <time>2026-05-14T14:13:27.935Z</time>
      </trkpt>
      <trkpt lat="50.944446" lon="12.825103">
        <ele>219.696749</ele>
        <time>2026-05-14T14:13:29.761Z</time>
      </trkpt>
      <trkpt lat="50.944413" lon="12.825105">
        <ele>219.874454</ele>
        <time>2026-05-14T14:13:30.902Z</time>
      </trkpt>
      <trkpt lat="50.944068" lon="12.825097">
        <ele>221.731124</ele>
        <time>2026-05-14T14:13:43.191Z</time>
      </trkpt>
      <trkpt lat="50.943533" lon="12.825327">
        <ele>224.713748</ele>
        <time>2026-05-14T14:14:04.584Z</time>
      </trkpt>
      <trkpt lat="50.943375" lon="12.825114">
        <ele>225.829279</ele>
        <time>2026-05-14T14:14:13.091Z</time>
      </trkpt>
      <trkpt lat="50.943350" lon="12.825385">
        <ele>226.757915</ele>
        <time>2026-05-14T14:14:20.537Z</time>
      </trkpt>
      <trkpt lat="50.943340" lon="12.825520">
        <ele>227.218792</ele>
        <time>2026-05-14T14:14:24.301Z</time>
      </trkpt>
      <trkpt lat="50.943187" lon="12.826270">
        <ele>229.439418</ele>
        <time>2026-05-14T14:14:45.363Z</time>
      </trkpt>
      <trkpt lat="50.942961" lon="12.826851">
        <ele>231.353908</ele>
        <time>2026-05-14T14:14:59.524Z</time>
      </trkpt>
      <trkpt lat="50.942711" lon="12.827259">
        <ele>232.949644</ele>
        <time>2026-05-14T14:15:09.475Z</time>
      </trkpt>
      <trkpt lat="50.941987" lon="12.828197">
        <ele>236.440439</ele>
        <time>2026-05-14T14:15:34.136Z</time>
      </trkpt>
      <trkpt lat="50.941730" lon="12.828526">
        <ele>237.372302</ele>
        <time>2026-05-14T14:15:42.530Z</time>
      </trkpt>
      <trkpt lat="50.941547" lon="12.828835">
        <ele>238.126414</ele>
        <time>2026-05-14T14:15:49.208Z</time>
      </trkpt>
      <trkpt lat="50.941435" lon="12.829091">
        <ele>238.680636</ele>
        <time>2026-05-14T14:15:54.096Z</time>
      </trkpt>
      <trkpt lat="50.941312" lon="12.829408">
        <ele>239.342671</ele>
        <time>2026-05-14T14:16:00.239Z</time>
      </trkpt>
      <trkpt lat="50.941259" lon="12.829638">
        <ele>239.778177</ele>
        <time>2026-05-14T14:16:04.451Z</time>
      </trkpt>
      <trkpt lat="50.941169" lon="12.830697">
        <ele>241.702213</ele>
        <time>2026-05-14T14:16:23.135Z</time>
      </trkpt>
      <trkpt lat="50.941159" lon="12.831458">
        <ele>243.080149</ele>
        <time>2026-05-14T14:16:36.136Z</time>
      </trkpt>
      <trkpt lat="50.941203" lon="12.831827">
        <ele>243.760003</ele>
        <time>2026-05-14T14:16:42.956Z</time>
      </trkpt>
      <trkpt lat="50.941563" lon="12.833696">
        <ele>245.610900</ele>
        <time>2026-05-14T14:17:13.145Z</time>
      </trkpt>
      <trkpt lat="50.941702" lon="12.834653">
        <ele>245.696591</ele>
        <time>2026-05-14T14:17:22.824Z</time>
      </trkpt>
      <trkpt lat="50.941802" lon="12.835647">
        <ele>245.661549</ele>
        <time>2026-05-14T14:17:29.452Z</time>
      </trkpt>
      <trkpt lat="50.941902" lon="12.836310">
        <ele>244.981970</ele>
        <time>2026-05-14T14:17:34.065Z</time>
      </trkpt>
      <trkpt lat="50.942095" lon="12.837149">
        <ele>244.091627</ele>
        <time>2026-05-14T14:17:41.439Z</time>
      </trkpt>
      <trkpt lat="50.942116" lon="12.837244">
        <ele>243.991269</ele>
        <time>2026-05-14T14:17:42.383Z</time>
      </trkpt>
      <trkpt lat="50.942428" lon="12.838606">
        <ele>242.058596</ele>
        <time>2026-05-14T14:17:52.608Z</time>
      </trkpt>
      <trkpt lat="50.942533" lon="12.838979">
        <ele>241.131618</ele>
        <time>2026-05-14T14:17:55.427Z</time>
      </trkpt>
      <trkpt lat="50.942591" lon="12.839128">
        <ele>240.734218</ele>
        <time>2026-05-14T14:17:56.597Z</time>
      </trkpt>
      <trkpt lat="50.942674" lon="12.839297">
        <ele>240.248025</ele>
        <time>2026-05-14T14:17:57.975Z</time>
      </trkpt>
      <trkpt lat="50.943165" lon="12.840004">
        <ele>237.860605</ele>
        <time>2026-05-14T14:18:04.283Z</time>
      </trkpt>
      <trkpt lat="50.943264" lon="12.840234">
        <ele>237.228585</ele>
        <time>2026-05-14T14:18:05.895Z</time>
      </trkpt>
      <trkpt lat="50.943322" lon="12.840552">
        <ele>236.477418</ele>
        <time>2026-05-14T14:18:07.816Z</time>
      </trkpt>
      <trkpt lat="50.943312" lon="12.840711">
        <ele>236.358502</ele>
        <time>2026-05-14T14:18:08.773Z</time>
      </trkpt>
      <trkpt lat="50.943269" lon="12.840860">
        <ele>236.255413</ele>
        <time>2026-05-14T14:18:09.773Z</time>
      </trkpt>
      <trkpt lat="50.943161" lon="12.841046">
        <ele>236.096308</ele>
        <time>2026-05-14T14:18:11.361Z</time>
      </trkpt>
      <trkpt lat="50.942951" lon="12.841202">
        <ele>235.864830</ele>
        <time>2026-05-14T14:18:13.805Z</time>
      </trkpt>
      <trkpt lat="50.942702" lon="12.841246">
        <ele>235.614711</ele>
        <time>2026-05-14T14:18:16.718Z</time>
      </trkpt>
      <trkpt lat="50.942382" lon="12.841146">
        <ele>235.289112</ele>
        <time>2026-05-14T14:18:21.208Z</time>
      </trkpt>
      <trkpt lat="50.941502" lon="12.840608">
        <ele>235.289038</ele>
        <time>2026-05-14T14:18:41.068Z</time>
      </trkpt>
      <trkpt lat="50.941259" lon="12.840351">
        <ele>235.886614</ele>
        <time>2026-05-14T14:18:48.747Z</time>
      </trkpt>
      <trkpt lat="50.940808" lon="12.839756">
        <ele>237.086788</ele>
        <time>2026-05-14T14:19:03.756Z</time>
      </trkpt>
      <trkpt lat="50.940229" lon="12.839163">
        <ele>238.328090</ele>
        <time>2026-05-14T14:19:18.929Z</time>
      </trkpt>
      <trkpt lat="50.939925" lon="12.838861">
        <ele>238.287079</ele>
        <time>2026-05-14T14:19:25.948Z</time>
      </trkpt>
      <trkpt lat="50.939695" lon="12.838696">
        <ele>238.258216</ele>
        <time>2026-05-14T14:19:30.526Z</time>
      </trkpt>
      <trkpt lat="50.939333" lon="12.838538">
        <ele>238.215285</ele>
        <time>2026-05-14T14:19:36.964Z</time>
      </trkpt>
      <trkpt lat="50.939148" lon="12.838491">
        <ele>238.193861</ele>
        <time>2026-05-14T14:19:39.705Z</time>
      </trkpt>
      <trkpt lat="50.938266" lon="12.838475">
        <ele>237.629064</ele>
        <time>2026-05-14T14:19:49.232Z</time>
      </trkpt>
      <trkpt lat="50.938046" lon="12.838529">
        <ele>237.295702</ele>
        <time>2026-05-14T14:19:51.502Z</time>
      </trkpt>
      <trkpt lat="50.937837" lon="12.838693">
        <ele>236.946557</ele>
        <time>2026-05-14T14:19:53.926Z</time>
      </trkpt>
      <trkpt lat="50.937786" lon="12.838781">
        <ele>236.833737</ele>
        <time>2026-05-14T14:19:54.701Z</time>
      </trkpt>
      <trkpt lat="50.937727" lon="12.838967">
        <ele>236.637235</ele>
        <time>2026-05-14T14:19:56.077Z</time>
      </trkpt>
      <trkpt lat="50.937588" lon="12.839805">
        <ele>235.819515</ele>
        <time>2026-05-14T14:20:01.925Z</time>
      </trkpt>
      <trkpt lat="50.936563" lon="12.846060">
        <ele>242.720470</ele>
        <time>2026-05-14T14:21:36.748Z</time>
      </trkpt>
      <trkpt lat="50.936445" lon="12.847576">
        <ele>244.016887</ele>
        <time>2026-05-14T14:21:55.994Z</time>
      </trkpt>
      <trkpt lat="50.936438" lon="12.847670">
        <ele>244.097221</ele>
        <time>2026-05-14T14:21:57.096Z</time>
      </trkpt>
      <trkpt lat="50.936358" lon="12.848675">
        <ele>244.902580</ele>
        <time>2026-05-14T14:22:09.166Z</time>
      </trkpt>
      <trkpt lat="50.936283" lon="12.848948">
        <ele>245.031961</ele>
        <time>2026-05-14T14:22:12.790Z</time>
      </trkpt>
      <trkpt lat="50.936213" lon="12.849093">
        <ele>245.111313</ele>
        <time>2026-05-14T14:22:14.992Z</time>
      </trkpt>
      <trkpt lat="50.936061" lon="12.849300">
        <ele>245.249397</ele>
        <time>2026-05-14T14:22:18.776Z</time>
      </trkpt>
      <trkpt lat="50.935840" lon="12.849485">
        <ele>245.421649</ele>
        <time>2026-05-14T14:22:23.517Z</time>
      </trkpt>
      <trkpt lat="50.935614" lon="12.849747">
        <ele>245.614597</ele>
        <time>2026-05-14T14:22:28.612Z</time>
      </trkpt>
      <trkpt lat="50.935050" lon="12.850689">
        <ele>246.142675</ele>
        <time>2026-05-14T14:22:41.874Z</time>
      </trkpt>
      <trkpt lat="50.934741" lon="12.851122">
        <ele>246.316276</ele>
        <time>2026-05-14T14:22:47.633Z</time>
      </trkpt>
      <trkpt lat="50.934289" lon="12.851469">
        <ele>246.527727</ele>
        <time>2026-05-14T14:22:54.969Z</time>
      </trkpt>
      <trkpt lat="50.933947" lon="12.851529">
        <ele>246.672626</ele>
        <time>2026-05-14T14:23:00.480Z</time>
      </trkpt>
      <trkpt lat="50.933677" lon="12.851480">
        <ele>246.787068</ele>
        <time>2026-05-14T14:23:06.201Z</time>
      </trkpt>
      <trkpt lat="50.933535" lon="12.851384">
        <ele>246.865744</ele>
        <time>2026-05-14T14:23:09.648Z</time>
      </trkpt>
      <trkpt lat="50.933080" lon="12.850491">
        <ele>247.627275</ele>
        <time>2026-05-14T14:23:23.546Z</time>
      </trkpt>
      <trkpt lat="50.933011" lon="12.850383">
        <ele>247.729261</ele>
        <time>2026-05-14T14:23:25.558Z</time>
      </trkpt>
      <trkpt lat="50.932907" lon="12.850293">
        <ele>247.853914</ele>
        <time>2026-05-14T14:23:27.988Z</time>
      </trkpt>
      <trkpt lat="50.932798" lon="12.850212">
        <ele>247.980566</ele>
        <time>2026-05-14T14:23:30.218Z</time>
      </trkpt>
      <trkpt lat="50.932511" lon="12.850211">
        <ele>248.282564</ele>
        <time>2026-05-14T14:23:35.668Z</time>
      </trkpt>
      <trkpt lat="50.932244" lon="12.850224">
        <ele>248.563649</ele>
        <time>2026-05-14T14:23:40.731Z</time>
      </trkpt>
      <trkpt lat="50.931712" lon="12.850191">
        <ele>249.091931</ele>
        <time>2026-05-14T14:23:49.858Z</time>
      </trkpt>
      <trkpt lat="50.931537" lon="12.850151">
        <ele>249.262670</ele>
        <time>2026-05-14T14:23:52.817Z</time>
      </trkpt>
      <trkpt lat="50.930049" lon="12.849102">
        <ele>250.441406</ele>
        <time>2026-05-14T14:24:24.519Z</time>
      </trkpt>
      <trkpt lat="50.929863" lon="12.848992">
        <ele>250.424968</ele>
        <time>2026-05-14T14:24:27.584Z</time>
      </trkpt>
      <trkpt lat="50.929583" lon="12.848957">
        <ele>250.401708</ele>
        <time>2026-05-14T14:24:31.470Z</time>
      </trkpt>
      <trkpt lat="50.929440" lon="12.849007">
        <ele>250.389581</ele>
        <time>2026-05-14T14:24:33.358Z</time>
      </trkpt>
      <trkpt lat="50.929298" lon="12.849144">
        <ele>250.375818</ele>
        <time>2026-05-14T14:24:35.411Z</time>
      </trkpt>
      <trkpt lat="50.928579" lon="12.850325">
        <ele>250.731005</ele>
        <time>2026-05-14T14:24:48.459Z</time>
      </trkpt>
      <trkpt lat="50.928457" lon="12.850451">
        <ele>250.877929</ele>
        <time>2026-05-14T14:24:50.881Z</time>
      </trkpt>
      <trkpt lat="50.928398" lon="12.850474">
        <ele>250.939249</ele>
        <time>2026-05-14T14:24:51.975Z</time>
      </trkpt>
      <trkpt lat="50.928237" lon="12.850417">
        <ele>251.105743</ele>
        <time>2026-05-14T14:24:55.124Z</time>
      </trkpt>
      <trkpt lat="50.928168" lon="12.850331">
        <ele>251.194303</ele>
        <time>2026-05-14T14:24:56.944Z</time>
      </trkpt>
      <trkpt lat="50.928062" lon="12.849987">
        <ele>251.437893</ele>
        <time>2026-05-14T14:25:02.275Z</time>
      </trkpt>
      <trkpt lat="50.927966" lon="12.849326">
        <ele>251.869411</ele>
        <time>2026-05-14T14:25:12.335Z</time>
      </trkpt>
      <trkpt lat="50.927899" lon="12.849151">
        <ele>251.999667</ele>
        <time>2026-05-14T14:25:15.410Z</time>
      </trkpt>
      <trkpt lat="50.927798" lon="12.849022">
        <ele>252.130534</ele>
        <time>2026-05-14T14:25:18.525Z</time>
      </trkpt>
      <trkpt lat="50.927572" lon="12.848911">
        <ele>252.194903</ele>
        <time>2026-05-14T14:25:24.014Z</time>
      </trkpt>
      <trkpt lat="50.927388" lon="12.848924">
        <ele>252.240077</ele>
        <time>2026-05-14T14:25:27.998Z</time>
      </trkpt>
      <trkpt lat="50.927215" lon="12.848980">
        <ele>252.283382</ele>
        <time>2026-05-14T14:25:31.484Z</time>
      </trkpt>
      <trkpt lat="50.925908" lon="12.849750">
        <ele>252.492144</ele>
        <time>2026-05-14T14:25:49.789Z</time>
      </trkpt>
      <trkpt lat="50.925594" lon="12.849968">
        <ele>252.328893</ele>
        <time>2026-05-14T14:25:54.089Z</time>
      </trkpt>
      <trkpt lat="50.925450" lon="12.850233">
        <ele>252.223850</ele>
        <time>2026-05-14T14:25:56.967Z</time>
      </trkpt>
      <trkpt lat="50.924808" lon="12.851804">
        <ele>251.676082</ele>
        <time>2026-05-14T14:26:13.230Z</time>
      </trkpt>
      <trkpt lat="50.924768" lon="12.851902">
        <ele>251.649184</ele>
        <time>2026-05-14T14:26:14.202Z</time>
      </trkpt>
      <trkpt lat="50.924551" lon="12.852308">
        <ele>251.526548</ele>
        <time>2026-05-14T14:26:18.646Z</time>
      </trkpt>
      <trkpt lat="50.924842" lon="12.852771">
        <ele>251.375915</ele>
        <time>2026-05-14T14:26:24.066Z</time>
      </trkpt>
      <trkpt lat="50.924946" lon="12.852937">
        <ele>251.321994</ele>
        <time>2026-05-14T14:26:26.023Z</time>
      </trkpt>
      <trkpt lat="50.925168" lon="12.853290">
        <ele>251.207114</ele>
        <time>2026-05-14T14:26:30.163Z</time>
      </trkpt>
      <trkpt lat="50.925336" lon="12.853552">
        <ele>251.121012</ele>
        <time>2026-05-14T14:26:33.281Z</time>
      </trkpt>
      <trkpt lat="50.925494" lon="12.853807">
        <ele>251.103894</ele>
        <time>2026-05-14T14:26:36.318Z</time>
      </trkpt>
      <trkpt lat="50.925586" lon="12.853957">
        <ele>251.170735</ele>
        <time>2026-05-14T14:26:38.323Z</time>
      </trkpt>
      <trkpt lat="50.925545" lon="12.854018">
        <ele>251.199215</ele>
        <time>2026-05-14T14:26:39.211Z</time>
      </trkpt>
      <trkpt lat="50.925563" lon="12.854133">
        <ele>251.237058</ele>
        <time>2026-05-14T14:26:40.472Z</time>
      </trkpt>
      <trkpt lat="50.925539" lon="12.854187">
        <ele>251.258160</ele>
        <time>2026-05-14T14:26:41.156Z</time>
      </trkpt>
      <trkpt lat="50.925442" lon="12.854371">
        <ele>251.334768</ele>
        <time>2026-05-14T14:26:43.713Z</time>
      </trkpt>
      <trkpt lat="50.924976" lon="12.854986">
        <ele>251.641894</ele>
        <time>2026-05-14T14:26:54.561Z</time>
      </trkpt>
      <trkpt lat="50.924399" lon="12.855644">
        <ele>252.001294</ele>
        <time>2026-05-14T14:27:07.372Z</time>
      </trkpt>
      <trkpt lat="50.921955" lon="12.857630">
        <ele>253.613496</ele>
        <time>2026-05-14T14:27:52.946Z</time>
      </trkpt>
      <trkpt lat="50.921617" lon="12.857847">
        <ele>253.887616</ele>
        <time>2026-05-14T14:27:59.757Z</time>
      </trkpt>
      <trkpt lat="50.921370" lon="12.857940">
        <ele>254.078464</ele>
        <time>2026-05-14T14:28:04.673Z</time>
      </trkpt>
      <trkpt lat="50.921158" lon="12.857971">
        <ele>254.250304</ele>
        <time>2026-05-14T14:28:08.922Z</time>
      </trkpt>
      <trkpt lat="50.919823" lon="12.857904">
        <ele>255.803120</ele>
        <time>2026-05-14T14:28:36.306Z</time>
      </trkpt>
      <trkpt lat="50.919389" lon="12.857712">
        <ele>256.317034</ele>
        <time>2026-05-14T14:28:44.374Z</time>
      </trkpt>
      <trkpt lat="50.919264" lon="12.857614">
        <ele>256.394374</ele>
        <time>2026-05-14T14:28:46.744Z</time>
      </trkpt>
      <trkpt lat="50.919190" lon="12.857473">
        <ele>256.458528</ele>
        <time>2026-05-14T14:28:48.641Z</time>
      </trkpt>
      <trkpt lat="50.918810" lon="12.856936">
        <ele>256.740815</ele>
        <time>2026-05-14T14:28:57.020Z</time>
      </trkpt>
      <trkpt lat="50.918545" lon="12.856592">
        <ele>256.930749</ele>
        <time>2026-05-14T14:29:02.707Z</time>
      </trkpt>
      <trkpt lat="50.918323" lon="12.856374">
        <ele>257.075573</ele>
        <time>2026-05-14T14:29:06.796Z</time>
      </trkpt>
      <trkpt lat="50.917942" lon="12.856122">
        <ele>257.304540</ele>
        <time>2026-05-14T14:29:13.363Z</time>
      </trkpt>
      <trkpt lat="50.917658" lon="12.856024">
        <ele>257.910979</ele>
        <time>2026-05-14T14:29:18.675Z</time>
      </trkpt>
      <trkpt lat="50.917341" lon="12.855982">
        <ele>258.578129</ele>
        <time>2026-05-14T14:29:25.353Z</time>
      </trkpt>
      <trkpt lat="50.916854" lon="12.856079">
        <ele>259.607522</ele>
        <time>2026-05-14T14:29:37.174Z</time>
      </trkpt>
      <trkpt lat="50.916514" lon="12.856277">
        <ele>260.367135</ele>
        <time>2026-05-14T14:29:46.678Z</time>
      </trkpt>
      <trkpt lat="50.916324" lon="12.856431">
        <ele>260.814628</ele>
        <time>2026-05-14T14:29:52.451Z</time>
      </trkpt>
      <trkpt lat="50.916079" lon="12.856696">
        <ele>261.550747</ele>
        <time>2026-05-14T14:30:00.520Z</time>
      </trkpt>
      <trkpt lat="50.915797" lon="12.857157">
        <ele>262.670474</ele>
        <time>2026-05-14T14:30:11.638Z</time>
      </trkpt>
      <trkpt lat="50.915596" lon="12.857610">
        <ele>263.636120</ele>
        <time>2026-05-14T14:30:21.316Z</time>
      </trkpt>
      <trkpt lat="50.915485" lon="12.857963">
        <ele>264.323773</ele>
        <time>2026-05-14T14:30:28.052Z</time>
      </trkpt>
      <trkpt lat="50.915398" lon="12.858362">
        <ele>265.059748</ele>
        <time>2026-05-14T14:30:34.998Z</time>
      </trkpt>
      <trkpt lat="50.915338" lon="12.858971">
        <ele>266.125343</ele>
        <time>2026-05-14T14:30:44.174Z</time>
      </trkpt>
      <trkpt lat="50.915337" lon="12.859358">
        <ele>266.727555</ele>
        <time>2026-05-14T14:30:50.639Z</time>
      </trkpt>
      <trkpt lat="50.915369" lon="12.859796">
        <ele>267.413683</ele>
        <time>2026-05-14T14:30:57.516Z</time>
      </trkpt>
      <trkpt lat="50.915411" lon="12.860103">
        <ele>267.902520</ele>
        <time>2026-05-14T14:31:02.906Z</time>
      </trkpt>
      <trkpt lat="50.915506" lon="12.860569">
        <ele>268.664623</ele>
        <time>2026-05-14T14:31:10.774Z</time>
      </trkpt>
      <trkpt lat="50.915737" lon="12.861432">
        <ele>270.123539</ele>
        <time>2026-05-14T14:31:26.941Z</time>
      </trkpt>
      <trkpt lat="50.915847" lon="12.861875">
        <ele>270.920479</ele>
        <time>2026-05-14T14:31:35.129Z</time>
      </trkpt>
      <trkpt lat="50.915907" lon="12.862244">
        <ele>271.602357</ele>
        <time>2026-05-14T14:31:41.710Z</time>
      </trkpt>
      <trkpt lat="50.915940" lon="12.862621">
        <ele>272.283413</ele>
        <time>2026-05-14T14:31:48.167Z</time>
      </trkpt>
      <trkpt lat="50.915939" lon="12.863208">
        <ele>273.333765</ele>
        <time>2026-05-14T14:31:58.697Z</time>
      </trkpt>
      <trkpt lat="50.915893" lon="12.863701">
        <ele>274.225524</ele>
        <time>2026-05-14T14:32:07.200Z</time>
      </trkpt>
      <trkpt lat="50.915773" lon="12.864284">
        <ele>275.322906</ele>
        <time>2026-05-14T14:32:16.477Z</time>
      </trkpt>
      <trkpt lat="50.915681" lon="12.864624">
        <ele>275.719101</ele>
        <time>2026-05-14T14:32:21.871Z</time>
      </trkpt>
      <trkpt lat="50.915581" lon="12.864879">
        <ele>275.889811</ele>
        <time>2026-05-14T14:32:26.040Z</time>
      </trkpt>
      <trkpt lat="50.915473" lon="12.865138">
        <ele>276.066330</ele>
        <time>2026-05-14T14:32:30.262Z</time>
      </trkpt>
      <trkpt lat="50.915042" lon="12.865889">
        <ele>276.643627</ele>
        <time>2026-05-14T14:32:43.148Z</time>
      </trkpt>
      <trkpt lat="50.914769" lon="12.866458">
        <ele>277.050091</ele>
        <time>2026-05-14T14:32:50.800Z</time>
      </trkpt>
      <trkpt lat="50.914664" lon="12.866803">
        <ele>277.051666</ele>
        <time>2026-05-14T14:32:54.062Z</time>
      </trkpt>
      <trkpt lat="50.914561" lon="12.867233">
        <ele>276.200493</ele>
        <time>2026-05-14T14:32:57.380Z</time>
      </trkpt>
      <trkpt lat="50.914523" lon="12.867628">
        <ele>275.461116</ele>
        <time>2026-05-14T14:33:00.005Z</time>
      </trkpt>
      <trkpt lat="50.914513" lon="12.868041">
        <ele>274.696326</ele>
        <time>2026-05-14T14:33:02.615Z</time>
      </trkpt>
      <trkpt lat="50.914539" lon="12.868467">
        <ele>273.904360</ele>
        <time>2026-05-14T14:33:05.250Z</time>
      </trkpt>
      <trkpt lat="50.914618" lon="12.868974">
        <ele>272.937968</ele>
        <time>2026-05-14T14:33:08.442Z</time>
      </trkpt>
      <trkpt lat="50.914767" lon="12.869482">
        <ele>271.901721</ele>
        <time>2026-05-14T14:33:11.878Z</time>
      </trkpt>
      <trkpt lat="50.915050" lon="12.870150">
        <ele>270.433046</ele>
        <time>2026-05-14T14:33:16.857Z</time>
      </trkpt>
      <trkpt lat="50.916388" lon="12.872392">
        <ele>265.976655</ele>
        <time>2026-05-14T14:33:37.570Z</time>
      </trkpt>
      <trkpt lat="50.916632" lon="12.872824">
        <ele>265.562970</ele>
        <time>2026-05-14T14:33:42.017Z</time>
      </trkpt>
      <trkpt lat="50.916801" lon="12.873186">
        <ele>265.241696</ele>
        <time>2026-05-14T14:33:45.742Z</time>
      </trkpt>
      <trkpt lat="50.916952" lon="12.873597">
        <ele>264.902414</ele>
        <time>2026-05-14T14:33:50.100Z</time>
      </trkpt>
      <trkpt lat="50.917066" lon="12.874031">
        <ele>264.790341</ele>
        <time>2026-05-14T14:33:54.814Z</time>
      </trkpt>
      <trkpt lat="50.917173" lon="12.874600">
        <ele>265.093602</ele>
        <time>2026-05-14T14:34:00.967Z</time>
      </trkpt>
      <trkpt lat="50.917228" lon="12.875433">
        <ele>265.521372</ele>
        <time>2026-05-14T14:34:10.083Z</time>
      </trkpt>
      <trkpt lat="50.917231" lon="12.875764">
        <ele>265.690443</ele>
        <time>2026-05-14T14:34:13.757Z</time>
      </trkpt>
      <trkpt lat="50.917176" lon="12.876387">
        <ele>266.011735</ele>
        <time>2026-05-14T14:34:21.327Z</time>
      </trkpt>
      <trkpt lat="50.916973" lon="12.877459">
        <ele>267.680655</ele>
        <time>2026-05-14T14:34:36.802Z</time>
      </trkpt>
      <trkpt lat="50.916099" lon="12.881778">
        <ele>275.835030</ele>
        <time>2026-05-14T14:35:59.156Z</time>
      </trkpt>
      <trkpt lat="50.915103" lon="12.885791">
        <ele>275.859905</ele>
        <time>2026-05-14T14:36:39.145Z</time>
      </trkpt>
      <trkpt lat="50.914541" lon="12.888691">
        <ele>273.948778</ele>
        <time>2026-05-14T14:36:59.836Z</time>
      </trkpt>
      <trkpt lat="50.914372" lon="12.889579">
        <ele>273.616175</ele>
        <time>2026-05-14T14:37:09.122Z</time>
      </trkpt>
      <trkpt lat="50.914310" lon="12.889907">
        <ele>273.493391</ele>
        <time>2026-05-14T14:37:13.372Z</time>
      </trkpt>
      <trkpt lat="50.913567" lon="12.893780">
        <ele>275.480368</ele>
        <time>2026-05-14T14:38:04.961Z</time>
      </trkpt>
      <trkpt lat="50.913345" lon="12.894620">
        <ele>275.295978</ele>
        <time>2026-05-14T14:38:12.231Z</time>
      </trkpt>
      <trkpt lat="50.913176" lon="12.895043">
        <ele>275.194597</ele>
        <time>2026-05-14T14:38:15.844Z</time>
      </trkpt>
      <trkpt lat="50.912989" lon="12.895384">
        <ele>275.103104</ele>
        <time>2026-05-14T14:38:19.081Z</time>
      </trkpt>
      <trkpt lat="50.912761" lon="12.895682">
        <ele>275.097227</ele>
        <time>2026-05-14T14:38:22.447Z</time>
      </trkpt>
      <trkpt lat="50.912382" lon="12.896062">
        <ele>275.110165</ele>
        <time>2026-05-14T14:38:27.875Z</time>
      </trkpt>
      <trkpt lat="50.912349" lon="12.895968">
        <ele>275.112122</ele>
        <time>2026-05-14T14:38:28.872Z</time>
      </trkpt>
      <trkpt lat="50.912275" lon="12.895926">
        <ele>275.114390</ele>
        <time>2026-05-14T14:38:29.893Z</time>
      </trkpt>
      <trkpt lat="50.912175" lon="12.895934">
        <ele>275.117279</ele>
        <time>2026-05-14T14:38:31.443Z</time>
      </trkpt>
      <trkpt lat="50.911844" lon="12.896159">
        <ele>275.127671</ele>
        <time>2026-05-14T14:38:37.735Z</time>
      </trkpt>
      <trkpt lat="50.911594" lon="12.896241">
        <ele>275.135037</ele>
        <time>2026-05-14T14:38:43.286Z</time>
      </trkpt>
      <trkpt lat="50.910358" lon="12.896458">
        <ele>275.061657</ele>
        <time>2026-05-14T14:39:08.936Z</time>
      </trkpt>
      <trkpt lat="50.910333" lon="12.896433">
        <ele>275.059311</ele>
        <time>2026-05-14T14:39:09.365Z</time>
      </trkpt>
      <trkpt lat="50.910384" lon="12.896642">
        <ele>275.048094</ele>
        <time>2026-05-14T14:39:11.367Z</time>
      </trkpt>
      <trkpt lat="50.908352" lon="12.897016">
        <ele>271.825588</ele>
        <time>2026-05-14T14:39:32.996Z</time>
      </trkpt>
      <trkpt lat="50.908181" lon="12.897033">
        <ele>271.444670</ele>
        <time>2026-05-14T14:39:34.850Z</time>
      </trkpt>
      <trkpt lat="50.907797" lon="12.896997">
        <ele>271.010325</ele>
        <time>2026-05-14T14:39:39.213Z</time>
      </trkpt>
      <trkpt lat="50.907428" lon="12.896866">
        <ele>271.030978</ele>
        <time>2026-05-14T14:39:43.870Z</time>
      </trkpt>
      <trkpt lat="50.907145" lon="12.896687">
        <ele>271.047619</ele>
        <time>2026-05-14T14:39:48.017Z</time>
      </trkpt>
      <trkpt lat="50.906403" lon="12.895958">
        <ele>271.095292</ele>
        <time>2026-05-14T14:40:02.180Z</time>
      </trkpt>
      <trkpt lat="50.905743" lon="12.895342">
        <ele>274.030425</ele>
        <time>2026-05-14T14:40:23.525Z</time>
      </trkpt>
      <trkpt lat="50.905316" lon="12.895176">
        <ele>275.852048</ele>
        <time>2026-05-14T14:40:41.786Z</time>
      </trkpt>
      <trkpt lat="50.905127" lon="12.895151">
        <ele>276.637871</ele>
        <time>2026-05-14T14:40:49.691Z</time>
      </trkpt>
      <trkpt lat="50.904558" lon="12.895179">
        <ele>278.470408</ele>
        <time>2026-05-14T14:41:10.002Z</time>
      </trkpt>
      <trkpt lat="50.904340" lon="12.895187">
        <ele>278.307054</ele>
        <time>2026-05-14T14:41:16.466Z</time>
      </trkpt>
      <trkpt lat="50.903237" lon="12.895274">
        <ele>277.479741</ele>
        <time>2026-05-14T14:41:28.865Z</time>
      </trkpt>
      <trkpt lat="50.903055" lon="12.895282">
        <ele>277.343347</ele>
        <time>2026-05-14T14:41:30.549Z</time>
      </trkpt>
      <trkpt lat="50.902667" lon="12.895308">
        <ele>277.085777</ele>
        <time>2026-05-14T14:41:34.311Z</time>
      </trkpt>
      <trkpt lat="50.902346" lon="12.895340">
        <ele>276.898003</ele>
        <time>2026-05-14T14:41:37.701Z</time>
      </trkpt>
      <trkpt lat="50.902140" lon="12.895362">
        <ele>276.777465</ele>
        <time>2026-05-14T14:41:40.108Z</time>
      </trkpt>
      <trkpt lat="50.900841" lon="12.895901">
        <ele>276.149959</ele>
        <time>2026-05-14T14:42:05.937Z</time>
      </trkpt>
      <trkpt lat="50.900552" lon="12.895964">
        <ele>276.146203</ele>
        <time>2026-05-14T14:42:10.854Z</time>
      </trkpt>
      <trkpt lat="50.900295" lon="12.895998">
        <ele>276.142883</ele>
        <time>2026-05-14T14:42:14.701Z</time>
      </trkpt>
      <trkpt lat="50.899734" lon="12.895966">
        <ele>276.135656</ele>
        <time>2026-05-14T14:42:22.062Z</time>
      </trkpt>
      <trkpt lat="50.899257" lon="12.895830">
        <ele>276.124261</ele>
        <time>2026-05-14T14:42:28.154Z</time>
      </trkpt>
      <trkpt lat="50.898966" lon="12.895686">
        <ele>276.098180</ele>
        <time>2026-05-14T14:42:32.104Z</time>
      </trkpt>
      <trkpt lat="50.897341" lon="12.894550">
        <ele>276.062582</ele>
        <time>2026-05-14T14:42:59.075Z</time>
      </trkpt>
      <trkpt lat="50.896463" lon="12.893881">
        <ele>276.300244</ele>
        <time>2026-05-14T14:43:14.892Z</time>
      </trkpt>
      <trkpt lat="50.896073" lon="12.893497">
        <ele>276.412249</ele>
        <time>2026-05-14T14:43:22.075Z</time>
      </trkpt>
      <trkpt lat="50.895817" lon="12.893182">
        <ele>276.548441</ele>
        <time>2026-05-14T14:43:27.145Z</time>
      </trkpt>
      <trkpt lat="50.895267" lon="12.892388">
        <ele>276.866264</ele>
        <time>2026-05-14T14:43:39.259Z</time>
      </trkpt>
      <trkpt lat="50.894946" lon="12.891980">
        <ele>277.042052</ele>
        <time>2026-05-14T14:43:46.252Z</time>
      </trkpt>
      <trkpt lat="50.894698" lon="12.891755">
        <ele>277.164139</ele>
        <time>2026-05-14T14:43:51.200Z</time>
      </trkpt>
      <trkpt lat="50.894315" lon="12.891530">
        <ele>277.340925</ele>
        <time>2026-05-14T14:43:58.446Z</time>
      </trkpt>
      <trkpt lat="50.893678" lon="12.891346">
        <ele>277.621628</ele>
        <time>2026-05-14T14:44:09.730Z</time>
      </trkpt>
      <trkpt lat="50.893305" lon="12.891260">
        <ele>277.785035</ele>
        <time>2026-05-14T14:44:15.907Z</time>
      </trkpt>
      <trkpt lat="50.892622" lon="12.891097">
        <ele>277.937687</ele>
        <time>2026-05-14T14:44:26.268Z</time>
      </trkpt>
      <trkpt lat="50.891393" lon="12.890795">
        <ele>277.822442</ele>
        <time>2026-05-14T14:44:44.024Z</time>
      </trkpt>
      <trkpt lat="50.889540" lon="12.890362">
        <ele>277.966623</ele>
        <time>2026-05-14T14:45:11.374Z</time>
      </trkpt>
      <trkpt lat="50.888980" lon="12.890347">
        <ele>278.238490</ele>
        <time>2026-05-14T14:45:21.246Z</time>
      </trkpt>
      <trkpt lat="50.888838" lon="12.890372">
        <ele>278.338311</ele>
        <time>2026-05-14T14:45:23.884Z</time>
      </trkpt>
      <trkpt lat="50.888373" lon="12.890547">
        <ele>278.672221</ele>
        <time>2026-05-14T14:45:33.046Z</time>
      </trkpt>
      <trkpt lat="50.887055" lon="12.891274">
        <ele>279.308157</ele>
        <time>2026-05-14T14:45:57.205Z</time>
      </trkpt>
      <trkpt lat="50.886691" lon="12.891474">
        <ele>279.350585</ele>
        <time>2026-05-14T14:46:04.586Z</time>
      </trkpt>
      <trkpt lat="50.886219" lon="12.891603">
        <ele>279.403334</ele>
        <time>2026-05-14T14:46:14.021Z</time>
      </trkpt>
      <trkpt lat="50.885756" lon="12.891576">
        <ele>279.447511</ele>
        <time>2026-05-14T14:46:22.920Z</time>
      </trkpt>
      <trkpt lat="50.885150" lon="12.891477">
        <ele>279.474873</ele>
        <time>2026-05-14T14:46:35.730Z</time>
      </trkpt>
      <trkpt lat="50.884265" lon="12.891575">
        <ele>279.514719</ele>
        <time>2026-05-14T14:46:54.686Z</time>
      </trkpt>
      <trkpt lat="50.882888" lon="12.891484">
        <ele>278.770316</ele>
        <time>2026-05-14T14:47:20.516Z</time>
      </trkpt>
      <trkpt lat="50.882382" lon="12.891599">
        <ele>278.444256</ele>
        <time>2026-05-14T14:47:29.237Z</time>
      </trkpt>
      <trkpt lat="50.882224" lon="12.891679">
        <ele>278.342194</ele>
        <time>2026-05-14T14:47:31.211Z</time>
      </trkpt>
      <trkpt lat="50.881939" lon="12.891860">
        <ele>278.165697</ele>
        <time>2026-05-14T14:47:36.437Z</time>
      </trkpt>
      <trkpt lat="50.881594" lon="12.892200">
        <ele>277.932161</ele>
        <time>2026-05-14T14:47:43.405Z</time>
      </trkpt>
      <trkpt lat="50.881242" lon="12.892730">
        <ele>277.653062</ele>
        <time>2026-05-14T14:47:51.968Z</time>
      </trkpt>
      <trkpt lat="50.879341" lon="12.896364">
        <ele>278.261087</ele>
        <time>2026-05-14T14:48:56.618Z</time>
      </trkpt>
      <trkpt lat="50.876556" lon="12.901670">
        <ele>280.017504</ele>
        <time>2026-05-14T14:50:09.543Z</time>
      </trkpt>
      <trkpt lat="50.876213" lon="12.902038">
        <ele>280.127755</ele>
        <time>2026-05-14T14:50:15.412Z</time>
      </trkpt>
      <trkpt lat="50.876064" lon="12.902108">
        <ele>280.099565</ele>
        <time>2026-05-14T14:50:17.579Z</time>
      </trkpt>
      <trkpt lat="50.875662" lon="12.902037">
        <ele>280.026193</ele>
        <time>2026-05-14T14:50:22.954Z</time>
      </trkpt>
      <trkpt lat="50.875142" lon="12.902005">
        <ele>279.931796</ele>
        <time>2026-05-14T14:50:29.675Z</time>
      </trkpt>
      <trkpt lat="50.874875" lon="12.901937">
        <ele>279.882742</ele>
        <time>2026-05-14T14:50:33.396Z</time>
      </trkpt>
      <trkpt lat="50.874808" lon="12.901970">
        <ele>279.870015</ele>
        <time>2026-05-14T14:50:34.391Z</time>
      </trkpt>
      <trkpt lat="50.874707" lon="12.902055">
        <ele>279.849271</ele>
        <time>2026-05-14T14:50:36.038Z</time>
      </trkpt>
      <trkpt lat="50.874017" lon="12.902172">
        <ele>280.007761</ele>
        <time>2026-05-14T14:50:47.563Z</time>
      </trkpt>
      <trkpt lat="50.873517" lon="12.902325">
        <ele>280.242328</ele>
        <time>2026-05-14T14:50:56.946Z</time>
      </trkpt>
      <trkpt lat="50.872909" lon="12.902566">
        <ele>280.531016</ele>
        <time>2026-05-14T14:51:07.643Z</time>
      </trkpt>
      <trkpt lat="50.872850" lon="12.902589">
        <ele>280.559003</ele>
        <time>2026-05-14T14:51:08.668Z</time>
      </trkpt>
      <trkpt lat="50.872498" lon="12.902726">
        <ele>280.558646</ele>
        <time>2026-05-14T14:51:16.507Z</time>
      </trkpt>
      <trkpt lat="50.872372" lon="12.902713">
        <ele>280.512976</ele>
        <time>2026-05-14T14:51:18.423Z</time>
      </trkpt>
      <trkpt lat="50.872263" lon="12.902583">
        <ele>280.463632</ele>
        <time>2026-05-14T14:51:20.392Z</time>
      </trkpt>
      <trkpt lat="50.870850" lon="12.901726">
        <ele>280.005607</ele>
        <time>2026-05-14T14:51:39.763Z</time>
      </trkpt>
      <trkpt lat="50.870595" lon="12.901620">
        <ele>280.040557</ele>
        <time>2026-05-14T14:51:43.506Z</time>
      </trkpt>
      <trkpt lat="50.870169" lon="12.901574">
        <ele>280.097165</ele>
        <time>2026-05-14T14:51:49.903Z</time>
      </trkpt>
      <trkpt lat="50.869658" lon="12.901649">
        <ele>280.165201</ele>
        <time>2026-05-14T14:51:58.118Z</time>
      </trkpt>
      <trkpt lat="50.869362" lon="12.901800">
        <ele>280.206427</ele>
        <time>2026-05-14T14:52:03.353Z</time>
      </trkpt>
      <trkpt lat="50.869100" lon="12.901984">
        <ele>280.377942</ele>
        <time>2026-05-14T14:52:08.443Z</time>
      </trkpt>
      <trkpt lat="50.868945" lon="12.902138">
        <ele>280.535551</ele>
        <time>2026-05-14T14:52:11.805Z</time>
      </trkpt>
      <trkpt lat="50.868712" lon="12.902394">
        <ele>280.779812</ele>
        <time>2026-05-14T14:52:17.123Z</time>
      </trkpt>
      <trkpt lat="50.868530" lon="12.902653">
        <ele>280.990555</ele>
        <time>2026-05-14T14:52:21.792Z</time>
      </trkpt>
      <trkpt lat="50.868294" lon="12.903096">
        <ele>281.305748</ele>
        <time>2026-05-14T14:52:28.719Z</time>
      </trkpt>
      <trkpt lat="50.867904" lon="12.903876">
        <ele>281.845435</ele>
        <time>2026-05-14T14:52:40.263Z</time>
      </trkpt>
      <trkpt lat="50.867603" lon="12.904248">
        <ele>282.168508</ele>
        <time>2026-05-14T14:52:47.040Z</time>
      </trkpt>
      <trkpt lat="50.867590" lon="12.904330">
        <ele>282.213668</ele>
        <time>2026-05-14T14:52:47.985Z</time>
      </trkpt>
      <trkpt lat="50.867583" lon="12.904643">
        <ele>282.380957</ele>
        <time>2026-05-14T14:52:51.434Z</time>
      </trkpt>
      <trkpt lat="50.867276" lon="12.905152">
        <ele>282.757022</ele>
        <time>2026-05-14T14:52:59.208Z</time>
      </trkpt>
      <trkpt lat="50.867207" lon="12.905250">
        <ele>282.835445</ele>
        <time>2026-05-14T14:53:00.852Z</time>
      </trkpt>
      <trkpt lat="50.867027" lon="12.905656">
        <ele>283.100466</ele>
        <time>2026-05-14T14:53:06.614Z</time>
      </trkpt>
      <trkpt lat="50.866614" lon="12.906223">
        <ele>283.571554</ele>
        <time>2026-05-14T14:53:17.266Z</time>
      </trkpt>
      <trkpt lat="50.866332" lon="12.906768">
        <ele>283.959931</ele>
        <time>2026-05-14T14:53:26.154Z</time>
      </trkpt>
      <trkpt lat="50.866129" lon="12.907396">
        <ele>284.348766</ele>
        <time>2026-05-14T14:53:34.617Z</time>
      </trkpt>
      <trkpt lat="50.866034" lon="12.907947">
        <ele>284.663543</ele>
        <time>2026-05-14T14:53:40.954Z</time>
      </trkpt>
      <trkpt lat="50.866002" lon="12.908583">
        <ele>284.876864</ele>
        <time>2026-05-14T14:53:47.426Z</time>
      </trkpt>
      <trkpt lat="50.866005" lon="12.908888">
        <ele>284.892753</ele>
        <time>2026-05-14T14:53:50.287Z</time>
      </trkpt>
      <trkpt lat="50.866047" lon="12.909348">
        <ele>284.916962</ele>
        <time>2026-05-14T14:53:54.408Z</time>
      </trkpt>
      <trkpt lat="50.866176" lon="12.909907">
        <ele>284.947963</ele>
        <time>2026-05-14T14:53:59.627Z</time>
      </trkpt>
      <trkpt lat="50.866464" lon="12.911158">
        <ele>285.008935</ele>
        <time>2026-05-14T14:54:12.478Z</time>
      </trkpt>
      <trkpt lat="50.866457" lon="12.911437">
        <ele>285.004578</ele>
        <time>2026-05-14T14:54:15.303Z</time>
      </trkpt>
      <trkpt lat="50.866537" lon="12.911712">
        <ele>284.999852</ele>
        <time>2026-05-14T14:54:18.340Z</time>
      </trkpt>
      <trkpt lat="50.866643" lon="12.911959">
        <ele>284.995191</ele>
        <time>2026-05-14T14:54:21.300Z</time>
      </trkpt>
      <trkpt lat="50.866705" lon="12.912216">
        <ele>284.990898</ele>
        <time>2026-05-14T14:54:23.989Z</time>
      </trkpt>
      <trkpt lat="50.866704" lon="12.912412">
        <ele>284.987839</ele>
        <time>2026-05-14T14:54:25.868Z</time>
      </trkpt>
      <trkpt lat="50.866702" lon="12.912659">
        <ele>284.983984</ele>
        <time>2026-05-14T14:54:28.203Z</time>
      </trkpt>
      <trkpt lat="50.866530" lon="12.913897">
        <ele>284.955215</ele>
        <time>2026-05-14T14:54:39.588Z</time>
      </trkpt>
      <trkpt lat="50.866522" lon="12.914222">
        <ele>284.929342</ele>
        <time>2026-05-14T14:54:42.296Z</time>
      </trkpt>
      <trkpt lat="50.866490" lon="12.914678">
        <ele>284.892843</ele>
        <time>2026-05-14T14:54:46.027Z</time>
      </trkpt>
      <trkpt lat="50.866409" lon="12.915184">
        <ele>284.851316</ele>
        <time>2026-05-14T14:54:50.347Z</time>
      </trkpt>
      <trkpt lat="50.866345" lon="12.915407">
        <ele>284.831829</ele>
        <time>2026-05-14T14:54:52.443Z</time>
      </trkpt>
      <trkpt lat="50.866194" lon="12.915787">
        <ele>284.796107</ele>
        <time>2026-05-14T14:54:56.496Z</time>
      </trkpt>
      <trkpt lat="50.866016" lon="12.916097">
        <ele>284.762767</ele>
        <time>2026-05-14T14:55:00.651Z</time>
      </trkpt>
      <trkpt lat="50.865759" lon="12.916396">
        <ele>284.826705</ele>
        <time>2026-05-14T14:55:06.028Z</time>
      </trkpt>
      <trkpt lat="50.865543" lon="12.916561">
        <ele>284.980435</ele>
        <time>2026-05-14T14:55:10.287Z</time>
      </trkpt>
      <trkpt lat="50.864944" lon="12.916877">
        <ele>285.385177</ele>
        <time>2026-05-14T14:55:21.938Z</time>
      </trkpt>
      <trkpt lat="50.864572" lon="12.917128">
        <ele>285.644388</ele>
        <time>2026-05-14T14:55:29.316Z</time>
      </trkpt>
      <trkpt lat="50.864376" lon="12.917202">
        <ele>285.773561</ele>
        <time>2026-05-14T14:55:32.893Z</time>
      </trkpt>
      <trkpt lat="50.864268" lon="12.917297">
        <ele>285.852754</ele>
        <time>2026-05-14T14:55:34.999Z</time>
      </trkpt>
      <trkpt lat="50.863903" lon="12.917674">
        <ele>285.935789</ele>
        <time>2026-05-14T14:55:42.034Z</time>
      </trkpt>
      <trkpt lat="50.861614" lon="12.919593">
        <ele>286.258074</ele>
        <time>2026-05-14T14:56:20.221Z</time>
      </trkpt>
      <trkpt lat="50.861105" lon="12.920121">
        <ele>286.340673</ele>
        <time>2026-05-14T14:56:30.155Z</time>
      </trkpt>
      <trkpt lat="50.860448" lon="12.921060">
        <ele>286.751270</ele>
        <time>2026-05-14T14:56:44.639Z</time>
      </trkpt>
      <trkpt lat="50.859896" lon="12.921982">
        <ele>287.131425</ele>
        <time>2026-05-14T14:56:57.591Z</time>
      </trkpt>
      <trkpt lat="50.859722" lon="12.922433">
        <ele>287.466784</ele>
        <time>2026-05-14T14:57:03.724Z</time>
      </trkpt>
      <trkpt lat="50.859633" lon="12.922591">
        <ele>287.650966</ele>
        <time>2026-05-14T14:57:06.322Z</time>
      </trkpt>
      <trkpt lat="50.859587" lon="12.922609">
        <ele>287.716254</ele>
        <time>2026-05-14T14:57:07.232Z</time>
      </trkpt>
      <trkpt lat="50.859522" lon="12.922535">
        <ele>287.826544</ele>
        <time>2026-05-14T14:57:08.850Z</time>
      </trkpt>
      <trkpt lat="50.859480" lon="12.922594">
        <ele>287.903890</ele>
        <time>2026-05-14T14:57:10.001Z</time>
      </trkpt>
      <trkpt lat="50.859315" lon="12.922834">
        <ele>288.212535</ele>
        <time>2026-05-14T14:57:14.729Z</time>
      </trkpt>
      <trkpt lat="50.859299" lon="12.922894">
        <ele>288.269186</ele>
        <time>2026-05-14T14:57:15.629Z</time>
      </trkpt>
      <trkpt lat="50.859314" lon="12.923013">
        <ele>288.374731</ele>
        <time>2026-05-14T14:57:17.282Z</time>
      </trkpt>
      <trkpt lat="50.859301" lon="12.923097">
        <ele>288.449954</ele>
        <time>2026-05-14T14:57:18.505Z</time>
      </trkpt>
      <trkpt lat="50.859137" lon="12.923414">
        <ele>288.806440</ele>
        <time>2026-05-14T14:57:24.251Z</time>
      </trkpt>
      <trkpt lat="50.858610" lon="12.924227">
        <ele>289.706651</ele>
        <time>2026-05-14T14:57:40.358Z</time>
      </trkpt>
      <trkpt lat="50.858494" lon="12.924369">
        <ele>289.750791</ele>
        <time>2026-05-14T14:57:43.253Z</time>
      </trkpt>
      <trkpt lat="50.858179" lon="12.924564">
        <ele>289.852622</ele>
        <time>2026-05-14T14:57:49.369Z</time>
      </trkpt>
      <trkpt lat="50.857805" lon="12.924854">
        <ele>289.978000</ele>
        <time>2026-05-14T14:57:55.981Z</time>
      </trkpt>
      <trkpt lat="50.857556" lon="12.924974">
        <ele>290.056367</ele>
        <time>2026-05-14T14:57:59.672Z</time>
      </trkpt>
      <trkpt lat="50.857393" lon="12.924958">
        <ele>290.105540</ele>
        <time>2026-05-14T14:58:01.844Z</time>
      </trkpt>
      <trkpt lat="50.857317" lon="12.925048">
        <ele>290.134111</ele>
        <time>2026-05-14T14:58:03.079Z</time>
      </trkpt>
      <trkpt lat="50.857153" lon="12.925116">
        <ele>290.185155</ele>
        <time>2026-05-14T14:58:05.264Z</time>
      </trkpt>
      <trkpt lat="50.856599" lon="12.925518">
        <ele>290.045213</ele>
        <time>2026-05-14T14:58:13.092Z</time>
      </trkpt>
      <trkpt lat="50.856456" lon="12.925658">
        <ele>289.988203</ele>
        <time>2026-05-14T14:58:15.280Z</time>
      </trkpt>
      <trkpt lat="50.856062" lon="12.925918">
        <ele>289.843457</ele>
        <time>2026-05-14T14:58:20.980Z</time>
      </trkpt>
      <trkpt lat="50.855364" lon="12.926269">
        <ele>289.619972</ele>
        <time>2026-05-14T14:58:31.336Z</time>
      </trkpt>
      <trkpt lat="50.854936" lon="12.926340">
        <ele>289.790928</ele>
        <time>2026-05-14T14:58:38.209Z</time>
      </trkpt>
      <trkpt lat="50.854625" lon="12.926327">
        <ele>289.914519</ele>
        <time>2026-05-14T14:58:43.609Z</time>
      </trkpt>
      <trkpt lat="50.853792" lon="12.926092">
        <ele>290.250644</ele>
        <time>2026-05-14T14:58:58.394Z</time>
      </trkpt>
      <trkpt lat="50.853697" lon="12.926039">
        <ele>290.290655</ele>
        <time>2026-05-14T14:59:00.056Z</time>
      </trkpt>
      <trkpt lat="50.853671" lon="12.925978">
        <ele>290.309114</ele>
        <time>2026-05-14T14:59:00.786Z</time>
      </trkpt>
      <trkpt lat="50.853605" lon="12.925926">
        <ele>290.330298</ele>
        <time>2026-05-14T14:59:01.990Z</time>
      </trkpt>
      <trkpt lat="50.853279" lon="12.925864">
        <ele>290.399709</ele>
        <time>2026-05-14T14:59:07.202Z</time>
      </trkpt>
      <trkpt lat="50.852593" lon="12.925751">
        <ele>290.545512</ele>
        <time>2026-05-14T14:59:17.585Z</time>
      </trkpt>
      <trkpt lat="50.850439" lon="12.925208">
        <ele>291.138563</ele>
        <time>2026-05-14T14:59:51.390Z</time>
      </trkpt>
      <trkpt lat="50.850064" lon="12.925055">
        <ele>291.275497</ele>
        <time>2026-05-14T14:59:58.238Z</time>
      </trkpt>
      <trkpt lat="50.849679" lon="12.924839">
        <ele>291.645134</ele>
        <time>2026-05-14T15:00:05.682Z</time>
      </trkpt>
      <trkpt lat="50.849473" lon="12.924628">
        <ele>291.867150</ele>
        <time>2026-05-14T15:00:10.287Z</time>
      </trkpt>
      <trkpt lat="50.849341" lon="12.924432">
        <ele>292.030896</ele>
        <time>2026-05-14T15:00:13.799Z</time>
      </trkpt>
      <trkpt lat="50.849195" lon="12.924136">
        <ele>292.245519</ele>
        <time>2026-05-14T15:00:18.467Z</time>
      </trkpt>
      <trkpt lat="50.848947" lon="12.923505">
        <ele>292.670214</ele>
        <time>2026-05-14T15:00:27.625Z</time>
      </trkpt>
      <trkpt lat="50.848811" lon="12.923083">
        <ele>292.867784</ele>
        <time>2026-05-14T15:00:32.976Z</time>
      </trkpt>
      <trkpt lat="50.848781" lon="12.923114">
        <ele>292.864937</ele>
        <time>2026-05-14T15:00:33.826Z</time>
      </trkpt>
      <trkpt lat="50.848520" lon="12.923376">
        <ele>292.840380</ele>
        <time>2026-05-14T15:00:38.870Z</time>
      </trkpt>
      <trkpt lat="50.848481" lon="12.923416">
        <ele>292.836688</ele>
        <time>2026-05-14T15:00:39.834Z</time>
      </trkpt>
      <trkpt lat="50.848462" lon="12.923489">
        <ele>292.832726</ele>
        <time>2026-05-14T15:00:40.916Z</time>
      </trkpt>
      <trkpt lat="50.848366" lon="12.923778">
        <ele>292.816341</ele>
        <time>2026-05-14T15:00:44.390Z</time>
      </trkpt>
      <trkpt lat="50.847770" lon="12.923349">
        <ele>292.764315</ele>
        <time>2026-05-14T15:00:53.345Z</time>
      </trkpt>
      <trkpt lat="50.847607" lon="12.923228">
        <ele>292.750010</ele>
        <time>2026-05-14T15:00:55.570Z</time>
      </trkpt>
      <trkpt lat="50.847558" lon="12.923192">
        <ele>292.745717</ele>
        <time>2026-05-14T15:00:56.240Z</time>
      </trkpt>
      <trkpt lat="50.847457" lon="12.923117">
        <ele>292.736852</ele>
        <time>2026-05-14T15:00:57.606Z</time>
      </trkpt>
      <trkpt lat="50.846925" lon="12.922679">
        <ele>292.637700</ele>
        <time>2026-05-14T15:01:05.159Z</time>
      </trkpt>
      <trkpt lat="50.846295" lon="12.922613">
        <ele>292.525326</ele>
        <time>2026-05-14T15:01:14.062Z</time>
      </trkpt>
      <trkpt lat="50.845684" lon="12.922525">
        <ele>292.416130</ele>
        <time>2026-05-14T15:01:23.504Z</time>
      </trkpt>
      <trkpt lat="50.845651" lon="12.922464">
        <ele>292.427115</ele>
        <time>2026-05-14T15:01:24.617Z</time>
      </trkpt>
      <trkpt lat="50.845417" lon="12.922384">
        <ele>292.626603</ele>
        <time>2026-05-14T15:01:29.962Z</time>
      </trkpt>
      <trkpt lat="50.845371" lon="12.922389">
        <ele>292.665026</ele>
        <time>2026-05-14T15:01:30.752Z</time>
      </trkpt>
      <trkpt lat="50.845331" lon="12.922394">
        <ele>292.698463</ele>
        <time>2026-05-14T15:01:31.469Z</time>
      </trkpt>
      <trkpt lat="50.845232" lon="12.922412">
        <ele>292.781503</ele>
        <time>2026-05-14T15:01:33.779Z</time>
      </trkpt>
      <trkpt lat="50.845197" lon="12.922421">
        <ele>292.811052</ele>
        <time>2026-05-14T15:01:34.419Z</time>
      </trkpt>
      <trkpt lat="50.845164" lon="12.922429">
        <ele>292.838871</ele>
        <time>2026-05-14T15:01:35.037Z</time>
      </trkpt>
      <trkpt lat="50.845155" lon="12.922442">
        <ele>292.849022</ele>
        <time>2026-05-14T15:01:35.347Z</time>
      </trkpt>
      <trkpt lat="50.845072" lon="12.922490">
        <ele>292.922655</ele>
        <time>2026-05-14T15:01:37.448Z</time>
      </trkpt>
      <trkpt lat="50.844868" lon="12.922487">
        <ele>293.092660</ele>
        <time>2026-05-14T15:01:41.298Z</time>
      </trkpt>
      <trkpt lat="50.844306" lon="12.922414">
        <ele>293.562559</ele>
        <time>2026-05-14T15:01:52.065Z</time>
      </trkpt>
      <trkpt lat="50.843537" lon="12.922303">
        <ele>294.383784</ele>
        <time>2026-05-14T15:02:06.259Z</time>
      </trkpt>
      <trkpt lat="50.843110" lon="12.922325">
        <ele>294.953176</ele>
        <time>2026-05-14T15:02:14.894Z</time>
      </trkpt>
      <trkpt lat="50.842927" lon="12.923069">
        <ele>295.625130</ele>
        <time>2026-05-14T15:02:25.905Z</time>
      </trkpt>
      <trkpt lat="50.842839" lon="12.923432">
        <ele>295.952361</ele>
        <time>2026-05-14T15:02:32.400Z</time>
      </trkpt>
      <trkpt lat="50.842756" lon="12.923789">
        <ele>296.272521</ele>
        <time>2026-05-14T15:02:38.499Z</time>
      </trkpt>
      <trkpt lat="50.842722" lon="12.923938">
        <ele>296.306642</ele>
        <time>2026-05-14T15:02:40.979Z</time>
      </trkpt>
      <trkpt lat="50.842633" lon="12.924321">
        <ele>296.306642</ele>
        <time>2026-05-14T15:02:47.400Z</time>
      </trkpt>
      <trkpt lat="50.842576" lon="12.924571">
        <ele>296.306642</ele>
        <time>2026-05-14T15:02:51.514Z</time>
      </trkpt>
      <trkpt lat="50.842545" lon="12.924701">
        <ele>296.306642</ele>
        <time>2026-05-14T15:02:53.652Z</time>
      </trkpt>
      <trkpt lat="50.842436" lon="12.924633">
        <ele>296.306642</ele>
        <time>2026-05-14T15:02:56.498Z</time>
      </trkpt>
      <trkpt lat="50.841715" lon="12.924188">
        <ele>296.306642</ele>
        <time>2026-05-14T15:03:13.552Z</time>
      </trkpt>
    </trkseg>
  </trk>
</gpx>