<?xml version='1.0' encoding='UTF-8'?>
<gpx version="1.1" creator="https://www.komoot.de" xmlns="http://www.topografix.com/GPX/1/1" xmlns:xsi="http://www.w3.org/2001/XMLSchema-instance" xsi:schemaLocation="http://www.topografix.com/GPX/1/1 http://www.topografix.com/GPX/1/1/gpx.xsd">
  <metadata>
    <name>Ice-Tour Königsrunde 180km 4 Eis-Stopps</name>
    <author>
      <link href="https://www.komoot.de">
        <text>komoot</text>
        <type>text/html</type>
      </link>
    </author>
  </metadata>
  <wpt lat="50.628324" lon="12.945230">
    <name>Achtung Abbiegung!</name>
    <sym>Skull and Crossbones</sym>
  </wpt>
  <wpt lat="50.643612" lon="12.966519">
    <name>Bäckerei Café Brünnly</name>
    <sym>Restaurant</sym>
  </wpt>
  <wpt lat="50.884989" lon="13.007845">
    <name>Eisdiele Schöne</name>
    <sym>Restaurant</sym>
  </wpt>
  <wpt lat="51.000349" lon="12.900060">
    <name>Klatt-Eis</name>
    <sym>Restaurant</sym>
  </wpt>
  <wpt lat="51.018651" lon="12.604534">
    <name>Eiscafé Elisen</name>
    <sym>Restaurant</sym>
  </wpt>
  <trk>
    <name>Ice-Tour Königsrunde 180km 4 Eis-Stopps</name>
    <trkseg>
      <trkpt lat="50.841755" lon="12.924020">
        <ele>295.184083</ele>
        <time>2026-04-30T19:50:02.034Z</time>
      </trkpt>
      <trkpt lat="50.841715" lon="12.924188">
        <ele>295.184083</ele>
        <time>2026-04-30T19:50:03.664Z</time>
      </trkpt>
      <trkpt lat="50.841633" lon="12.924087">
        <ele>295.184083</ele>
        <time>2026-04-30T19:50:05.088Z</time>
      </trkpt>
      <trkpt lat="50.841070" lon="12.923748">
        <ele>295.184083</ele>
        <time>2026-04-30T19:50:13.025Z</time>
      </trkpt>
      <trkpt lat="50.840902" lon="12.923638">
        <ele>295.084917</ele>
        <time>2026-04-30T19:50:15.349Z</time>
      </trkpt>
      <trkpt lat="50.840917" lon="12.923580">
        <ele>295.046460</ele>
        <time>2026-04-30T19:50:15.707Z</time>
      </trkpt>
      <trkpt lat="50.841094" lon="12.922800">
        <ele>294.537893</ele>
        <time>2026-04-30T19:50:20.383Z</time>
      </trkpt>
      <trkpt lat="50.841229" lon="12.922252">
        <ele>294.176964</ele>
        <time>2026-04-30T19:50:23.833Z</time>
      </trkpt>
      <trkpt lat="50.841285" lon="12.922063">
        <ele>294.048864</ele>
        <time>2026-04-30T19:50:25.083Z</time>
      </trkpt>
      <trkpt lat="50.841334" lon="12.921893">
        <ele>293.934201</ele>
        <time>2026-04-30T19:50:26.232Z</time>
      </trkpt>
      <trkpt lat="50.841439" lon="12.921472">
        <ele>293.656462</ele>
        <time>2026-04-30T19:50:29.318Z</time>
      </trkpt>
      <trkpt lat="50.841456" lon="12.921361">
        <ele>293.586380</ele>
        <time>2026-04-30T19:50:30.204Z</time>
      </trkpt>
      <trkpt lat="50.841469" lon="12.920869">
        <ele>293.540636</ele>
        <time>2026-04-30T19:50:34.562Z</time>
      </trkpt>
      <trkpt lat="50.841466" lon="12.920731">
        <ele>293.598698</ele>
        <time>2026-04-30T19:50:35.833Z</time>
      </trkpt>
      <trkpt lat="50.841459" lon="12.920393">
        <ele>293.740901</ele>
        <time>2026-04-30T19:50:39.027Z</time>
      </trkpt>
      <trkpt lat="50.841012" lon="12.919665">
        <ele>294.167876</ele>
        <time>2026-04-30T19:50:48.920Z</time>
      </trkpt>
      <trkpt lat="50.840905" lon="12.919487">
        <ele>294.271215</ele>
        <time>2026-04-30T19:50:51.304Z</time>
      </trkpt>
      <trkpt lat="50.840825" lon="12.919351">
        <ele>294.349371</ele>
        <time>2026-04-30T19:50:53.056Z</time>
      </trkpt>
      <trkpt lat="50.840469" lon="12.918595">
        <ele>294.652280</ele>
        <time>2026-04-30T19:51:01.130Z</time>
      </trkpt>
      <trkpt lat="50.840337" lon="12.918324">
        <ele>294.675697</ele>
        <time>2026-04-30T19:51:03.418Z</time>
      </trkpt>
      <trkpt lat="50.840218" lon="12.918139">
        <ele>294.693765</ele>
        <time>2026-04-30T19:51:05.098Z</time>
      </trkpt>
      <trkpt lat="50.839857" lon="12.917558">
        <ele>294.749534</ele>
        <time>2026-04-30T19:51:10.707Z</time>
      </trkpt>
      <trkpt lat="50.839600" lon="12.917147">
        <ele>294.789108</ele>
        <time>2026-04-30T19:51:15.534Z</time>
      </trkpt>
      <trkpt lat="50.839488" lon="12.916952">
        <ele>294.807144</ele>
        <time>2026-04-30T19:51:17.716Z</time>
      </trkpt>
      <trkpt lat="50.839057" lon="12.916555">
        <ele>295.036590</ele>
        <time>2026-04-30T19:51:24.563Z</time>
      </trkpt>
      <trkpt lat="50.838957" lon="12.916471">
        <ele>295.115661</ele>
        <time>2026-04-30T19:51:26.036Z</time>
      </trkpt>
      <trkpt lat="50.838828" lon="12.916367">
        <ele>295.216776</ele>
        <time>2026-04-30T19:51:27.979Z</time>
      </trkpt>
      <trkpt lat="50.838420" lon="12.916039">
        <ele>295.536394</ele>
        <time>2026-04-30T19:51:34.065Z</time>
      </trkpt>
      <trkpt lat="50.838248" lon="12.915901">
        <ele>295.671080</ele>
        <time>2026-04-30T19:51:36.996Z</time>
      </trkpt>
      <trkpt lat="50.838046" lon="12.915735">
        <ele>295.830049</ele>
        <time>2026-04-30T19:51:40.528Z</time>
      </trkpt>
      <trkpt lat="50.837789" lon="12.915522">
        <ele>296.032670</ele>
        <time>2026-04-30T19:51:44.951Z</time>
      </trkpt>
      <trkpt lat="50.837753" lon="12.915491">
        <ele>296.061295</ele>
        <time>2026-04-30T19:51:45.529Z</time>
      </trkpt>
      <trkpt lat="50.837655" lon="12.915385">
        <ele>296.156271</ele>
        <time>2026-04-30T19:51:47.275Z</time>
      </trkpt>
      <trkpt lat="50.837596" lon="12.915323">
        <ele>296.215881</ele>
        <time>2026-04-30T19:51:48.328Z</time>
      </trkpt>
      <trkpt lat="50.837511" lon="12.915232">
        <ele>296.302258</ele>
        <time>2026-04-30T19:51:49.847Z</time>
      </trkpt>
      <trkpt lat="50.837337" lon="12.915070">
        <ele>296.472182</ele>
        <time>2026-04-30T19:51:52.732Z</time>
      </trkpt>
      <trkpt lat="50.837143" lon="12.914995">
        <ele>296.640296</ele>
        <time>2026-04-30T19:51:55.465Z</time>
      </trkpt>
      <trkpt lat="50.836461" lon="12.914940">
        <ele>297.215175</ele>
        <time>2026-04-30T19:52:05.185Z</time>
      </trkpt>
      <trkpt lat="50.835428" lon="12.914809">
        <ele>298.368978</ele>
        <time>2026-04-30T19:52:20.382Z</time>
      </trkpt>
      <trkpt lat="50.835027" lon="12.914758">
        <ele>298.902900</ele>
        <time>2026-04-30T19:52:26.414Z</time>
      </trkpt>
      <trkpt lat="50.834539" lon="12.914701">
        <ele>299.552336</ele>
        <time>2026-04-30T19:52:34.856Z</time>
      </trkpt>
      <trkpt lat="50.834443" lon="12.914690">
        <ele>299.680081</ele>
        <time>2026-04-30T19:52:36.598Z</time>
      </trkpt>
      <trkpt lat="50.833981" lon="12.914629">
        <ele>300.261497</ele>
        <time>2026-04-30T19:52:45.392Z</time>
      </trkpt>
      <trkpt lat="50.833922" lon="12.914621">
        <ele>300.331464</ele>
        <time>2026-04-30T19:52:46.550Z</time>
      </trkpt>
      <trkpt lat="50.833858" lon="12.914613">
        <ele>300.407318</ele>
        <time>2026-04-30T19:52:47.727Z</time>
      </trkpt>
      <trkpt lat="50.832682" lon="12.914434">
        <ele>301.803218</ele>
        <time>2026-04-30T19:53:06.723Z</time>
      </trkpt>
      <trkpt lat="50.832469" lon="12.914356">
        <ele>302.061531</ele>
        <time>2026-04-30T19:53:09.430Z</time>
      </trkpt>
      <trkpt lat="50.832071" lon="12.914129">
        <ele>301.701141</ele>
        <time>2026-04-30T19:53:14.399Z</time>
      </trkpt>
      <trkpt lat="50.832007" lon="12.914293">
        <ele>301.569696</ele>
        <time>2026-04-30T19:53:15.627Z</time>
      </trkpt>
      <trkpt lat="50.831944" lon="12.914449">
        <ele>301.443443</ele>
        <time>2026-04-30T19:53:17.255Z</time>
      </trkpt>
      <trkpt lat="50.831801" lon="12.914435">
        <ele>301.288772</ele>
        <time>2026-04-30T19:53:19.281Z</time>
      </trkpt>
      <trkpt lat="50.831415" lon="12.914644">
        <ele>300.848371</ele>
        <time>2026-04-30T19:53:24.735Z</time>
      </trkpt>
      <trkpt lat="50.831157" lon="12.914823">
        <ele>300.544278</ele>
        <time>2026-04-30T19:53:27.117Z</time>
      </trkpt>
      <trkpt lat="50.830624" lon="12.915235">
        <ele>299.947082</ele>
        <time>2026-04-30T19:53:32.330Z</time>
      </trkpt>
      <trkpt lat="50.830463" lon="12.915445">
        <ele>299.758372</ele>
        <time>2026-04-30T19:53:34.283Z</time>
      </trkpt>
      <trkpt lat="50.830331" lon="12.915631">
        <ele>299.598514</ele>
        <time>2026-04-30T19:53:35.890Z</time>
      </trkpt>
      <trkpt lat="50.830105" lon="12.915822">
        <ele>299.366758</ele>
        <time>2026-04-30T19:53:38.248Z</time>
      </trkpt>
      <trkpt lat="50.829920" lon="12.915953">
        <ele>299.183421</ele>
        <time>2026-04-30T19:53:40.356Z</time>
      </trkpt>
      <trkpt lat="50.829595" lon="12.915962">
        <ele>298.889366</ele>
        <time>2026-04-30T19:53:44.488Z</time>
      </trkpt>
      <trkpt lat="50.829571" lon="12.915922">
        <ele>298.857841</ele>
        <time>2026-04-30T19:53:45.046Z</time>
      </trkpt>
      <trkpt lat="50.829291" lon="12.915379">
        <ele>298.539384</ele>
        <time>2026-04-30T19:53:52.153Z</time>
      </trkpt>
      <trkpt lat="50.829236" lon="12.915276">
        <ele>298.536148</ele>
        <time>2026-04-30T19:53:53.443Z</time>
      </trkpt>
      <trkpt lat="50.829002" lon="12.914844">
        <ele>298.522495</ele>
        <time>2026-04-30T19:53:59.267Z</time>
      </trkpt>
      <trkpt lat="50.828873" lon="12.914601">
        <ele>298.514879</ele>
        <time>2026-04-30T19:54:02.377Z</time>
      </trkpt>
      <trkpt lat="50.828869" lon="12.914511">
        <ele>298.512715</ele>
        <time>2026-04-30T19:54:03.227Z</time>
      </trkpt>
      <trkpt lat="50.828724" lon="12.914240">
        <ele>298.504194</ele>
        <time>2026-04-30T19:54:06.863Z</time>
      </trkpt>
      <trkpt lat="50.828673" lon="12.914207">
        <ele>298.502101</ele>
        <time>2026-04-30T19:54:07.714Z</time>
      </trkpt>
      <trkpt lat="50.828386" lon="12.913659">
        <ele>298.485022</ele>
        <time>2026-04-30T19:54:15.062Z</time>
      </trkpt>
      <trkpt lat="50.828226" lon="12.913324">
        <ele>298.474946</ele>
        <time>2026-04-30T19:54:19.019Z</time>
      </trkpt>
      <trkpt lat="50.828088" lon="12.912965">
        <ele>298.624824</ele>
        <time>2026-04-30T19:54:23.276Z</time>
      </trkpt>
      <trkpt lat="50.828012" lon="12.912699">
        <ele>298.732146</ele>
        <time>2026-04-30T19:54:26.496Z</time>
      </trkpt>
      <trkpt lat="50.828007" lon="12.912657">
        <ele>298.747857</ele>
        <time>2026-04-30T19:54:26.980Z</time>
      </trkpt>
      <trkpt lat="50.828002" lon="12.912594">
        <ele>298.771199</ele>
        <time>2026-04-30T19:54:27.701Z</time>
      </trkpt>
      <trkpt lat="50.827998" lon="12.912513">
        <ele>298.801066</ele>
        <time>2026-04-30T19:54:28.645Z</time>
      </trkpt>
      <trkpt lat="50.827982" lon="12.912461">
        <ele>298.822329</ele>
        <time>2026-04-30T19:54:29.318Z</time>
      </trkpt>
      <trkpt lat="50.827931" lon="12.912293">
        <ele>298.890850</ele>
        <time>2026-04-30T19:54:31.519Z</time>
      </trkpt>
      <trkpt lat="50.827895" lon="12.912176">
        <ele>298.938692</ele>
        <time>2026-04-30T19:54:33.077Z</time>
      </trkpt>
      <trkpt lat="50.827881" lon="12.912148">
        <ele>298.951819</ele>
        <time>2026-04-30T19:54:33.512Z</time>
      </trkpt>
      <trkpt lat="50.827854" lon="12.912098">
        <ele>298.976001</ele>
        <time>2026-04-30T19:54:34.308Z</time>
      </trkpt>
      <trkpt lat="50.827818" lon="12.912028">
        <ele>299.009185</ele>
        <time>2026-04-30T19:54:35.446Z</time>
      </trkpt>
      <trkpt lat="50.827408" lon="12.910244">
        <ele>299.479443</ele>
        <time>2026-04-30T19:54:58.471Z</time>
      </trkpt>
      <trkpt lat="50.827212" lon="12.909342">
        <ele>299.400102</ele>
        <time>2026-04-30T19:55:08.104Z</time>
      </trkpt>
      <trkpt lat="50.827172" lon="12.909363">
        <ele>299.394553</ele>
        <time>2026-04-30T19:55:08.795Z</time>
      </trkpt>
      <trkpt lat="50.827186" lon="12.909428">
        <ele>299.388841</ele>
        <time>2026-04-30T19:55:11.806Z</time>
      </trkpt>
      <trkpt lat="50.827172" lon="12.909363">
        <ele>299.383128</ele>
        <time>2026-04-30T19:55:14.817Z</time>
      </trkpt>
      <trkpt lat="50.827212" lon="12.909342">
        <ele>299.377579</ele>
        <time>2026-04-30T19:55:15.425Z</time>
      </trkpt>
      <trkpt lat="50.827124" lon="12.908938">
        <ele>299.342033</ele>
        <time>2026-04-30T19:55:19.283Z</time>
      </trkpt>
      <trkpt lat="50.827041" lon="12.908541">
        <ele>299.307250</ele>
        <time>2026-04-30T19:55:23.016Z</time>
      </trkpt>
      <trkpt lat="50.826993" lon="12.908333">
        <ele>299.288831</ele>
        <time>2026-04-30T19:55:25.004Z</time>
      </trkpt>
      <trkpt lat="50.826951" lon="12.908150">
        <ele>299.254049</ele>
        <time>2026-04-30T19:55:26.774Z</time>
      </trkpt>
      <trkpt lat="50.826912" lon="12.907979">
        <ele>299.215428</ele>
        <time>2026-04-30T19:55:28.387Z</time>
      </trkpt>
      <trkpt lat="50.826814" lon="12.907551">
        <ele>299.118718</ele>
        <time>2026-04-30T19:55:32.520Z</time>
      </trkpt>
      <trkpt lat="50.826732" lon="12.907421">
        <ele>299.079691</ele>
        <time>2026-04-30T19:55:34.249Z</time>
      </trkpt>
      <trkpt lat="50.826680" lon="12.907194">
        <ele>299.028396</ele>
        <time>2026-04-30T19:55:35.942Z</time>
      </trkpt>
      <trkpt lat="50.826391" lon="12.906051">
        <ele>298.766855</ele>
        <time>2026-04-30T19:55:44.759Z</time>
      </trkpt>
      <trkpt lat="50.826149" lon="12.905156">
        <ele>298.764811</ele>
        <time>2026-04-30T19:55:52.125Z</time>
      </trkpt>
      <trkpt lat="50.826079" lon="12.904898">
        <ele>298.807235</ele>
        <time>2026-04-30T19:55:54.303Z</time>
      </trkpt>
      <trkpt lat="50.826005" lon="12.904619">
        <ele>298.852952</ele>
        <time>2026-04-30T19:55:57.493Z</time>
      </trkpt>
      <trkpt lat="50.825365" lon="12.902210">
        <ele>299.530978</ele>
        <time>2026-04-30T19:56:19.060Z</time>
      </trkpt>
      <trkpt lat="50.825104" lon="12.901222">
        <ele>300.025058</ele>
        <time>2026-04-30T19:56:29.182Z</time>
      </trkpt>
      <trkpt lat="50.825043" lon="12.901005">
        <ele>300.134640</ele>
        <time>2026-04-30T19:56:31.387Z</time>
      </trkpt>
      <trkpt lat="50.824989" lon="12.900825">
        <ele>300.226575</ele>
        <time>2026-04-30T19:56:33.187Z</time>
      </trkpt>
      <trkpt lat="50.824631" lon="12.899578">
        <ele>301.478764</ele>
        <time>2026-04-30T19:56:45.565Z</time>
      </trkpt>
      <trkpt lat="50.824518" lon="12.899184">
        <ele>301.963078</ele>
        <time>2026-04-30T19:56:49.844Z</time>
      </trkpt>
      <trkpt lat="50.824573" lon="12.899141">
        <ele>302.071766</ele>
        <time>2026-04-30T19:56:51.012Z</time>
      </trkpt>
      <trkpt lat="50.824549" lon="12.899051">
        <ele>302.181108</ele>
        <time>2026-04-30T19:56:52.272Z</time>
      </trkpt>
      <trkpt lat="50.824443" lon="12.898781">
        <ele>302.536918</ele>
        <time>2026-04-30T19:56:56.932Z</time>
      </trkpt>
      <trkpt lat="50.824284" lon="12.898565">
        <ele>302.908155</ele>
        <time>2026-04-30T19:57:02.215Z</time>
      </trkpt>
      <trkpt lat="50.824160" lon="12.898440">
        <ele>303.168629</ele>
        <time>2026-04-30T19:57:06.095Z</time>
      </trkpt>
      <trkpt lat="50.823746" lon="12.898169">
        <ele>304.062232</ele>
        <time>2026-04-30T19:57:17.743Z</time>
      </trkpt>
      <trkpt lat="50.823718" lon="12.898229">
        <ele>304.169410</ele>
        <time>2026-04-30T19:57:18.902Z</time>
      </trkpt>
      <trkpt lat="50.823544" lon="12.897956">
        <ele>304.726603</ele>
        <time>2026-04-30T19:57:25.233Z</time>
      </trkpt>
      <trkpt lat="50.823455" lon="12.897600">
        <ele>305.276690</ele>
        <time>2026-04-30T19:57:30.113Z</time>
      </trkpt>
      <trkpt lat="50.823423" lon="12.897480">
        <ele>305.463835</ele>
        <time>2026-04-30T19:57:31.796Z</time>
      </trkpt>
      <trkpt lat="50.823369" lon="12.897269">
        <ele>305.790927</ele>
        <time>2026-04-30T19:57:34.765Z</time>
      </trkpt>
      <trkpt lat="50.823359" lon="12.897231">
        <ele>305.850072</ele>
        <time>2026-04-30T19:57:35.266Z</time>
      </trkpt>
      <trkpt lat="50.823157" lon="12.896406">
        <ele>307.121333</ele>
        <time>2026-04-30T19:57:46.200Z</time>
      </trkpt>
      <trkpt lat="50.823146" lon="12.896363">
        <ele>307.187988</ele>
        <time>2026-04-30T19:57:46.694Z</time>
      </trkpt>
      <trkpt lat="50.823132" lon="12.896307">
        <ele>307.274519</ele>
        <time>2026-04-30T19:57:47.294Z</time>
      </trkpt>
      <trkpt lat="50.823055" lon="12.895984">
        <ele>307.716914</ele>
        <time>2026-04-30T19:57:50.490Z</time>
      </trkpt>
      <trkpt lat="50.822823" lon="12.895044">
        <ele>308.043540</ele>
        <time>2026-04-30T19:57:58.849Z</time>
      </trkpt>
      <trkpt lat="50.822769" lon="12.894759">
        <ele>308.139840</ele>
        <time>2026-04-30T19:58:01.421Z</time>
      </trkpt>
      <trkpt lat="50.822671" lon="12.894163">
        <ele>308.339163</ele>
        <time>2026-04-30T19:58:06.743Z</time>
      </trkpt>
      <trkpt lat="50.822553" lon="12.893497">
        <ele>308.563033</ele>
        <time>2026-04-30T19:58:12.194Z</time>
      </trkpt>
      <trkpt lat="50.822509" lon="12.893315">
        <ele>308.624293</ele>
        <time>2026-04-30T19:58:13.672Z</time>
      </trkpt>
      <trkpt lat="50.822254" lon="12.892319">
        <ele>308.780131</ele>
        <time>2026-04-30T19:58:21.558Z</time>
      </trkpt>
      <trkpt lat="50.822145" lon="12.891343">
        <ele>308.923853</ele>
        <time>2026-04-30T19:58:29.346Z</time>
      </trkpt>
      <trkpt lat="50.822079" lon="12.890811">
        <ele>309.002471</ele>
        <time>2026-04-30T19:58:33.992Z</time>
      </trkpt>
      <trkpt lat="50.821983" lon="12.890280">
        <ele>309.034535</ele>
        <time>2026-04-30T19:58:39.088Z</time>
      </trkpt>
      <trkpt lat="50.821852" lon="12.889321">
        <ele>309.031041</ele>
        <time>2026-04-30T19:58:47.212Z</time>
      </trkpt>
      <trkpt lat="50.821831" lon="12.889114">
        <ele>309.030294</ele>
        <time>2026-04-30T19:58:48.725Z</time>
      </trkpt>
      <trkpt lat="50.821818" lon="12.888989">
        <ele>309.029843</ele>
        <time>2026-04-30T19:58:49.611Z</time>
      </trkpt>
      <trkpt lat="50.821798" lon="12.888790">
        <ele>309.029125</ele>
        <time>2026-04-30T19:58:50.991Z</time>
      </trkpt>
      <trkpt lat="50.821714" lon="12.887941">
        <ele>309.026064</ele>
        <time>2026-04-30T19:58:56.692Z</time>
      </trkpt>
      <trkpt lat="50.821701" lon="12.887814">
        <ele>309.025606</ele>
        <time>2026-04-30T19:58:57.566Z</time>
      </trkpt>
      <trkpt lat="50.821676" lon="12.887573">
        <ele>309.072946</ele>
        <time>2026-04-30T19:58:59.206Z</time>
      </trkpt>
      <trkpt lat="50.821570" lon="12.886746">
        <ele>309.248888</ele>
        <time>2026-04-30T19:59:04.752Z</time>
      </trkpt>
      <trkpt lat="50.821339" lon="12.886087">
        <ele>309.406024</ele>
        <time>2026-04-30T19:59:10.117Z</time>
      </trkpt>
      <trkpt lat="50.821284" lon="12.885921">
        <ele>309.445107</ele>
        <time>2026-04-30T19:59:11.633Z</time>
      </trkpt>
      <trkpt lat="50.821155" lon="12.885458">
        <ele>309.550615</ele>
        <time>2026-04-30T19:59:16.665Z</time>
      </trkpt>
      <trkpt lat="50.821097" lon="12.884948">
        <ele>309.794731</ele>
        <time>2026-04-30T19:59:22.811Z</time>
      </trkpt>
      <trkpt lat="50.821038" lon="12.884379">
        <ele>310.329259</ele>
        <time>2026-04-30T19:59:29.946Z</time>
      </trkpt>
      <trkpt lat="50.821004" lon="12.884045">
        <ele>310.642875</ele>
        <time>2026-04-30T19:59:33.895Z</time>
      </trkpt>
      <trkpt lat="50.820962" lon="12.883611">
        <ele>311.049892</ele>
        <time>2026-04-30T19:59:38.601Z</time>
      </trkpt>
      <trkpt lat="50.820938" lon="12.883366">
        <ele>311.279725</ele>
        <time>2026-04-30T19:59:41.035Z</time>
      </trkpt>
      <trkpt lat="50.820914" lon="12.883106">
        <ele>311.523308</ele>
        <time>2026-04-30T19:59:43.580Z</time>
      </trkpt>
      <trkpt lat="50.820879" lon="12.882756">
        <ele>311.851803</ele>
        <time>2026-04-30T19:59:47.118Z</time>
      </trkpt>
      <trkpt lat="50.820843" lon="12.882390">
        <ele>312.195179</ele>
        <time>2026-04-30T19:59:50.846Z</time>
      </trkpt>
      <trkpt lat="50.820794" lon="12.881923">
        <ele>312.370015</ele>
        <time>2026-04-30T19:59:55.248Z</time>
      </trkpt>
      <trkpt lat="50.820767" lon="12.881683">
        <ele>312.437133</ele>
        <time>2026-04-30T19:59:57.305Z</time>
      </trkpt>
      <trkpt lat="50.820712" lon="12.881264">
        <ele>312.554959</ele>
        <time>2026-04-30T20:00:00.539Z</time>
      </trkpt>
      <trkpt lat="50.820438" lon="12.880097">
        <ele>312.897739</ele>
        <time>2026-04-30T20:00:10.203Z</time>
      </trkpt>
      <trkpt lat="50.820296" lon="12.879511">
        <ele>313.101238</ele>
        <time>2026-04-30T20:00:15.937Z</time>
      </trkpt>
      <trkpt lat="50.820270" lon="12.879380">
        <ele>313.180210</ele>
        <time>2026-04-30T20:00:17.029Z</time>
      </trkpt>
      <trkpt lat="50.820234" lon="12.879047">
        <ele>313.374513</ele>
        <time>2026-04-30T20:00:19.739Z</time>
      </trkpt>
      <trkpt lat="50.820215" lon="12.878041">
        <ele>313.953353</ele>
        <time>2026-04-30T20:00:28.043Z</time>
      </trkpt>
      <trkpt lat="50.820209" lon="12.877637">
        <ele>314.185771</ele>
        <time>2026-04-30T20:00:32.506Z</time>
      </trkpt>
      <trkpt lat="50.820073" lon="12.877270">
        <ele>314.430477</ele>
        <time>2026-04-30T20:00:37.300Z</time>
      </trkpt>
      <trkpt lat="50.819799" lon="12.876879">
        <ele>314.685327</ele>
        <time>2026-04-30T20:00:43.291Z</time>
      </trkpt>
      <trkpt lat="50.819571" lon="12.876513">
        <ele>314.704259</ele>
        <time>2026-04-30T20:00:48.241Z</time>
      </trkpt>
      <trkpt lat="50.819500" lon="12.876333">
        <ele>314.712075</ele>
        <time>2026-04-30T20:00:50.250Z</time>
      </trkpt>
      <trkpt lat="50.819444" lon="12.876095">
        <ele>314.721429</ele>
        <time>2026-04-30T20:00:52.767Z</time>
      </trkpt>
      <trkpt lat="50.819437" lon="12.876043">
        <ele>314.723387</ele>
        <time>2026-04-30T20:00:53.282Z</time>
      </trkpt>
      <trkpt lat="50.819259" lon="12.874688">
        <ele>314.774363</ele>
        <time>2026-04-30T20:01:02.982Z</time>
      </trkpt>
      <trkpt lat="50.819254" lon="12.874492">
        <ele>314.781588</ele>
        <time>2026-04-30T20:01:04.052Z</time>
      </trkpt>
      <trkpt lat="50.819278" lon="12.874287">
        <ele>314.752166</ele>
        <time>2026-04-30T20:01:05.180Z</time>
      </trkpt>
      <trkpt lat="50.819455" lon="12.873480">
        <ele>314.530954</ele>
        <time>2026-04-30T20:01:09.967Z</time>
      </trkpt>
      <trkpt lat="50.819460" lon="12.873222">
        <ele>314.464112</ele>
        <time>2026-04-30T20:01:11.499Z</time>
      </trkpt>
      <trkpt lat="50.819401" lon="12.872740">
        <ele>314.336974</ele>
        <time>2026-04-30T20:01:14.641Z</time>
      </trkpt>
      <trkpt lat="50.819226" lon="12.871624">
        <ele>314.075893</ele>
        <time>2026-04-30T20:01:24.144Z</time>
      </trkpt>
      <trkpt lat="50.819104" lon="12.870487">
        <ele>315.114921</ele>
        <time>2026-04-30T20:01:38.622Z</time>
      </trkpt>
      <trkpt lat="50.819083" lon="12.870081">
        <ele>315.481924</ele>
        <time>2026-04-30T20:01:43.630Z</time>
      </trkpt>
      <trkpt lat="50.819076" lon="12.869919">
        <ele>315.628216</ele>
        <time>2026-04-30T20:01:45.516Z</time>
      </trkpt>
      <trkpt lat="50.819062" lon="12.869613">
        <ele>315.904624</ele>
        <time>2026-04-30T20:01:48.904Z</time>
      </trkpt>
      <trkpt lat="50.819035" lon="12.869256">
        <ele>316.228553</ele>
        <time>2026-04-30T20:01:52.434Z</time>
      </trkpt>
      <trkpt lat="50.819034" lon="12.868993">
        <ele>316.465503</ele>
        <time>2026-04-30T20:01:54.726Z</time>
      </trkpt>
      <trkpt lat="50.819038" lon="12.868543">
        <ele>316.413760</ele>
        <time>2026-04-30T20:01:58.176Z</time>
      </trkpt>
      <trkpt lat="50.819130" lon="12.867821">
        <ele>315.904230</ele>
        <time>2026-04-30T20:02:02.860Z</time>
      </trkpt>
      <trkpt lat="50.819169" lon="12.867532">
        <ele>315.699793</ele>
        <time>2026-04-30T20:02:04.524Z</time>
      </trkpt>
      <trkpt lat="50.819219" lon="12.867161">
        <ele>315.437365</ele>
        <time>2026-04-30T20:02:06.616Z</time>
      </trkpt>
      <trkpt lat="50.819334" lon="12.865854">
        <ele>314.586161</ele>
        <time>2026-04-30T20:02:14.142Z</time>
      </trkpt>
      <trkpt lat="50.819347" lon="12.865706">
        <ele>314.536669</ele>
        <time>2026-04-30T20:02:15.029Z</time>
      </trkpt>
      <trkpt lat="50.819379" lon="12.865113">
        <ele>314.339540</ele>
        <time>2026-04-30T20:02:18.683Z</time>
      </trkpt>
      <trkpt lat="50.819412" lon="12.864621">
        <ele>314.175664</ele>
        <time>2026-04-30T20:02:22.005Z</time>
      </trkpt>
      <trkpt lat="50.819438" lon="12.864191">
        <ele>314.032589</ele>
        <time>2026-04-30T20:02:25.108Z</time>
      </trkpt>
      <trkpt lat="50.819440" lon="12.864140">
        <ele>314.015664</ele>
        <time>2026-04-30T20:02:25.510Z</time>
      </trkpt>
      <trkpt lat="50.819461" lon="12.863504">
        <ele>313.804721</ele>
        <time>2026-04-30T20:02:30.459Z</time>
      </trkpt>
      <trkpt lat="50.819463" lon="12.863112">
        <ele>313.710828</ele>
        <time>2026-04-30T20:02:33.402Z</time>
      </trkpt>
      <trkpt lat="50.819461" lon="12.863025">
        <ele>313.723514</ele>
        <time>2026-04-30T20:02:34.024Z</time>
      </trkpt>
      <trkpt lat="50.819428" lon="12.862475">
        <ele>313.804022</ele>
        <time>2026-04-30T20:02:38.187Z</time>
      </trkpt>
      <trkpt lat="50.819418" lon="12.862382">
        <ele>313.817769</ele>
        <time>2026-04-30T20:02:38.959Z</time>
      </trkpt>
      <trkpt lat="50.819391" lon="12.862111">
        <ele>313.857747</ele>
        <time>2026-04-30T20:02:41.177Z</time>
      </trkpt>
      <trkpt lat="50.819375" lon="12.861555">
        <ele>313.938853</ele>
        <time>2026-04-30T20:02:45.871Z</time>
      </trkpt>
      <trkpt lat="50.819399" lon="12.860839">
        <ele>314.043337</ele>
        <time>2026-04-30T20:02:51.566Z</time>
      </trkpt>
      <trkpt lat="50.819409" lon="12.860603">
        <ele>314.077804</ele>
        <time>2026-04-30T20:02:53.427Z</time>
      </trkpt>
      <trkpt lat="50.819431" lon="12.860133">
        <ele>314.231283</ele>
        <time>2026-04-30T20:02:57.096Z</time>
      </trkpt>
      <trkpt lat="50.819392" lon="12.859789">
        <ele>314.418171</ele>
        <time>2026-04-30T20:02:59.977Z</time>
      </trkpt>
      <trkpt lat="50.819291" lon="12.859251">
        <ele>314.718293</ele>
        <time>2026-04-30T20:03:04.955Z</time>
      </trkpt>
      <trkpt lat="50.819257" lon="12.859082">
        <ele>314.813136</ele>
        <time>2026-04-30T20:03:06.647Z</time>
      </trkpt>
      <trkpt lat="50.819137" lon="12.858479">
        <ele>315.151203</ele>
        <time>2026-04-30T20:03:12.963Z</time>
      </trkpt>
      <trkpt lat="50.819026" lon="12.857734">
        <ele>315.560514</ele>
        <time>2026-04-30T20:03:20.594Z</time>
      </trkpt>
      <trkpt lat="50.818962" lon="12.856919">
        <ele>315.920153</ele>
        <time>2026-04-30T20:03:28.404Z</time>
      </trkpt>
      <trkpt lat="50.818942" lon="12.856649">
        <ele>316.033636</ele>
        <time>2026-04-30T20:03:30.950Z</time>
      </trkpt>
      <trkpt lat="50.818875" lon="12.855740">
        <ele>316.415668</ele>
        <time>2026-04-30T20:03:39.283Z</time>
      </trkpt>
      <trkpt lat="50.818871" lon="12.855683">
        <ele>316.439609</ele>
        <time>2026-04-30T20:03:39.779Z</time>
      </trkpt>
      <trkpt lat="50.818855" lon="12.855532">
        <ele>316.503524</ele>
        <time>2026-04-30T20:03:41.052Z</time>
      </trkpt>
      <trkpt lat="50.818852" lon="12.855516">
        <ele>316.510491</ele>
        <time>2026-04-30T20:03:41.194Z</time>
      </trkpt>
      <trkpt lat="50.818605" lon="12.854160">
        <ele>316.999856</ele>
        <time>2026-04-30T20:03:52.018Z</time>
      </trkpt>
      <trkpt lat="50.818545" lon="12.853849">
        <ele>317.086188</ele>
        <time>2026-04-30T20:03:54.540Z</time>
      </trkpt>
      <trkpt lat="50.818422" lon="12.853236">
        <ele>317.256945</ele>
        <time>2026-04-30T20:03:59.598Z</time>
      </trkpt>
      <trkpt lat="50.818342" lon="12.852666">
        <ele>317.411964</ele>
        <time>2026-04-30T20:04:04.529Z</time>
      </trkpt>
      <trkpt lat="50.818323" lon="12.852531">
        <ele>317.448684</ele>
        <time>2026-04-30T20:04:05.792Z</time>
      </trkpt>
      <trkpt lat="50.818288" lon="12.852297">
        <ele>317.512526</ele>
        <time>2026-04-30T20:04:07.946Z</time>
      </trkpt>
      <trkpt lat="50.818250" lon="12.851979">
        <ele>317.619784</ele>
        <time>2026-04-30T20:04:10.999Z</time>
      </trkpt>
      <trkpt lat="50.818233" lon="12.851863">
        <ele>317.690994</ele>
        <time>2026-04-30T20:04:12.168Z</time>
      </trkpt>
      <trkpt lat="50.818148" lon="12.851475">
        <ele>317.936571</ele>
        <time>2026-04-30T20:04:16.192Z</time>
      </trkpt>
      <trkpt lat="50.817986" lon="12.851015">
        <ele>318.251502</ele>
        <time>2026-04-30T20:04:21.385Z</time>
      </trkpt>
      <trkpt lat="50.817738" lon="12.850219">
        <ele>318.782245</ele>
        <time>2026-04-30T20:04:30.102Z</time>
      </trkpt>
      <trkpt lat="50.817613" lon="12.849664">
        <ele>319.134597</ele>
        <time>2026-04-30T20:04:35.752Z</time>
      </trkpt>
      <trkpt lat="50.817487" lon="12.848689">
        <ele>319.483865</ele>
        <time>2026-04-30T20:04:44.078Z</time>
      </trkpt>
      <trkpt lat="50.817378" lon="12.847820">
        <ele>319.721513</ele>
        <time>2026-04-30T20:04:50.683Z</time>
      </trkpt>
      <trkpt lat="50.817325" lon="12.847499">
        <ele>319.810509</ele>
        <time>2026-04-30T20:04:53.309Z</time>
      </trkpt>
      <trkpt lat="50.817153" lon="12.846754">
        <ele>320.023272</ele>
        <time>2026-04-30T20:05:00.161Z</time>
      </trkpt>
      <trkpt lat="50.817107" lon="12.846590">
        <ele>320.086795</ele>
        <time>2026-04-30T20:05:01.769Z</time>
      </trkpt>
      <trkpt lat="50.817055" lon="12.846382">
        <ele>320.185467</ele>
        <time>2026-04-30T20:05:03.787Z</time>
      </trkpt>
      <trkpt lat="50.816946" lon="12.845856">
        <ele>320.429653</ele>
        <time>2026-04-30T20:05:08.926Z</time>
      </trkpt>
      <trkpt lat="50.816908" lon="12.845634">
        <ele>320.531110</ele>
        <time>2026-04-30T20:05:11.131Z</time>
      </trkpt>
      <trkpt lat="50.816762" lon="12.844759">
        <ele>320.930317</ele>
        <time>2026-04-30T20:05:20.095Z</time>
      </trkpt>
      <trkpt lat="50.816704" lon="12.844416">
        <ele>321.086944</ele>
        <time>2026-04-30T20:05:23.284Z</time>
      </trkpt>
      <trkpt lat="50.816682" lon="12.844284">
        <ele>321.147163</ele>
        <time>2026-04-30T20:05:24.407Z</time>
      </trkpt>
      <trkpt lat="50.816603" lon="12.843810">
        <ele>321.289767</ele>
        <time>2026-04-30T20:05:28.024Z</time>
      </trkpt>
      <trkpt lat="50.816517" lon="12.843292">
        <ele>321.236568</ele>
        <time>2026-04-30T20:05:31.742Z</time>
      </trkpt>
      <trkpt lat="50.816447" lon="12.842877">
        <ele>321.193903</ele>
        <time>2026-04-30T20:05:34.896Z</time>
      </trkpt>
      <trkpt lat="50.816393" lon="12.842559">
        <ele>321.161196</ele>
        <time>2026-04-30T20:05:37.266Z</time>
      </trkpt>
      <trkpt lat="50.816297" lon="12.842017">
        <ele>321.105284</ele>
        <time>2026-04-30T20:05:41.058Z</time>
      </trkpt>
      <trkpt lat="50.816138" lon="12.841180">
        <ele>321.029550</ele>
        <time>2026-04-30T20:05:46.844Z</time>
      </trkpt>
      <trkpt lat="50.815987" lon="12.840545">
        <ele>321.324556</ele>
        <time>2026-04-30T20:05:52.290Z</time>
      </trkpt>
      <trkpt lat="50.815897" lon="12.840270">
        <ele>321.459215</ele>
        <time>2026-04-30T20:05:55.098Z</time>
      </trkpt>
      <trkpt lat="50.815792" lon="12.839960">
        <ele>321.612151</ele>
        <time>2026-04-30T20:05:58.328Z</time>
      </trkpt>
      <trkpt lat="50.815735" lon="12.839797">
        <ele>321.693155</ele>
        <time>2026-04-30T20:05:59.951Z</time>
      </trkpt>
      <trkpt lat="50.815634" lon="12.839494">
        <ele>321.842111</ele>
        <time>2026-04-30T20:06:02.956Z</time>
      </trkpt>
      <trkpt lat="50.815266" lon="12.838361">
        <ele>322.561635</ele>
        <time>2026-04-30T20:06:15.455Z</time>
      </trkpt>
      <trkpt lat="50.815084" lon="12.837803">
        <ele>323.163035</ele>
        <time>2026-04-30T20:06:22.309Z</time>
      </trkpt>
      <trkpt lat="50.815074" lon="12.837771">
        <ele>323.197225</ele>
        <time>2026-04-30T20:06:22.698Z</time>
      </trkpt>
      <trkpt lat="50.815043" lon="12.837675">
        <ele>323.300476</ele>
        <time>2026-04-30T20:06:23.816Z</time>
      </trkpt>
      <trkpt lat="50.814548" lon="12.836593">
        <ele>324.579830</ele>
        <time>2026-04-30T20:06:38.103Z</time>
      </trkpt>
      <trkpt lat="50.814343" lon="12.836147">
        <ele>325.066250</ele>
        <time>2026-04-30T20:06:44.263Z</time>
      </trkpt>
      <trkpt lat="50.814219" lon="12.835684">
        <ele>325.384765</ele>
        <time>2026-04-30T20:06:49.669Z</time>
      </trkpt>
      <trkpt lat="50.814076" lon="12.835105">
        <ele>325.778519</ele>
        <time>2026-04-30T20:06:56.052Z</time>
      </trkpt>
      <trkpt lat="50.814068" lon="12.835066">
        <ele>325.804490</ele>
        <time>2026-04-30T20:06:56.452Z</time>
      </trkpt>
      <trkpt lat="50.814005" lon="12.834794">
        <ele>325.987983</ele>
        <time>2026-04-30T20:06:59.246Z</time>
      </trkpt>
      <trkpt lat="50.813721" lon="12.833578">
        <ele>326.781302</ele>
        <time>2026-04-30T20:07:10.886Z</time>
      </trkpt>
      <trkpt lat="50.813675" lon="12.833393">
        <ele>326.743691</ele>
        <time>2026-04-30T20:07:12.359Z</time>
      </trkpt>
      <trkpt lat="50.813599" lon="12.833081">
        <ele>326.680433</ele>
        <time>2026-04-30T20:07:14.664Z</time>
      </trkpt>
      <trkpt lat="50.813544" lon="12.832850">
        <ele>326.633733</ele>
        <time>2026-04-30T20:07:16.325Z</time>
      </trkpt>
      <trkpt lat="50.813521" lon="12.832753">
        <ele>326.614134</ele>
        <time>2026-04-30T20:07:17.035Z</time>
      </trkpt>
      <trkpt lat="50.813364" lon="12.832103">
        <ele>326.482489</ele>
        <time>2026-04-30T20:07:21.732Z</time>
      </trkpt>
      <trkpt lat="50.813318" lon="12.831971">
        <ele>326.453971</ele>
        <time>2026-04-30T20:07:22.768Z</time>
      </trkpt>
      <trkpt lat="50.812857" lon="12.830963">
        <ele>326.231804</ele>
        <time>2026-04-30T20:07:30.948Z</time>
      </trkpt>
      <trkpt lat="50.812810" lon="12.830853">
        <ele>326.217547</ele>
        <time>2026-04-30T20:07:31.850Z</time>
      </trkpt>
      <trkpt lat="50.812666" lon="12.830517">
        <ele>326.173958</ele>
        <time>2026-04-30T20:07:34.686Z</time>
      </trkpt>
      <trkpt lat="50.812568" lon="12.830246">
        <ele>326.140434</ele>
        <time>2026-04-30T20:07:36.943Z</time>
      </trkpt>
      <trkpt lat="50.812510" lon="12.830095">
        <ele>326.121462</ele>
        <time>2026-04-30T20:07:38.270Z</time>
      </trkpt>
      <trkpt lat="50.812300" lon="12.829502">
        <ele>326.048477</ele>
        <time>2026-04-30T20:07:43.658Z</time>
      </trkpt>
      <trkpt lat="50.812123" lon="12.828971">
        <ele>325.984020</ele>
        <time>2026-04-30T20:07:47.974Z</time>
      </trkpt>
      <trkpt lat="50.812049" lon="12.828554">
        <ele>325.949332</ele>
        <time>2026-04-30T20:07:50.933Z</time>
      </trkpt>
      <trkpt lat="50.812061" lon="12.828285">
        <ele>325.977043</ele>
        <time>2026-04-30T20:07:52.823Z</time>
      </trkpt>
      <trkpt lat="50.811945" lon="12.828358">
        <ele>325.997345</ele>
        <time>2026-04-30T20:07:54.232Z</time>
      </trkpt>
      <trkpt lat="50.811752" lon="12.828281">
        <ele>326.029714</ele>
        <time>2026-04-30T20:07:56.567Z</time>
      </trkpt>
      <trkpt lat="50.811613" lon="12.828037">
        <ele>326.063473</ele>
        <time>2026-04-30T20:07:59.042Z</time>
      </trkpt>
      <trkpt lat="50.811499" lon="12.827829">
        <ele>326.091767</ele>
        <time>2026-04-30T20:08:01.226Z</time>
      </trkpt>
      <trkpt lat="50.811398" lon="12.827645">
        <ele>326.116813</ele>
        <time>2026-04-30T20:08:03.231Z</time>
      </trkpt>
      <trkpt lat="50.811363" lon="12.827578">
        <ele>326.125746</ele>
        <time>2026-04-30T20:08:03.957Z</time>
      </trkpt>
      <trkpt lat="50.811268" lon="12.827381">
        <ele>326.151212</ele>
        <time>2026-04-30T20:08:05.995Z</time>
      </trkpt>
      <trkpt lat="50.811038" lon="12.826908">
        <ele>326.212544</ele>
        <time>2026-04-30T20:08:10.733Z</time>
      </trkpt>
      <trkpt lat="50.810870" lon="12.826688">
        <ele>326.286152</ele>
        <time>2026-04-30T20:08:13.610Z</time>
      </trkpt>
      <trkpt lat="50.810656" lon="12.826417">
        <ele>326.473086</ele>
        <time>2026-04-30T20:08:17.422Z</time>
      </trkpt>
      <trkpt lat="50.810369" lon="12.826052">
        <ele>326.724207</ele>
        <time>2026-04-30T20:08:22.677Z</time>
      </trkpt>
      <trkpt lat="50.809967" lon="12.825508">
        <ele>327.084960</ele>
        <time>2026-04-30T20:08:30.504Z</time>
      </trkpt>
      <trkpt lat="50.809832" lon="12.825305">
        <ele>327.211973</ele>
        <time>2026-04-30T20:08:33.295Z</time>
      </trkpt>
      <trkpt lat="50.809666" lon="12.825020">
        <ele>327.379023</ele>
        <time>2026-04-30T20:08:36.793Z</time>
      </trkpt>
      <trkpt lat="50.809398" lon="12.824594">
        <ele>327.903871</ele>
        <time>2026-04-30T20:08:41.735Z</time>
      </trkpt>
      <trkpt lat="50.809000" lon="12.824036">
        <ele>328.816416</ele>
        <time>2026-04-30T20:08:49.022Z</time>
      </trkpt>
      <trkpt lat="50.808770" lon="12.823592">
        <ele>329.439038</ele>
        <time>2026-04-30T20:08:55.347Z</time>
      </trkpt>
      <trkpt lat="50.808691" lon="12.823353">
        <ele>329.731547</ele>
        <time>2026-04-30T20:08:58.718Z</time>
      </trkpt>
      <trkpt lat="50.808623" lon="12.822958">
        <ele>330.175530</ele>
        <time>2026-04-30T20:09:04.173Z</time>
      </trkpt>
      <trkpt lat="50.808621" lon="12.822786">
        <ele>330.362093</ele>
        <time>2026-04-30T20:09:06.528Z</time>
      </trkpt>
      <trkpt lat="50.808681" lon="12.822498">
        <ele>330.807308</ele>
        <time>2026-04-30T20:09:10.613Z</time>
      </trkpt>
      <trkpt lat="50.808718" lon="12.822404">
        <ele>331.026282</ele>
        <time>2026-04-30T20:09:12.143Z</time>
      </trkpt>
      <trkpt lat="50.808901" lon="12.821921">
        <ele>332.139818</ele>
        <time>2026-04-30T20:09:20.352Z</time>
      </trkpt>
      <trkpt lat="50.808961" lon="12.821714">
        <ele>332.590119</ele>
        <time>2026-04-30T20:09:23.931Z</time>
      </trkpt>
      <trkpt lat="50.809000" lon="12.821444">
        <ele>333.137752</ele>
        <time>2026-04-30T20:09:28.215Z</time>
      </trkpt>
      <trkpt lat="50.809006" lon="12.821300">
        <ele>333.423097</ele>
        <time>2026-04-30T20:09:30.384Z</time>
      </trkpt>
      <trkpt lat="50.808964" lon="12.820915">
        <ele>334.195608</ele>
        <time>2026-04-30T20:09:35.999Z</time>
      </trkpt>
      <trkpt lat="50.808930" lon="12.820708">
        <ele>334.618504</ele>
        <time>2026-04-30T20:09:38.999Z</time>
      </trkpt>
      <trkpt lat="50.808986" lon="12.820660">
        <ele>334.817783</ele>
        <time>2026-04-30T20:09:40.381Z</time>
      </trkpt>
      <trkpt lat="50.808996" lon="12.820197">
        <ele>335.733795</ele>
        <time>2026-04-30T20:09:46.361Z</time>
      </trkpt>
      <trkpt lat="50.808953" lon="12.820112">
        <ele>335.949086</ele>
        <time>2026-04-30T20:09:47.712Z</time>
      </trkpt>
      <trkpt lat="50.808919" lon="12.820075">
        <ele>336.078201</ele>
        <time>2026-04-30T20:09:48.494Z</time>
      </trkpt>
      <trkpt lat="50.808866" lon="12.820015">
        <ele>336.254145</ele>
        <time>2026-04-30T20:09:49.776Z</time>
      </trkpt>
      <trkpt lat="50.808768" lon="12.820126">
        <ele>336.530267</ele>
        <time>2026-04-30T20:09:52.023Z</time>
      </trkpt>
      <trkpt lat="50.808728" lon="12.820122">
        <ele>336.622097</ele>
        <time>2026-04-30T20:09:52.807Z</time>
      </trkpt>
      <trkpt lat="50.808651" lon="12.819955">
        <ele>336.921405</ele>
        <time>2026-04-30T20:09:55.215Z</time>
      </trkpt>
      <trkpt lat="50.808611" lon="12.819744">
        <ele>337.240348</ele>
        <time>2026-04-30T20:09:57.801Z</time>
      </trkpt>
      <trkpt lat="50.808637" lon="12.819466">
        <ele>337.647228</ele>
        <time>2026-04-30T20:10:01.165Z</time>
      </trkpt>
      <trkpt lat="50.808788" lon="12.818786">
        <ele>338.690768</ele>
        <time>2026-04-30T20:10:09.496Z</time>
      </trkpt>
      <trkpt lat="50.808842" lon="12.818238">
        <ele>339.493764</ele>
        <time>2026-04-30T20:10:16.189Z</time>
      </trkpt>
      <trkpt lat="50.808822" lon="12.817719">
        <ele>340.246579</ele>
        <time>2026-04-30T20:10:22.871Z</time>
      </trkpt>
      <trkpt lat="50.808707" lon="12.817074">
        <ele>341.126629</ele>
        <time>2026-04-30T20:10:31.246Z</time>
      </trkpt>
      <trkpt lat="50.808677" lon="12.816967">
        <ele>341.279451</ele>
        <time>2026-04-30T20:10:32.655Z</time>
      </trkpt>
      <trkpt lat="50.807868" lon="12.814104">
        <ele>344.467209</ele>
        <time>2026-04-30T20:11:08.408Z</time>
      </trkpt>
      <trkpt lat="50.807678" lon="12.813455">
        <ele>344.778140</ele>
        <time>2026-04-30T20:11:14.466Z</time>
      </trkpt>
      <trkpt lat="50.807612" lon="12.813244">
        <ele>344.880486</ele>
        <time>2026-04-30T20:11:16.193Z</time>
      </trkpt>
      <trkpt lat="50.807575" lon="12.812985">
        <ele>344.995917</ele>
        <time>2026-04-30T20:11:18.124Z</time>
      </trkpt>
      <trkpt lat="50.807537" lon="12.812791">
        <ele>345.084209</ele>
        <time>2026-04-30T20:11:19.589Z</time>
      </trkpt>
      <trkpt lat="50.807516" lon="12.812744">
        <ele>345.109231</ele>
        <time>2026-04-30T20:11:19.991Z</time>
      </trkpt>
      <trkpt lat="50.807397" lon="12.812508">
        <ele>345.240481</ele>
        <time>2026-04-30T20:11:22.047Z</time>
      </trkpt>
      <trkpt lat="50.807335" lon="12.812410">
        <ele>345.211111</ele>
        <time>2026-04-30T20:11:22.965Z</time>
      </trkpt>
      <trkpt lat="50.807237" lon="12.812177">
        <ele>345.109342</ele>
        <time>2026-04-30T20:11:24.804Z</time>
      </trkpt>
      <trkpt lat="50.807176" lon="12.812034">
        <ele>345.046609</ele>
        <time>2026-04-30T20:11:25.913Z</time>
      </trkpt>
      <trkpt lat="50.807072" lon="12.811773">
        <ele>344.934418</ele>
        <time>2026-04-30T20:11:27.835Z</time>
      </trkpt>
      <trkpt lat="50.807009" lon="12.811531">
        <ele>344.839251</ele>
        <time>2026-04-30T20:11:29.435Z</time>
      </trkpt>
      <trkpt lat="50.806980" lon="12.811364">
        <ele>344.776278</ele>
        <time>2026-04-30T20:11:30.481Z</time>
      </trkpt>
      <trkpt lat="50.806930" lon="12.811071">
        <ele>344.665926</ele>
        <time>2026-04-30T20:11:32.307Z</time>
      </trkpt>
      <trkpt lat="50.806823" lon="12.810614">
        <ele>344.488720</ele>
        <time>2026-04-30T20:11:35.244Z</time>
      </trkpt>
      <trkpt lat="50.806288" lon="12.809003">
        <ele>345.038151</ele>
        <time>2026-04-30T20:11:49.400Z</time>
      </trkpt>
      <trkpt lat="50.806061" lon="12.808381">
        <ele>345.587963</ele>
        <time>2026-04-30T20:11:56.907Z</time>
      </trkpt>
      <trkpt lat="50.805929" lon="12.808027">
        <ele>345.902593</ele>
        <time>2026-04-30T20:12:01.641Z</time>
      </trkpt>
      <trkpt lat="50.805839" lon="12.807812">
        <ele>346.100000</ele>
        <time>2026-04-30T20:12:04.741Z</time>
      </trkpt>
      <trkpt lat="50.805805" lon="12.807730">
        <ele>346.175073</ele>
        <time>2026-04-30T20:12:05.923Z</time>
      </trkpt>
      <trkpt lat="50.805642" lon="12.807489">
        <ele>346.476458</ele>
        <time>2026-04-30T20:12:10.429Z</time>
      </trkpt>
      <trkpt lat="50.805527" lon="12.807379">
        <ele>346.741554</ele>
        <time>2026-04-30T20:12:13.082Z</time>
      </trkpt>
      <trkpt lat="50.805333" lon="12.807268">
        <ele>347.148521</ele>
        <time>2026-04-30T20:12:17.012Z</time>
      </trkpt>
      <trkpt lat="50.805059" lon="12.807191">
        <ele>347.697517</ele>
        <time>2026-04-30T20:12:22.183Z</time>
      </trkpt>
      <trkpt lat="50.804762" lon="12.807056">
        <ele>348.307123</ele>
        <time>2026-04-30T20:12:27.757Z</time>
      </trkpt>
      <trkpt lat="50.804311" lon="12.806739">
        <ele>349.280669</ele>
        <time>2026-04-30T20:12:36.462Z</time>
      </trkpt>
      <trkpt lat="50.803984" lon="12.806558">
        <ele>349.956951</ele>
        <time>2026-04-30T20:12:42.433Z</time>
      </trkpt>
      <trkpt lat="50.803866" lon="12.806498">
        <ele>350.114536</ele>
        <time>2026-04-30T20:12:44.673Z</time>
      </trkpt>
      <trkpt lat="50.803723" lon="12.806430">
        <ele>350.304385</ele>
        <time>2026-04-30T20:12:47.377Z</time>
      </trkpt>
      <trkpt lat="50.803098" lon="12.806177">
        <ele>351.124626</ele>
        <time>2026-04-30T20:12:58.754Z</time>
      </trkpt>
      <trkpt lat="50.802928" lon="12.806066">
        <ele>351.358450</ele>
        <time>2026-04-30T20:13:01.623Z</time>
      </trkpt>
      <trkpt lat="50.802791" lon="12.805935">
        <ele>351.561973</ele>
        <time>2026-04-30T20:13:04.117Z</time>
      </trkpt>
      <trkpt lat="50.802624" lon="12.805697">
        <ele>351.847732</ele>
        <time>2026-04-30T20:13:07.412Z</time>
      </trkpt>
      <trkpt lat="50.802279" lon="12.805181">
        <ele>352.411405</ele>
        <time>2026-04-30T20:13:13.578Z</time>
      </trkpt>
      <trkpt lat="50.802127" lon="12.804950">
        <ele>352.630843</ele>
        <time>2026-04-30T20:13:16.229Z</time>
      </trkpt>
      <trkpt lat="50.801950" lon="12.804680">
        <ele>352.886832</ele>
        <time>2026-04-30T20:13:19.333Z</time>
      </trkpt>
      <trkpt lat="50.801908" lon="12.804616">
        <ele>352.947544</ele>
        <time>2026-04-30T20:13:19.983Z</time>
      </trkpt>
      <trkpt lat="50.801840" lon="12.804512">
        <ele>353.046014</ele>
        <time>2026-04-30T20:13:21.217Z</time>
      </trkpt>
      <trkpt lat="50.801610" lon="12.804182">
        <ele>353.369286</ele>
        <time>2026-04-30T20:13:25.521Z</time>
      </trkpt>
      <trkpt lat="50.801070" lon="12.803491">
        <ele>354.092394</ele>
        <time>2026-04-30T20:13:38.217Z</time>
      </trkpt>
      <trkpt lat="50.800778" lon="12.803083">
        <ele>354.687598</ele>
        <time>2026-04-30T20:13:45.183Z</time>
      </trkpt>
      <trkpt lat="50.800524" lon="12.802623">
        <ele>355.282793</ele>
        <time>2026-04-30T20:13:52.243Z</time>
      </trkpt>
      <trkpt lat="50.800090" lon="12.801838">
        <ele>356.299062</ele>
        <time>2026-04-30T20:14:03.088Z</time>
      </trkpt>
      <trkpt lat="50.799940" lon="12.801585">
        <ele>356.637081</ele>
        <time>2026-04-30T20:14:06.209Z</time>
      </trkpt>
      <trkpt lat="50.799823" lon="12.801267">
        <ele>357.029656</ele>
        <time>2026-04-30T20:14:09.348Z</time>
      </trkpt>
      <trkpt lat="50.799775" lon="12.800786">
        <ele>357.639860</ele>
        <time>2026-04-30T20:14:13.894Z</time>
      </trkpt>
      <trkpt lat="50.799750" lon="12.800215">
        <ele>358.357091</ele>
        <time>2026-04-30T20:14:20.559Z</time>
      </trkpt>
      <trkpt lat="50.799687" lon="12.799845">
        <ele>358.837267</ele>
        <time>2026-04-30T20:14:25.537Z</time>
      </trkpt>
      <trkpt lat="50.799556" lon="12.799379">
        <ele>359.476366</ele>
        <time>2026-04-30T20:14:31.940Z</time>
      </trkpt>
      <trkpt lat="50.799483" lon="12.799111">
        <ele>359.842057</ele>
        <time>2026-04-30T20:14:35.507Z</time>
      </trkpt>
      <trkpt lat="50.799307" lon="12.798394">
        <ele>360.720199</ele>
        <time>2026-04-30T20:14:45.052Z</time>
      </trkpt>
      <trkpt lat="50.799158" lon="12.797909">
        <ele>361.236481</ele>
        <time>2026-04-30T20:14:51.654Z</time>
      </trkpt>
      <trkpt lat="50.799062" lon="12.797622">
        <ele>361.547360</ele>
        <time>2026-04-30T20:14:55.236Z</time>
      </trkpt>
      <trkpt lat="50.798967" lon="12.797268">
        <ele>361.915563</ele>
        <time>2026-04-30T20:14:59.089Z</time>
      </trkpt>
      <trkpt lat="50.798906" lon="12.796829">
        <ele>362.345897</ele>
        <time>2026-04-30T20:15:03.351Z</time>
      </trkpt>
      <trkpt lat="50.798883" lon="12.796617">
        <ele>362.551834</ele>
        <time>2026-04-30T20:15:05.169Z</time>
      </trkpt>
      <trkpt lat="50.798808" lon="12.796176">
        <ele>362.989064</ele>
        <time>2026-04-30T20:15:09.384Z</time>
      </trkpt>
      <trkpt lat="50.798671" lon="12.795870">
        <ele>363.220357</ele>
        <time>2026-04-30T20:15:13.196Z</time>
      </trkpt>
      <trkpt lat="50.798428" lon="12.795590">
        <ele>363.354146</ele>
        <time>2026-04-30T20:15:17.966Z</time>
      </trkpt>
      <trkpt lat="50.798386" lon="12.795547">
        <ele>363.376411</ele>
        <time>2026-04-30T20:15:18.728Z</time>
      </trkpt>
      <trkpt lat="50.798310" lon="12.795470">
        <ele>363.416576</ele>
        <time>2026-04-30T20:15:19.925Z</time>
      </trkpt>
      <trkpt lat="50.798088" lon="12.795248">
        <ele>363.533459</ele>
        <time>2026-04-30T20:15:23.151Z</time>
      </trkpt>
      <trkpt lat="50.798007" lon="12.795161">
        <ele>363.577030</ele>
        <time>2026-04-30T20:15:24.222Z</time>
      </trkpt>
      <trkpt lat="50.797721" lon="12.794785">
        <ele>363.742526</ele>
        <time>2026-04-30T20:15:28.264Z</time>
      </trkpt>
      <trkpt lat="50.797488" lon="12.794469">
        <ele>363.879109</ele>
        <time>2026-04-30T20:15:32.080Z</time>
      </trkpt>
      <trkpt lat="50.797183" lon="12.794134">
        <ele>364.336640</ele>
        <time>2026-04-30T20:15:37.078Z</time>
      </trkpt>
      <trkpt lat="50.797150" lon="12.794102">
        <ele>364.419557</ele>
        <time>2026-04-30T20:15:37.634Z</time>
      </trkpt>
      <trkpt lat="50.796939" lon="12.793953">
        <ele>364.914561</ele>
        <time>2026-04-30T20:15:41.013Z</time>
      </trkpt>
      <trkpt lat="50.796528" lon="12.793787">
        <ele>365.823277</ele>
        <time>2026-04-30T20:15:48.554Z</time>
      </trkpt>
      <trkpt lat="50.796381" lon="12.793693">
        <ele>366.162943</ele>
        <time>2026-04-30T20:15:51.895Z</time>
      </trkpt>
      <trkpt lat="50.796248" lon="12.793579">
        <ele>366.486996</ele>
        <time>2026-04-30T20:15:55.368Z</time>
      </trkpt>
      <trkpt lat="50.796149" lon="12.793461">
        <ele>366.752535</ele>
        <time>2026-04-30T20:15:58.345Z</time>
      </trkpt>
      <trkpt lat="50.795966" lon="12.793236">
        <ele>367.249042</ele>
        <time>2026-04-30T20:16:04.016Z</time>
      </trkpt>
      <trkpt lat="50.795919" lon="12.793171">
        <ele>367.382776</ele>
        <time>2026-04-30T20:16:05.538Z</time>
      </trkpt>
      <trkpt lat="50.795753" lon="12.792931">
        <ele>367.835469</ele>
        <time>2026-04-30T20:16:10.771Z</time>
      </trkpt>
      <trkpt lat="50.795561" lon="12.792614">
        <ele>368.033933</ele>
        <time>2026-04-30T20:16:16.243Z</time>
      </trkpt>
      <trkpt lat="50.795463" lon="12.792372">
        <ele>368.163852</ele>
        <time>2026-04-30T20:16:19.592Z</time>
      </trkpt>
      <trkpt lat="50.795301" lon="12.791343">
        <ele>368.643215</ele>
        <time>2026-04-30T20:16:28.751Z</time>
      </trkpt>
      <trkpt lat="50.795281" lon="12.791100">
        <ele>368.753989</ele>
        <time>2026-04-30T20:16:30.314Z</time>
      </trkpt>
      <trkpt lat="50.795233" lon="12.790515">
        <ele>369.020653</ele>
        <time>2026-04-30T20:16:33.917Z</time>
      </trkpt>
      <trkpt lat="50.795197" lon="12.790191">
        <ele>369.187234</ele>
        <time>2026-04-30T20:16:35.883Z</time>
      </trkpt>
      <trkpt lat="50.795128" lon="12.789697">
        <ele>369.481702</ele>
        <time>2026-04-30T20:16:39.084Z</time>
      </trkpt>
      <trkpt lat="50.795068" lon="12.789499">
        <ele>369.609508</ele>
        <time>2026-04-30T20:16:40.569Z</time>
      </trkpt>
      <trkpt lat="50.794823" lon="12.788966">
        <ele>369.993098</ele>
        <time>2026-04-30T20:16:46.097Z</time>
      </trkpt>
      <trkpt lat="50.794729" lon="12.788643">
        <ele>370.200070</ele>
        <time>2026-04-30T20:16:49.618Z</time>
      </trkpt>
      <trkpt lat="50.794698" lon="12.788422">
        <ele>370.331834</ele>
        <time>2026-04-30T20:16:52.237Z</time>
      </trkpt>
      <trkpt lat="50.794643" lon="12.787761">
        <ele>370.719892</ele>
        <time>2026-04-30T20:17:00.803Z</time>
      </trkpt>
      <trkpt lat="50.794545" lon="12.786753">
        <ele>372.428986</ele>
        <time>2026-04-30T20:17:15.195Z</time>
      </trkpt>
      <trkpt lat="50.794520" lon="12.786595">
        <ele>372.716045</ele>
        <time>2026-04-30T20:17:17.426Z</time>
      </trkpt>
      <trkpt lat="50.794416" lon="12.786041">
        <ele>373.734594</ele>
        <time>2026-04-30T20:17:25.177Z</time>
      </trkpt>
      <trkpt lat="50.794270" lon="12.785548">
        <ele>374.694120</ele>
        <time>2026-04-30T20:17:32.170Z</time>
      </trkpt>
      <trkpt lat="50.794185" lon="12.785576">
        <ele>374.936203</ele>
        <time>2026-04-30T20:17:33.873Z</time>
      </trkpt>
      <trkpt lat="50.793796" lon="12.785712">
        <ele>376.084869</ele>
        <time>2026-04-30T20:17:41.555Z</time>
      </trkpt>
      <trkpt lat="50.793700" lon="12.785738">
        <ele>376.394739</ele>
        <time>2026-04-30T20:17:43.561Z</time>
      </trkpt>
      <trkpt lat="50.793551" lon="12.785781">
        <ele>376.876609</ele>
        <time>2026-04-30T20:17:46.617Z</time>
      </trkpt>
      <trkpt lat="50.792863" lon="12.785785">
        <ele>379.065512</ele>
        <time>2026-04-30T20:18:00.866Z</time>
      </trkpt>
      <trkpt lat="50.792807" lon="12.785805">
        <ele>379.248161</ele>
        <time>2026-04-30T20:18:02.267Z</time>
      </trkpt>
      <trkpt lat="50.792305" lon="12.785958">
        <ele>380.874657</ele>
        <time>2026-04-30T20:18:14.582Z</time>
      </trkpt>
      <trkpt lat="50.792169" lon="12.785957">
        <ele>381.307349</ele>
        <time>2026-04-30T20:18:17.919Z</time>
      </trkpt>
      <trkpt lat="50.792110" lon="12.785949">
        <ele>381.495747</ele>
        <time>2026-04-30T20:18:19.326Z</time>
      </trkpt>
      <trkpt lat="50.791853" lon="12.785980">
        <ele>382.276546</ele>
        <time>2026-04-30T20:18:25.701Z</time>
      </trkpt>
      <trkpt lat="50.791569" lon="12.786156">
        <ele>383.200243</ele>
        <time>2026-04-30T20:18:33.119Z</time>
      </trkpt>
      <trkpt lat="50.791400" lon="12.786320">
        <ele>383.800661</ele>
        <time>2026-04-30T20:18:37.703Z</time>
      </trkpt>
      <trkpt lat="50.791164" lon="12.786703">
        <ele>384.824565</ele>
        <time>2026-04-30T20:18:45.113Z</time>
      </trkpt>
      <trkpt lat="50.790940" lon="12.786240">
        <ele>385.940718</ele>
        <time>2026-04-30T20:18:52.730Z</time>
      </trkpt>
      <trkpt lat="50.790806" lon="12.786391">
        <ele>386.438953</ele>
        <time>2026-04-30T20:18:55.883Z</time>
      </trkpt>
      <trkpt lat="50.790387" lon="12.786750">
        <ele>387.206680</ele>
        <time>2026-04-30T20:19:04.328Z</time>
      </trkpt>
      <trkpt lat="50.789389" lon="12.787425">
        <ele>388.117362</ele>
        <time>2026-04-30T20:19:20.253Z</time>
      </trkpt>
      <trkpt lat="50.788814" lon="12.787961">
        <ele>388.263060</ele>
        <time>2026-04-30T20:19:27.788Z</time>
      </trkpt>
      <trkpt lat="50.788601" lon="12.788215">
        <ele>388.066096</ele>
        <time>2026-04-30T20:19:30.578Z</time>
      </trkpt>
      <trkpt lat="50.788178" lon="12.788885">
        <ele>387.624083</ele>
        <time>2026-04-30T20:19:36.314Z</time>
      </trkpt>
      <trkpt lat="50.787928" lon="12.789403">
        <ele>387.319867</ele>
        <time>2026-04-30T20:19:40.260Z</time>
      </trkpt>
      <trkpt lat="50.787706" lon="12.789998">
        <ele>387.258877</ele>
        <time>2026-04-30T20:19:44.542Z</time>
      </trkpt>
      <trkpt lat="50.787196" lon="12.791348">
        <ele>387.984535</ele>
        <time>2026-04-30T20:19:56.467Z</time>
      </trkpt>
      <trkpt lat="50.786988" lon="12.791742">
        <ele>388.221385</ele>
        <time>2026-04-30T20:20:02.150Z</time>
      </trkpt>
      <trkpt lat="50.786740" lon="12.792135">
        <ele>388.600186</ele>
        <time>2026-04-30T20:20:09.175Z</time>
      </trkpt>
      <trkpt lat="50.786495" lon="12.792438">
        <ele>389.600819</ele>
        <time>2026-04-30T20:20:15.985Z</time>
      </trkpt>
      <trkpt lat="50.786182" lon="12.792746">
        <ele>390.786870</ele>
        <time>2026-04-30T20:20:24.643Z</time>
      </trkpt>
      <trkpt lat="50.785803" lon="12.793013">
        <ele>392.121778</ele>
        <time>2026-04-30T20:20:34.669Z</time>
      </trkpt>
      <trkpt lat="50.785508" lon="12.793167">
        <ele>393.121295</ele>
        <time>2026-04-30T20:20:42.018Z</time>
      </trkpt>
      <trkpt lat="50.785087" lon="12.793285">
        <ele>394.344888</ele>
        <time>2026-04-30T20:20:51.562Z</time>
      </trkpt>
      <trkpt lat="50.784849" lon="12.793315">
        <ele>394.677534</ele>
        <time>2026-04-30T20:20:56.440Z</time>
      </trkpt>
      <trkpt lat="50.784348" lon="12.793288">
        <ele>395.375959</ele>
        <time>2026-04-30T20:21:05.450Z</time>
      </trkpt>
      <trkpt lat="50.783751" lon="12.793074">
        <ele>396.228826</ele>
        <time>2026-04-30T20:21:14.332Z</time>
      </trkpt>
      <trkpt lat="50.782566" lon="12.792471">
        <ele>397.173859</ele>
        <time>2026-04-30T20:21:29.060Z</time>
      </trkpt>
      <trkpt lat="50.782530" lon="12.792452">
        <ele>397.192760</ele>
        <time>2026-04-30T20:21:29.526Z</time>
      </trkpt>
      <trkpt lat="50.782500" lon="12.792438">
        <ele>397.208339</ele>
        <time>2026-04-30T20:21:29.907Z</time>
      </trkpt>
      <trkpt lat="50.777049" lon="12.789693">
        <ele>402.374040</ele>
        <time>2026-04-30T20:22:55.436Z</time>
      </trkpt>
      <trkpt lat="50.776477" lon="12.789405">
        <ele>402.937836</ele>
        <time>2026-04-30T20:23:04.502Z</time>
      </trkpt>
      <trkpt lat="50.774811" lon="12.788559">
        <ele>404.355835</ele>
        <time>2026-04-30T20:23:29.661Z</time>
      </trkpt>
      <trkpt lat="50.774417" lon="12.788306">
        <ele>404.753375</ele>
        <time>2026-04-30T20:23:35.895Z</time>
      </trkpt>
      <trkpt lat="50.773926" lon="12.787927">
        <ele>405.264152</ele>
        <time>2026-04-30T20:23:44.371Z</time>
      </trkpt>
      <trkpt lat="50.773905" lon="12.787903">
        <ele>405.288374</ele>
        <time>2026-04-30T20:23:44.762Z</time>
      </trkpt>
      <trkpt lat="50.773885" lon="12.787880">
        <ele>405.311492</ele>
        <time>2026-04-30T20:23:45.138Z</time>
      </trkpt>
      <trkpt lat="50.773608" lon="12.787551">
        <ele>405.635355</ele>
        <time>2026-04-30T20:23:50.282Z</time>
      </trkpt>
      <trkpt lat="50.773327" lon="12.787153">
        <ele>405.988017</ele>
        <time>2026-04-30T20:23:55.841Z</time>
      </trkpt>
      <trkpt lat="50.773113" lon="12.786793">
        <ele>406.137913</ele>
        <time>2026-04-30T20:24:00.467Z</time>
      </trkpt>
      <trkpt lat="50.772547" lon="12.785492">
        <ele>406.578781</ele>
        <time>2026-04-30T20:24:13.438Z</time>
      </trkpt>
      <trkpt lat="50.770591" lon="12.780626">
        <ele>407.751482</ele>
        <time>2026-04-30T20:24:59.135Z</time>
      </trkpt>
      <trkpt lat="50.769974" lon="12.779102">
        <ele>408.465440</ele>
        <time>2026-04-30T20:25:15.892Z</time>
      </trkpt>
      <trkpt lat="50.769845" lon="12.778842">
        <ele>408.626503</ele>
        <time>2026-04-30T20:25:19.047Z</time>
      </trkpt>
      <trkpt lat="50.769493" lon="12.778213">
        <ele>409.035859</ele>
        <time>2026-04-30T20:25:26.872Z</time>
      </trkpt>
      <trkpt lat="50.769165" lon="12.777696">
        <ele>409.357047</ele>
        <time>2026-04-30T20:25:33.392Z</time>
      </trkpt>
      <trkpt lat="50.768603" lon="12.777018">
        <ele>409.609278</ele>
        <time>2026-04-30T20:25:42.457Z</time>
      </trkpt>
      <trkpt lat="50.768194" lon="12.776639">
        <ele>409.778429</ele>
        <time>2026-04-30T20:25:48.196Z</time>
      </trkpt>
      <trkpt lat="50.767873" lon="12.776388">
        <ele>409.906205</ele>
        <time>2026-04-30T20:25:52.671Z</time>
      </trkpt>
      <trkpt lat="50.767456" lon="12.776133">
        <ele>410.291912</ele>
        <time>2026-04-30T20:25:58.466Z</time>
      </trkpt>
      <trkpt lat="50.765618" lon="12.775144">
        <ele>413.182951</ele>
        <time>2026-04-30T20:26:29.935Z</time>
      </trkpt>
      <trkpt lat="50.765349" lon="12.774971">
        <ele>413.940922</ele>
        <time>2026-04-30T20:26:35.850Z</time>
      </trkpt>
      <trkpt lat="50.765073" lon="12.774760">
        <ele>414.741097</ele>
        <time>2026-04-30T20:26:42.412Z</time>
      </trkpt>
      <trkpt lat="50.764239" lon="12.773986">
        <ele>417.146735</ele>
        <time>2026-04-30T20:27:04.141Z</time>
      </trkpt>
      <trkpt lat="50.763361" lon="12.773174">
        <ele>419.140065</ele>
        <time>2026-04-30T20:27:24.685Z</time>
      </trkpt>
      <trkpt lat="50.762979" lon="12.772858">
        <ele>419.984933</ele>
        <time>2026-04-30T20:27:31.415Z</time>
      </trkpt>
      <trkpt lat="50.762564" lon="12.772590">
        <ele>419.997112</ele>
        <time>2026-04-30T20:27:37.037Z</time>
      </trkpt>
      <trkpt lat="50.761906" lon="12.772310">
        <ele>419.225126</ele>
        <time>2026-04-30T20:27:43.584Z</time>
      </trkpt>
      <trkpt lat="50.761437" lon="12.772212">
        <ele>418.689171</ele>
        <time>2026-04-30T20:27:47.775Z</time>
      </trkpt>
      <trkpt lat="50.761087" lon="12.772184">
        <ele>418.292146</ele>
        <time>2026-04-30T20:27:50.837Z</time>
      </trkpt>
      <trkpt lat="50.761037" lon="12.772173">
        <ele>418.223519</ele>
        <time>2026-04-30T20:27:51.274Z</time>
      </trkpt>
      <trkpt lat="50.761001" lon="12.772165">
        <ele>418.171071</ele>
        <time>2026-04-30T20:27:51.590Z</time>
      </trkpt>
      <trkpt lat="50.760313" lon="12.772039">
        <ele>417.171842</ele>
        <time>2026-04-30T20:27:57.691Z</time>
      </trkpt>
      <trkpt lat="50.759992" lon="12.771909">
        <ele>416.693773</ele>
        <time>2026-04-30T20:28:00.732Z</time>
      </trkpt>
      <trkpt lat="50.759673" lon="12.771746">
        <ele>416.210102</ele>
        <time>2026-04-30T20:28:03.952Z</time>
      </trkpt>
      <trkpt lat="50.759153" lon="12.771367">
        <ele>415.589662</ele>
        <time>2026-04-30T20:28:09.637Z</time>
      </trkpt>
      <trkpt lat="50.756359" lon="12.768416">
        <ele>414.236103</ele>
        <time>2026-04-30T20:28:46.592Z</time>
      </trkpt>
      <trkpt lat="50.756298" lon="12.768254">
        <ele>414.195752</ele>
        <time>2026-04-30T20:28:47.824Z</time>
      </trkpt>
      <trkpt lat="50.756228" lon="12.768211">
        <ele>414.170995</ele>
        <time>2026-04-30T20:28:48.606Z</time>
      </trkpt>
      <trkpt lat="50.756203" lon="12.768217">
        <ele>414.162659</ele>
        <time>2026-04-30T20:28:48.874Z</time>
      </trkpt>
      <trkpt lat="50.756175" lon="12.768220">
        <ele>414.153407</ele>
        <time>2026-04-30T20:28:49.162Z</time>
      </trkpt>
      <trkpt lat="50.756070" lon="12.768151">
        <ele>414.115921</ele>
        <time>2026-04-30T20:28:50.349Z</time>
      </trkpt>
      <trkpt lat="50.755650" lon="12.767825">
        <ele>413.961673</ele>
        <time>2026-04-30T20:28:55.263Z</time>
      </trkpt>
      <trkpt lat="50.755321" lon="12.767637">
        <ele>413.846346</ele>
        <time>2026-04-30T20:28:58.980Z</time>
      </trkpt>
      <trkpt lat="50.753539" lon="12.766971">
        <ele>413.431864</ele>
        <time>2026-04-30T20:29:20.137Z</time>
      </trkpt>
      <trkpt lat="50.753082" lon="12.766764">
        <ele>413.351287</ele>
        <time>2026-04-30T20:29:25.560Z</time>
      </trkpt>
      <trkpt lat="50.752740" lon="12.766565">
        <ele>413.214525</ele>
        <time>2026-04-30T20:29:29.562Z</time>
      </trkpt>
      <trkpt lat="50.752474" lon="12.766344">
        <ele>413.062204</ele>
        <time>2026-04-30T20:29:32.792Z</time>
      </trkpt>
      <trkpt lat="50.751863" lon="12.765716">
        <ele>412.692781</ele>
        <time>2026-04-30T20:29:40.425Z</time>
      </trkpt>
      <trkpt lat="50.750916" lon="12.764269">
        <ele>412.089794</ele>
        <time>2026-04-30T20:29:54.206Z</time>
      </trkpt>
      <trkpt lat="50.749650" lon="12.762334">
        <ele>411.689995</ele>
        <time>2026-04-30T20:30:13.602Z</time>
      </trkpt>
      <trkpt lat="50.749023" lon="12.761323">
        <ele>411.733001</ele>
        <time>2026-04-30T20:30:25.048Z</time>
      </trkpt>
      <trkpt lat="50.748726" lon="12.760703">
        <ele>411.664270</ele>
        <time>2026-04-30T20:30:31.392Z</time>
      </trkpt>
      <trkpt lat="50.748452" lon="12.760035">
        <ele>411.543866</ele>
        <time>2026-04-30T20:30:37.436Z</time>
      </trkpt>
      <trkpt lat="50.747103" lon="12.755265">
        <ele>409.792695</ele>
        <time>2026-04-30T20:31:11.815Z</time>
      </trkpt>
      <trkpt lat="50.746955" lon="12.754900">
        <ele>409.579651</ele>
        <time>2026-04-30T20:31:14.546Z</time>
      </trkpt>
      <trkpt lat="50.746951" lon="12.754885">
        <ele>409.571652</ele>
        <time>2026-04-30T20:31:14.647Z</time>
      </trkpt>
      <trkpt lat="50.746934" lon="12.754813">
        <ele>409.533885</ele>
        <time>2026-04-30T20:31:15.136Z</time>
      </trkpt>
      <trkpt lat="50.746921" lon="12.754754">
        <ele>409.503183</ele>
        <time>2026-04-30T20:31:15.536Z</time>
      </trkpt>
      <trkpt lat="50.746920" lon="12.754733">
        <ele>409.492834</ele>
        <time>2026-04-30T20:31:15.668Z</time>
      </trkpt>
      <trkpt lat="50.746915" lon="12.754642">
        <ele>409.447945</ele>
        <time>2026-04-30T20:31:16.260Z</time>
      </trkpt>
      <trkpt lat="50.746590" lon="12.753949">
        <ele>409.024034</ele>
        <time>2026-04-30T20:31:21.731Z</time>
      </trkpt>
      <trkpt lat="50.746256" lon="12.753329">
        <ele>408.655122</ele>
        <time>2026-04-30T20:31:26.886Z</time>
      </trkpt>
      <trkpt lat="50.745286" lon="12.751658">
        <ele>407.727266</ele>
        <time>2026-04-30T20:31:41.622Z</time>
      </trkpt>
      <trkpt lat="50.745036" lon="12.751243">
        <ele>407.570679</ele>
        <time>2026-04-30T20:31:45.524Z</time>
      </trkpt>
      <trkpt lat="50.744645" lon="12.750701">
        <ele>407.403706</ele>
        <time>2026-04-30T20:31:51.395Z</time>
      </trkpt>
      <trkpt lat="50.744564" lon="12.750612">
        <ele>407.372034</ele>
        <time>2026-04-30T20:31:52.522Z</time>
      </trkpt>
      <trkpt lat="50.744301" lon="12.750320">
        <ele>407.268846</ele>
        <time>2026-04-30T20:31:56.223Z</time>
      </trkpt>
      <trkpt lat="50.743830" lon="12.749900">
        <ele>407.095225</ele>
        <time>2026-04-30T20:32:02.380Z</time>
      </trkpt>
      <trkpt lat="50.742812" lon="12.749194">
        <ele>406.330610</ele>
        <time>2026-04-30T20:32:13.746Z</time>
      </trkpt>
      <trkpt lat="50.742685" lon="12.749139">
        <ele>406.236371</ele>
        <time>2026-04-30T20:32:15.077Z</time>
      </trkpt>
      <trkpt lat="50.742671" lon="12.749133">
        <ele>406.225990</ele>
        <time>2026-04-30T20:32:15.221Z</time>
      </trkpt>
      <trkpt lat="50.742637" lon="12.749108">
        <ele>406.199153</ele>
        <time>2026-04-30T20:32:15.601Z</time>
      </trkpt>
      <trkpt lat="50.742606" lon="12.748788">
        <ele>406.052549</ele>
        <time>2026-04-30T20:32:17.672Z</time>
      </trkpt>
      <trkpt lat="50.742515" lon="12.748527">
        <ele>405.917597</ele>
        <time>2026-04-30T20:32:19.580Z</time>
      </trkpt>
      <trkpt lat="50.742503" lon="12.748496">
        <ele>405.901140</ele>
        <time>2026-04-30T20:32:19.824Z</time>
      </trkpt>
      <trkpt lat="50.742359" lon="12.748148">
        <ele>405.737962</ele>
        <time>2026-04-30T20:32:22.364Z</time>
      </trkpt>
      <trkpt lat="50.742172" lon="12.747669">
        <ele>405.574571</ele>
        <time>2026-04-30T20:32:25.758Z</time>
      </trkpt>
      <trkpt lat="50.741961" lon="12.746955">
        <ele>405.345802</ele>
        <time>2026-04-30T20:32:30.798Z</time>
      </trkpt>
      <trkpt lat="50.741935" lon="12.746796">
        <ele>405.298127</ele>
        <time>2026-04-30T20:32:31.876Z</time>
      </trkpt>
      <trkpt lat="50.741810" lon="12.746790">
        <ele>405.240755</ele>
        <time>2026-04-30T20:32:33.224Z</time>
      </trkpt>
      <trkpt lat="50.741438" lon="12.746770">
        <ele>405.069998</ele>
        <time>2026-04-30T20:32:37.612Z</time>
      </trkpt>
      <trkpt lat="50.741095" lon="12.746760">
        <ele>405.005559</ele>
        <time>2026-04-30T20:32:42.060Z</time>
      </trkpt>
      <trkpt lat="50.740726" lon="12.746752">
        <ele>405.185428</ele>
        <time>2026-04-30T20:32:47.007Z</time>
      </trkpt>
      <trkpt lat="50.740627" lon="12.746743">
        <ele>405.233760</ele>
        <time>2026-04-30T20:32:48.419Z</time>
      </trkpt>
      <trkpt lat="50.740409" lon="12.746717">
        <ele>405.340316</ele>
        <time>2026-04-30T20:32:51.640Z</time>
      </trkpt>
      <trkpt lat="50.740117" lon="12.746658">
        <ele>405.483796</ele>
        <time>2026-04-30T20:32:56.026Z</time>
      </trkpt>
      <trkpt lat="50.740045" lon="12.746646">
        <ele>405.519084</ele>
        <time>2026-04-30T20:32:57.076Z</time>
      </trkpt>
      <trkpt lat="50.739820" lon="12.746605">
        <ele>405.629476</ele>
        <time>2026-04-30T20:33:00.372Z</time>
      </trkpt>
      <trkpt lat="50.739769" lon="12.746587">
        <ele>405.654946</ele>
        <time>2026-04-30T20:33:01.103Z</time>
      </trkpt>
      <trkpt lat="50.739208" lon="12.746380">
        <ele>405.841472</ele>
        <time>2026-04-30T20:33:08.386Z</time>
      </trkpt>
      <trkpt lat="50.739011" lon="12.746274">
        <ele>405.848604</ele>
        <time>2026-04-30T20:33:10.610Z</time>
      </trkpt>
      <trkpt lat="50.738767" lon="12.746238">
        <ele>405.857001</ele>
        <time>2026-04-30T20:33:13.232Z</time>
      </trkpt>
      <trkpt lat="50.738484" lon="12.746299">
        <ele>405.866789</ele>
        <time>2026-04-30T20:33:16.330Z</time>
      </trkpt>
      <trkpt lat="50.738461" lon="12.746222">
        <ele>405.868635</ele>
        <time>2026-04-30T20:33:17.887Z</time>
      </trkpt>
      <trkpt lat="50.738431" lon="12.746128">
        <ele>405.870918</ele>
        <time>2026-04-30T20:33:19.804Z</time>
      </trkpt>
      <trkpt lat="50.738319" lon="12.746198">
        <ele>405.875046</ele>
        <time>2026-04-30T20:33:21.118Z</time>
      </trkpt>
      <trkpt lat="50.736462" lon="12.744959">
        <ele>406.975765</ele>
        <time>2026-04-30T20:33:47.848Z</time>
      </trkpt>
      <trkpt lat="50.736423" lon="12.744930">
        <ele>407.008894</ele>
        <time>2026-04-30T20:33:48.576Z</time>
      </trkpt>
      <trkpt lat="50.736388" lon="12.744902">
        <ele>407.039046</ele>
        <time>2026-04-30T20:33:49.224Z</time>
      </trkpt>
      <trkpt lat="50.736018" lon="12.744580">
        <ele>407.467466</ele>
        <time>2026-04-30T20:33:56.461Z</time>
      </trkpt>
      <trkpt lat="50.735846" lon="12.744380">
        <ele>407.831244</ele>
        <time>2026-04-30T20:34:00.273Z</time>
      </trkpt>
      <trkpt lat="50.735622" lon="12.744120">
        <ele>408.304705</ele>
        <time>2026-04-30T20:34:05.395Z</time>
      </trkpt>
      <trkpt lat="50.735381" lon="12.743786">
        <ele>408.850777</ele>
        <time>2026-04-30T20:34:11.479Z</time>
      </trkpt>
      <trkpt lat="50.734666" lon="12.742567">
        <ele>410.535984</ele>
        <time>2026-04-30T20:34:29.450Z</time>
      </trkpt>
      <trkpt lat="50.734570" lon="12.742408">
        <ele>410.688800</ele>
        <time>2026-04-30T20:34:31.638Z</time>
      </trkpt>
      <trkpt lat="50.734118" lon="12.741702">
        <ele>411.387166</ele>
        <time>2026-04-30T20:34:41.131Z</time>
      </trkpt>
      <trkpt lat="50.733728" lon="12.741245">
        <ele>411.920681</ele>
        <time>2026-04-30T20:34:48.353Z</time>
      </trkpt>
      <trkpt lat="50.733267" lon="12.740845">
        <ele>412.378914</ele>
        <time>2026-04-30T20:34:56.216Z</time>
      </trkpt>
      <trkpt lat="50.733088" lon="12.740586">
        <ele>412.468325</ele>
        <time>2026-04-30T20:34:59.759Z</time>
      </trkpt>
      <trkpt lat="50.733056" lon="12.740570">
        <ele>412.480689</ele>
        <time>2026-04-30T20:35:00.252Z</time>
      </trkpt>
      <trkpt lat="50.732995" lon="12.740586">
        <ele>412.503467</ele>
        <time>2026-04-30T20:35:01.163Z</time>
      </trkpt>
      <trkpt lat="50.732917" lon="12.740414">
        <ele>412.552800</ele>
        <time>2026-04-30T20:35:03.079Z</time>
      </trkpt>
      <trkpt lat="50.732748" lon="12.740032">
        <ele>412.661465</ele>
        <time>2026-04-30T20:35:07.142Z</time>
      </trkpt>
      <trkpt lat="50.732439" lon="12.739375">
        <ele>412.852309</ele>
        <time>2026-04-30T20:35:13.842Z</time>
      </trkpt>
      <trkpt lat="50.732149" lon="12.738839">
        <ele>412.906409</ele>
        <time>2026-04-30T20:35:18.756Z</time>
      </trkpt>
      <trkpt lat="50.732006" lon="12.738662">
        <ele>412.765913</ele>
        <time>2026-04-30T20:35:20.624Z</time>
      </trkpt>
      <trkpt lat="50.731223" lon="12.737926">
        <ele>412.061264</ele>
        <time>2026-04-30T20:35:29.547Z</time>
      </trkpt>
      <trkpt lat="50.731055" lon="12.737777">
        <ele>411.912259</ele>
        <time>2026-04-30T20:35:31.427Z</time>
      </trkpt>
      <trkpt lat="50.731000" lon="12.737723">
        <ele>411.862177</ele>
        <time>2026-04-30T20:35:32.048Z</time>
      </trkpt>
      <trkpt lat="50.730861" lon="12.737599">
        <ele>411.738720</ele>
        <time>2026-04-30T20:35:33.612Z</time>
      </trkpt>
      <trkpt lat="50.729384" lon="12.736240">
        <ele>411.269650</ele>
        <time>2026-04-30T20:35:51.568Z</time>
      </trkpt>
      <trkpt lat="50.728278" lon="12.735222">
        <ele>412.491611</ele>
        <time>2026-04-30T20:36:11.662Z</time>
      </trkpt>
      <trkpt lat="50.728254" lon="12.735200">
        <ele>412.527225</ele>
        <time>2026-04-30T20:36:12.155Z</time>
      </trkpt>
      <trkpt lat="50.727634" lon="12.734585">
        <ele>413.466861</ele>
        <time>2026-04-30T20:36:24.783Z</time>
      </trkpt>
      <trkpt lat="50.727558" lon="12.734495">
        <ele>413.561825</ele>
        <time>2026-04-30T20:36:26.390Z</time>
      </trkpt>
      <trkpt lat="50.727088" lon="12.733915">
        <ele>414.032827</ele>
        <time>2026-04-30T20:36:35.997Z</time>
      </trkpt>
      <trkpt lat="50.726910" lon="12.733679">
        <ele>414.216349</ele>
        <time>2026-04-30T20:36:39.415Z</time>
      </trkpt>
      <trkpt lat="50.726564" lon="12.733163">
        <ele>414.592125</ele>
        <time>2026-04-30T20:36:45.738Z</time>
      </trkpt>
      <trkpt lat="50.725919" lon="12.732247">
        <ele>414.937167</ele>
        <time>2026-04-30T20:36:56.509Z</time>
      </trkpt>
      <trkpt lat="50.725530" lon="12.731875">
        <ele>414.935023</ele>
        <time>2026-04-30T20:37:02.134Z</time>
      </trkpt>
      <trkpt lat="50.725435" lon="12.731790">
        <ele>414.934508</ele>
        <time>2026-04-30T20:37:03.488Z</time>
      </trkpt>
      <trkpt lat="50.725332" lon="12.731676">
        <ele>414.933915</ele>
        <time>2026-04-30T20:37:05.020Z</time>
      </trkpt>
      <trkpt lat="50.725189" lon="12.731494">
        <ele>414.933049</ele>
        <time>2026-04-30T20:37:07.173Z</time>
      </trkpt>
      <trkpt lat="50.725066" lon="12.731251">
        <ele>414.932121</ele>
        <time>2026-04-30T20:37:09.387Z</time>
      </trkpt>
      <trkpt lat="50.724886" lon="12.730742">
        <ele>414.885532</ele>
        <time>2026-04-30T20:37:13.391Z</time>
      </trkpt>
      <trkpt lat="50.724782" lon="12.730308">
        <ele>414.692021</ele>
        <time>2026-04-30T20:37:16.613Z</time>
      </trkpt>
      <trkpt lat="50.724606" lon="12.729634">
        <ele>414.387990</ele>
        <time>2026-04-30T20:37:21.618Z</time>
      </trkpt>
      <trkpt lat="50.724430" lon="12.729392">
        <ele>414.234286</ele>
        <time>2026-04-30T20:37:24.007Z</time>
      </trkpt>
      <trkpt lat="50.724056" lon="12.728866">
        <ele>413.904428</ele>
        <time>2026-04-30T20:37:28.893Z</time>
      </trkpt>
      <trkpt lat="50.723400" lon="12.727949">
        <ele>412.993926</ele>
        <time>2026-04-30T20:37:37.454Z</time>
      </trkpt>
      <trkpt lat="50.722940" lon="12.727319">
        <ele>412.273308</ele>
        <time>2026-04-30T20:37:43.324Z</time>
      </trkpt>
      <trkpt lat="50.722851" lon="12.727202">
        <ele>412.136257</ele>
        <time>2026-04-30T20:37:44.410Z</time>
      </trkpt>
      <trkpt lat="50.722725" lon="12.727035">
        <ele>411.941576</ele>
        <time>2026-04-30T20:37:45.958Z</time>
      </trkpt>
      <trkpt lat="50.722662" lon="12.726951">
        <ele>411.843994</ele>
        <time>2026-04-30T20:37:46.743Z</time>
      </trkpt>
      <trkpt lat="50.722619" lon="12.726892">
        <ele>411.776578</ele>
        <time>2026-04-30T20:37:47.279Z</time>
      </trkpt>
      <trkpt lat="50.722047" lon="12.726116">
        <ele>410.378527</ele>
        <time>2026-04-30T20:37:54.186Z</time>
      </trkpt>
      <trkpt lat="50.721816" lon="12.725808">
        <ele>409.773884</ele>
        <time>2026-04-30T20:37:56.832Z</time>
      </trkpt>
      <trkpt lat="50.721580" lon="12.725606">
        <ele>409.236994</ele>
        <time>2026-04-30T20:37:59.143Z</time>
      </trkpt>
      <trkpt lat="50.721428" lon="12.725539">
        <ele>408.921351</ele>
        <time>2026-04-30T20:38:00.501Z</time>
      </trkpt>
      <trkpt lat="50.721280" lon="12.725487">
        <ele>408.618090</ele>
        <time>2026-04-30T20:38:01.797Z</time>
      </trkpt>
      <trkpt lat="50.721143" lon="12.725412">
        <ele>408.328075</ele>
        <time>2026-04-30T20:38:03.029Z</time>
      </trkpt>
      <trkpt lat="50.721004" lon="12.725281">
        <ele>408.010905</ele>
        <time>2026-04-30T20:38:04.401Z</time>
      </trkpt>
      <trkpt lat="50.720903" lon="12.725152">
        <ele>407.864647</ele>
        <time>2026-04-30T20:38:05.486Z</time>
      </trkpt>
      <trkpt lat="50.720704" lon="12.724907">
        <ele>407.580538</ele>
        <time>2026-04-30T20:38:07.618Z</time>
      </trkpt>
      <trkpt lat="50.720611" lon="12.724841">
        <ele>407.465733</ele>
        <time>2026-04-30T20:38:08.474Z</time>
      </trkpt>
      <trkpt lat="50.720265" lon="12.724639">
        <ele>407.050364</ele>
        <time>2026-04-30T20:38:11.710Z</time>
      </trkpt>
      <trkpt lat="50.719986" lon="12.724432">
        <ele>406.703268</ele>
        <time>2026-04-30T20:38:14.817Z</time>
      </trkpt>
      <trkpt lat="50.719669" lon="12.724148">
        <ele>406.292893</ele>
        <time>2026-04-30T20:38:18.777Z</time>
      </trkpt>
      <trkpt lat="50.719587" lon="12.724075">
        <ele>406.186902</ele>
        <time>2026-04-30T20:38:19.802Z</time>
      </trkpt>
      <trkpt lat="50.719506" lon="12.723998">
        <ele>406.080449</ele>
        <time>2026-04-30T20:38:20.940Z</time>
      </trkpt>
      <trkpt lat="50.719358" lon="12.723865">
        <ele>406.166863</ele>
        <time>2026-04-30T20:38:23.181Z</time>
      </trkpt>
      <trkpt lat="50.719173" lon="12.723675">
        <ele>406.574484</ele>
        <time>2026-04-30T20:38:26.504Z</time>
      </trkpt>
      <trkpt lat="50.718888" lon="12.723314">
        <ele>407.249314</ele>
        <time>2026-04-30T20:38:32.920Z</time>
      </trkpt>
      <trkpt lat="50.718479" lon="12.722656">
        <ele>408.327726</ele>
        <time>2026-04-30T20:38:44.686Z</time>
      </trkpt>
      <trkpt lat="50.718107" lon="12.721938">
        <ele>409.411072</ele>
        <time>2026-04-30T20:38:56.261Z</time>
      </trkpt>
      <trkpt lat="50.717987" lon="12.721716">
        <ele>409.746456</ele>
        <time>2026-04-30T20:38:59.744Z</time>
      </trkpt>
      <trkpt lat="50.717843" lon="12.721536">
        <ele>410.079712</ele>
        <time>2026-04-30T20:39:03.123Z</time>
      </trkpt>
      <trkpt lat="50.717663" lon="12.721421">
        <ele>410.432073</ele>
        <time>2026-04-30T20:39:06.693Z</time>
      </trkpt>
      <trkpt lat="50.717647" lon="12.720931">
        <ele>410.995819</ele>
        <time>2026-04-30T20:39:12.428Z</time>
      </trkpt>
      <trkpt lat="50.717626" lon="12.720778">
        <ele>411.175695</ele>
        <time>2026-04-30T20:39:14.231Z</time>
      </trkpt>
      <trkpt lat="50.717609" lon="12.720725">
        <ele>411.243959</ele>
        <time>2026-04-30T20:39:14.899Z</time>
      </trkpt>
      <trkpt lat="50.717551" lon="12.720539">
        <ele>411.482182</ele>
        <time>2026-04-30T20:39:17.234Z</time>
      </trkpt>
      <trkpt lat="50.717397" lon="12.720265">
        <ele>411.903149</ele>
        <time>2026-04-30T20:39:21.131Z</time>
      </trkpt>
      <trkpt lat="50.717022" lon="12.719527">
        <ele>412.674722</ele>
        <time>2026-04-30T20:39:30.606Z</time>
      </trkpt>
      <trkpt lat="50.716969" lon="12.719433">
        <ele>412.707959</ele>
        <time>2026-04-30T20:39:31.825Z</time>
      </trkpt>
      <trkpt lat="50.716750" lon="12.719037">
        <ele>412.846798</ele>
        <time>2026-04-30T20:39:36.840Z</time>
      </trkpt>
      <trkpt lat="50.716249" lon="12.718129">
        <ele>413.164832</ele>
        <time>2026-04-30T20:39:46.644Z</time>
      </trkpt>
      <trkpt lat="50.715882" lon="12.717459">
        <ele>413.268955</ele>
        <time>2026-04-30T20:39:52.604Z</time>
      </trkpt>
      <trkpt lat="50.715401" lon="12.716572">
        <ele>412.989626</ele>
        <time>2026-04-30T20:40:00.317Z</time>
      </trkpt>
      <trkpt lat="50.715332" lon="12.716384">
        <ele>412.937651</ele>
        <time>2026-04-30T20:40:01.817Z</time>
      </trkpt>
      <trkpt lat="50.715252" lon="12.716057">
        <ele>412.853802</ele>
        <time>2026-04-30T20:40:04.359Z</time>
      </trkpt>
      <trkpt lat="50.714736" lon="12.713833">
        <ele>411.312852</ele>
        <time>2026-04-30T20:40:21.012Z</time>
      </trkpt>
      <trkpt lat="50.714014" lon="12.710746">
        <ele>407.636212</ele>
        <time>2026-04-30T20:40:38.436Z</time>
      </trkpt>
      <trkpt lat="50.713909" lon="12.710351">
        <ele>407.089490</ele>
        <time>2026-04-30T20:40:40.897Z</time>
      </trkpt>
      <trkpt lat="50.713568" lon="12.709414">
        <ele>407.006992</ele>
        <time>2026-04-30T20:40:48.155Z</time>
      </trkpt>
      <trkpt lat="50.713164" lon="12.708327">
        <ele>407.950919</ele>
        <time>2026-04-30T20:41:00.380Z</time>
      </trkpt>
      <trkpt lat="50.712921" lon="12.708436">
        <ele>408.249688</ele>
        <time>2026-04-30T20:41:05.168Z</time>
      </trkpt>
      <trkpt lat="50.712546" lon="12.708769">
        <ele>409.058718</ele>
        <time>2026-04-30T20:41:14.221Z</time>
      </trkpt>
      <trkpt lat="50.712096" lon="12.709136">
        <ele>411.390584</ele>
        <time>2026-04-30T20:41:25.792Z</time>
      </trkpt>
      <trkpt lat="50.711867" lon="12.709193">
        <ele>412.457965</ele>
        <time>2026-04-30T20:41:31.479Z</time>
      </trkpt>
      <trkpt lat="50.711700" lon="12.709196">
        <ele>413.226919</ele>
        <time>2026-04-30T20:41:35.764Z</time>
      </trkpt>
      <trkpt lat="50.710619" lon="12.709029">
        <ele>418.965589</ele>
        <time>2026-04-30T20:42:08.815Z</time>
      </trkpt>
      <trkpt lat="50.710299" lon="12.709060">
        <ele>421.284759</ele>
        <time>2026-04-30T20:42:20.003Z</time>
      </trkpt>
      <trkpt lat="50.709562" lon="12.709298">
        <ele>426.726408</ele>
        <time>2026-04-30T20:42:47.734Z</time>
      </trkpt>
      <trkpt lat="50.708171" lon="12.709760">
        <ele>435.890521</ele>
        <time>2026-04-30T20:43:39.783Z</time>
      </trkpt>
      <trkpt lat="50.708075" lon="12.709813">
        <ele>436.509686</ele>
        <time>2026-04-30T20:43:42.913Z</time>
      </trkpt>
      <trkpt lat="50.707992" lon="12.709859">
        <ele>437.045233</ele>
        <time>2026-04-30T20:43:45.598Z</time>
      </trkpt>
      <trkpt lat="50.707836" lon="12.710038">
        <ele>438.219269</ele>
        <time>2026-04-30T20:43:51.125Z</time>
      </trkpt>
      <trkpt lat="50.707575" lon="12.710500">
        <ele>440.606312</ele>
        <time>2026-04-30T20:44:01.492Z</time>
      </trkpt>
      <trkpt lat="50.706533" lon="12.712598">
        <ele>443.670947</ele>
        <time>2026-04-30T20:44:31.795Z</time>
      </trkpt>
      <trkpt lat="50.706313" lon="12.713282">
        <ele>443.144611</ele>
        <time>2026-04-30T20:44:36.876Z</time>
      </trkpt>
      <trkpt lat="50.705975" lon="12.714370">
        <ele>441.287118</ele>
        <time>2026-04-30T20:44:43.314Z</time>
      </trkpt>
      <trkpt lat="50.705869" lon="12.714617">
        <ele>440.829785</ele>
        <time>2026-04-30T20:44:44.799Z</time>
      </trkpt>
      <trkpt lat="50.705234" lon="12.715622">
        <ele>438.581651</ele>
        <time>2026-04-30T20:44:51.836Z</time>
      </trkpt>
      <trkpt lat="50.704690" lon="12.716507">
        <ele>436.544769</ele>
        <time>2026-04-30T20:44:58.209Z</time>
      </trkpt>
      <trkpt lat="50.703982" lon="12.717898">
        <ele>434.532568</ele>
        <time>2026-04-30T20:45:08.845Z</time>
      </trkpt>
      <trkpt lat="50.703745" lon="12.718229">
        <ele>434.302413</ele>
        <time>2026-04-30T20:45:12.337Z</time>
      </trkpt>
      <trkpt lat="50.703402" lon="12.718609">
        <ele>433.997626</ele>
        <time>2026-04-30T20:45:17.398Z</time>
      </trkpt>
      <trkpt lat="50.703112" lon="12.718828">
        <ele>433.763795</ele>
        <time>2026-04-30T20:45:21.084Z</time>
      </trkpt>
      <trkpt lat="50.702994" lon="12.718900">
        <ele>433.671776</ele>
        <time>2026-04-30T20:45:22.421Z</time>
      </trkpt>
      <trkpt lat="50.702829" lon="12.718979">
        <ele>433.458401</ele>
        <time>2026-04-30T20:45:24.123Z</time>
      </trkpt>
      <trkpt lat="50.702560" lon="12.719052">
        <ele>432.819016</ele>
        <time>2026-04-30T20:45:26.670Z</time>
      </trkpt>
      <trkpt lat="50.702462" lon="12.719103">
        <ele>432.577298</ele>
        <time>2026-04-30T20:45:27.606Z</time>
      </trkpt>
      <trkpt lat="50.702312" lon="12.719180">
        <ele>432.207812</ele>
        <time>2026-04-30T20:45:28.987Z</time>
      </trkpt>
      <trkpt lat="50.702011" lon="12.719401">
        <ele>431.430197</ele>
        <time>2026-04-30T20:45:31.783Z</time>
      </trkpt>
      <trkpt lat="50.701690" lon="12.719660">
        <ele>430.585743</ele>
        <time>2026-04-30T20:45:34.716Z</time>
      </trkpt>
      <trkpt lat="50.701509" lon="12.719881">
        <ele>430.049749</ele>
        <time>2026-04-30T20:45:36.562Z</time>
      </trkpt>
      <trkpt lat="50.701425" lon="12.720010">
        <ele>429.775246</ele>
        <time>2026-04-30T20:45:37.494Z</time>
      </trkpt>
      <trkpt lat="50.701262" lon="12.720411">
        <ele>429.132436</ele>
        <time>2026-04-30T20:45:39.914Z</time>
      </trkpt>
      <trkpt lat="50.701202" lon="12.720585">
        <ele>428.900451</ele>
        <time>2026-04-30T20:45:40.944Z</time>
      </trkpt>
      <trkpt lat="50.701145" lon="12.720749">
        <ele>428.681401</ele>
        <time>2026-04-30T20:45:41.933Z</time>
      </trkpt>
      <trkpt lat="50.700794" lon="12.721794">
        <ele>427.296331</ele>
        <time>2026-04-30T20:45:48.519Z</time>
      </trkpt>
      <trkpt lat="50.700449" lon="12.722808">
        <ele>426.025430</ele>
        <time>2026-04-30T20:45:55.604Z</time>
      </trkpt>
      <trkpt lat="50.700325" lon="12.722999">
        <ele>425.954602</ele>
        <time>2026-04-30T20:45:57.467Z</time>
      </trkpt>
      <trkpt lat="50.700213" lon="12.723050">
        <ele>425.906945</ele>
        <time>2026-04-30T20:45:58.739Z</time>
      </trkpt>
      <trkpt lat="50.700059" lon="12.722994">
        <ele>425.842334</ele>
        <time>2026-04-30T20:46:00.525Z</time>
      </trkpt>
      <trkpt lat="50.699797" lon="12.722800">
        <ele>425.724020</ele>
        <time>2026-04-30T20:46:03.912Z</time>
      </trkpt>
      <trkpt lat="50.699693" lon="12.722730">
        <ele>425.677797</ele>
        <time>2026-04-30T20:46:05.247Z</time>
      </trkpt>
      <trkpt lat="50.699505" lon="12.722604">
        <ele>425.594294</ele>
        <time>2026-04-30T20:46:07.619Z</time>
      </trkpt>
      <trkpt lat="50.699394" lon="12.722567">
        <ele>425.547911</ele>
        <time>2026-04-30T20:46:08.956Z</time>
      </trkpt>
      <trkpt lat="50.699256" lon="12.722572">
        <ele>425.491475</ele>
        <time>2026-04-30T20:46:10.554Z</time>
      </trkpt>
      <trkpt lat="50.699179" lon="12.722609">
        <ele>425.458568</ele>
        <time>2026-04-30T20:46:11.447Z</time>
      </trkpt>
      <trkpt lat="50.699033" lon="12.722708">
        <ele>425.393604</ele>
        <time>2026-04-30T20:46:13.207Z</time>
      </trkpt>
      <trkpt lat="50.698879" lon="12.722877">
        <ele>425.316925</ele>
        <time>2026-04-30T20:46:15.217Z</time>
      </trkpt>
      <trkpt lat="50.698336" lon="12.723595">
        <ele>424.168033</ele>
        <time>2026-04-30T20:46:22.252Z</time>
      </trkpt>
      <trkpt lat="50.698064" lon="12.724014">
        <ele>423.543465</ele>
        <time>2026-04-30T20:46:25.605Z</time>
      </trkpt>
      <trkpt lat="50.697691" lon="12.724579">
        <ele>422.693915</ele>
        <time>2026-04-30T20:46:29.991Z</time>
      </trkpt>
      <trkpt lat="50.697627" lon="12.724673">
        <ele>422.550252</ele>
        <time>2026-04-30T20:46:30.732Z</time>
      </trkpt>
      <trkpt lat="50.697099" lon="12.725464">
        <ele>421.858351</ele>
        <time>2026-04-30T20:46:36.954Z</time>
      </trkpt>
      <trkpt lat="50.697018" lon="12.725539">
        <ele>421.781715</ele>
        <time>2026-04-30T20:46:37.787Z</time>
      </trkpt>
      <trkpt lat="50.696838" lon="12.725557">
        <ele>421.634522</ele>
        <time>2026-04-30T20:46:39.458Z</time>
      </trkpt>
      <trkpt lat="50.696798" lon="12.725784">
        <ele>421.512720</ele>
        <time>2026-04-30T20:46:40.892Z</time>
      </trkpt>
      <trkpt lat="50.696616" lon="12.726128">
        <ele>421.281020</ele>
        <time>2026-04-30T20:46:43.838Z</time>
      </trkpt>
      <trkpt lat="50.696405" lon="12.726479">
        <ele>421.030868</ele>
        <time>2026-04-30T20:46:47.794Z</time>
      </trkpt>
      <trkpt lat="50.696325" lon="12.726603">
        <ele>420.939372</ele>
        <time>2026-04-30T20:46:49.476Z</time>
      </trkpt>
      <trkpt lat="50.696233" lon="12.726840">
        <ele>421.285699</ele>
        <time>2026-04-30T20:46:52.549Z</time>
      </trkpt>
      <trkpt lat="50.696195" lon="12.727099">
        <ele>421.878037</ele>
        <time>2026-04-30T20:46:55.723Z</time>
      </trkpt>
      <trkpt lat="50.696193" lon="12.727220">
        <ele>422.147721</ele>
        <time>2026-04-30T20:46:57.243Z</time>
      </trkpt>
      <trkpt lat="50.696208" lon="12.727726">
        <ele>423.276341</ele>
        <time>2026-04-30T20:47:04.162Z</time>
      </trkpt>
      <trkpt lat="50.696064" lon="12.727718">
        <ele>423.783160</ele>
        <time>2026-04-30T20:47:07.514Z</time>
      </trkpt>
      <trkpt lat="50.695857" lon="12.727581">
        <ele>424.572657</ele>
        <time>2026-04-30T20:47:13.044Z</time>
      </trkpt>
      <trkpt lat="50.695731" lon="12.727560">
        <ele>425.018313</ele>
        <time>2026-04-30T20:47:16.247Z</time>
      </trkpt>
      <trkpt lat="50.695629" lon="12.727585">
        <ele>425.381386</ele>
        <time>2026-04-30T20:47:18.829Z</time>
      </trkpt>
      <trkpt lat="50.694361" lon="12.728397">
        <ele>432.375380</ele>
        <time>2026-04-30T20:47:57.406Z</time>
      </trkpt>
      <trkpt lat="50.694064" lon="12.728534">
        <ele>434.260277</ele>
        <time>2026-04-30T20:48:07.335Z</time>
      </trkpt>
      <trkpt lat="50.694027" lon="12.728544">
        <ele>434.488950</ele>
        <time>2026-04-30T20:48:08.549Z</time>
      </trkpt>
      <trkpt lat="50.693841" lon="12.728579">
        <ele>435.630031</ele>
        <time>2026-04-30T20:48:14.846Z</time>
      </trkpt>
      <trkpt lat="50.693192" lon="12.728889">
        <ele>440.137872</ele>
        <time>2026-04-30T20:48:38.944Z</time>
      </trkpt>
      <trkpt lat="50.692119" lon="12.729283">
        <ele>448.442012</ele>
        <time>2026-04-30T20:49:19.730Z</time>
      </trkpt>
      <trkpt lat="50.691788" lon="12.729338">
        <ele>450.950854</ele>
        <time>2026-04-30T20:49:31.807Z</time>
      </trkpt>
      <trkpt lat="50.691134" lon="12.729222">
        <ele>455.183915</ele>
        <time>2026-04-30T20:49:54.529Z</time>
      </trkpt>
      <trkpt lat="50.691013" lon="12.729238">
        <ele>455.939929</ele>
        <time>2026-04-30T20:49:58.511Z</time>
      </trkpt>
      <trkpt lat="50.690511" lon="12.729389">
        <ele>459.121742</ele>
        <time>2026-04-30T20:50:14.527Z</time>
      </trkpt>
      <trkpt lat="50.689848" lon="12.729645">
        <ele>463.308425</ele>
        <time>2026-04-30T20:50:34.426Z</time>
      </trkpt>
      <trkpt lat="50.689754" lon="12.729653">
        <ele>463.811210</ele>
        <time>2026-04-30T20:50:37.085Z</time>
      </trkpt>
      <trkpt lat="50.689169" lon="12.729533">
        <ele>466.961980</ele>
        <time>2026-04-30T20:50:53.899Z</time>
      </trkpt>
      <trkpt lat="50.688935" lon="12.729539">
        <ele>468.211944</ele>
        <time>2026-04-30T20:51:00.760Z</time>
      </trkpt>
      <trkpt lat="50.688651" lon="12.729639">
        <ele>469.766077</ele>
        <time>2026-04-30T20:51:09.320Z</time>
      </trkpt>
      <trkpt lat="50.688010" lon="12.730067">
        <ele>473.364207</ele>
        <time>2026-04-30T20:51:29.942Z</time>
      </trkpt>
      <trkpt lat="50.686896" lon="12.730281">
        <ele>478.604961</ele>
        <time>2026-04-30T20:52:00.594Z</time>
      </trkpt>
      <trkpt lat="50.686696" lon="12.730370">
        <ele>479.575369</ele>
        <time>2026-04-30T20:52:05.765Z</time>
      </trkpt>
      <trkpt lat="50.686520" lon="12.730511">
        <ele>480.497101</ele>
        <time>2026-04-30T20:52:10.614Z</time>
      </trkpt>
      <trkpt lat="50.685932" lon="12.731177">
        <ele>483.155914</ele>
        <time>2026-04-30T20:52:27.971Z</time>
      </trkpt>
      <trkpt lat="50.685257" lon="12.731639">
        <ele>485.749881</ele>
        <time>2026-04-30T20:52:44.678Z</time>
      </trkpt>
      <trkpt lat="50.685091" lon="12.731782">
        <ele>486.416643</ele>
        <time>2026-04-30T20:52:48.918Z</time>
      </trkpt>
      <trkpt lat="50.684757" lon="12.731987">
        <ele>487.500442</ele>
        <time>2026-04-30T20:52:56.823Z</time>
      </trkpt>
      <trkpt lat="50.684059" lon="12.732413">
        <ele>488.966207</ele>
        <time>2026-04-30T20:53:13.064Z</time>
      </trkpt>
      <trkpt lat="50.683423" lon="12.732756">
        <ele>490.282602</ele>
        <time>2026-04-30T20:53:25.169Z</time>
      </trkpt>
      <trkpt lat="50.683064" lon="12.733023">
        <ele>490.388299</ele>
        <time>2026-04-30T20:53:30.171Z</time>
      </trkpt>
      <trkpt lat="50.683045" lon="12.733187">
        <ele>490.063206</ele>
        <time>2026-04-30T20:53:31.247Z</time>
      </trkpt>
      <trkpt lat="50.683091" lon="12.733917">
        <ele>488.632724</ele>
        <time>2026-04-30T20:53:35.420Z</time>
      </trkpt>
      <trkpt lat="50.683315" lon="12.734720">
        <ele>486.921889</ele>
        <time>2026-04-30T20:53:39.800Z</time>
      </trkpt>
      <trkpt lat="50.683579" lon="12.735801">
        <ele>484.304649</ele>
        <time>2026-04-30T20:53:45.248Z</time>
      </trkpt>
      <trkpt lat="50.683794" lon="12.737127">
        <ele>480.043678</ele>
        <time>2026-04-30T20:53:51.721Z</time>
      </trkpt>
      <trkpt lat="50.683824" lon="12.738269">
        <ele>476.485492</ele>
        <time>2026-04-30T20:53:59.653Z</time>
      </trkpt>
      <trkpt lat="50.683795" lon="12.738366">
        <ele>476.282872</ele>
        <time>2026-04-30T20:54:00.410Z</time>
      </trkpt>
      <trkpt lat="50.683699" lon="12.738517">
        <ele>475.935480</ele>
        <time>2026-04-30T20:54:01.914Z</time>
      </trkpt>
      <trkpt lat="50.682920" lon="12.739486">
        <ele>473.393196</ele>
        <time>2026-04-30T20:54:13.445Z</time>
      </trkpt>
      <trkpt lat="50.682716" lon="12.739735">
        <ele>472.732188</ele>
        <time>2026-04-30T20:54:16.774Z</time>
      </trkpt>
      <trkpt lat="50.682637" lon="12.739880">
        <ele>472.421616</ele>
        <time>2026-04-30T20:54:18.407Z</time>
      </trkpt>
      <trkpt lat="50.682402" lon="12.739782">
        <ele>471.823878</ele>
        <time>2026-04-30T20:54:20.900Z</time>
      </trkpt>
      <trkpt lat="50.681819" lon="12.739754">
        <ele>472.516937</ele>
        <time>2026-04-30T20:54:28.556Z</time>
      </trkpt>
      <trkpt lat="50.681500" lon="12.739828">
        <ele>472.900055</ele>
        <time>2026-04-30T20:54:33.978Z</time>
      </trkpt>
      <trkpt lat="50.681193" lon="12.739944">
        <ele>473.275151</ele>
        <time>2026-04-30T20:54:39.850Z</time>
      </trkpt>
      <trkpt lat="50.680608" lon="12.740240">
        <ele>474.014173</ele>
        <time>2026-04-30T20:54:51.307Z</time>
      </trkpt>
      <trkpt lat="50.680434" lon="12.740282">
        <ele>474.259723</ele>
        <time>2026-04-30T20:54:54.547Z</time>
      </trkpt>
      <trkpt lat="50.680039" lon="12.740307">
        <ele>474.811184</ele>
        <time>2026-04-30T20:55:01.601Z</time>
      </trkpt>
      <trkpt lat="50.679675" lon="12.740318">
        <ele>475.319050</ele>
        <time>2026-04-30T20:55:07.832Z</time>
      </trkpt>
      <trkpt lat="50.679250" lon="12.740404">
        <ele>475.916772</ele>
        <time>2026-04-30T20:55:15.281Z</time>
      </trkpt>
      <trkpt lat="50.678531" lon="12.740619">
        <ele>476.430564</ele>
        <time>2026-04-30T20:55:24.730Z</time>
      </trkpt>
      <trkpt lat="50.678228" lon="12.740607">
        <ele>476.402476</ele>
        <time>2026-04-30T20:55:27.844Z</time>
      </trkpt>
      <trkpt lat="50.678204" lon="12.740606">
        <ele>476.400251</ele>
        <time>2026-04-30T20:55:28.099Z</time>
      </trkpt>
      <trkpt lat="50.678153" lon="12.741043">
        <ele>476.374157</ele>
        <time>2026-04-30T20:55:31.944Z</time>
      </trkpt>
      <trkpt lat="50.678076" lon="12.741361">
        <ele>476.354165</ele>
        <time>2026-04-30T20:55:34.834Z</time>
      </trkpt>
      <trkpt lat="50.677841" lon="12.741596">
        <ele>476.328383</ele>
        <time>2026-04-30T20:55:38.860Z</time>
      </trkpt>
      <trkpt lat="50.677775" lon="12.741717">
        <ele>476.319007</ele>
        <time>2026-04-30T20:55:40.442Z</time>
      </trkpt>
      <trkpt lat="50.677748" lon="12.741848">
        <ele>476.310918</ele>
        <time>2026-04-30T20:55:41.817Z</time>
      </trkpt>
      <trkpt lat="50.677322" lon="12.741956">
        <ele>477.597276</ele>
        <time>2026-04-30T20:55:49.953Z</time>
      </trkpt>
      <trkpt lat="50.677257" lon="12.741992">
        <ele>477.936038</ele>
        <time>2026-04-30T20:55:51.532Z</time>
      </trkpt>
      <trkpt lat="50.677175" lon="12.742038">
        <ele>478.364005</ele>
        <time>2026-04-30T20:55:53.561Z</time>
      </trkpt>
      <trkpt lat="50.676868" lon="12.742386">
        <ele>480.222848</ele>
        <time>2026-04-30T20:56:04.246Z</time>
      </trkpt>
      <trkpt lat="50.676561" lon="12.742986">
        <ele>482.626030</ele>
        <time>2026-04-30T20:56:21.514Z</time>
      </trkpt>
      <trkpt lat="50.676366" lon="12.742957">
        <ele>483.589219</ele>
        <time>2026-04-30T20:56:28.573Z</time>
      </trkpt>
      <trkpt lat="50.675980" lon="12.743090">
        <ele>485.788000</ele>
        <time>2026-04-30T20:56:45.863Z</time>
      </trkpt>
      <trkpt lat="50.675812" lon="12.743182">
        <ele>487.233835</ele>
        <time>2026-04-30T20:56:53.810Z</time>
      </trkpt>
      <trkpt lat="50.675590" lon="12.743393">
        <ele>489.340923</ele>
        <time>2026-04-30T20:57:05.442Z</time>
      </trkpt>
      <trkpt lat="50.674745" lon="12.744356">
        <ele>497.815593</ele>
        <time>2026-04-30T20:57:50.737Z</time>
      </trkpt>
      <trkpt lat="50.674003" lon="12.745227">
        <ele>503.694108</ele>
        <time>2026-04-30T20:58:25.594Z</time>
      </trkpt>
      <trkpt lat="50.673183" lon="12.745965">
        <ele>509.108853</ele>
        <time>2026-04-30T20:58:56.236Z</time>
      </trkpt>
      <trkpt lat="50.672956" lon="12.746323">
        <ele>510.793438</ele>
        <time>2026-04-30T20:59:06.201Z</time>
      </trkpt>
      <trkpt lat="50.672813" lon="12.746633">
        <ele>511.936351</ele>
        <time>2026-04-30T20:59:13.667Z</time>
      </trkpt>
      <trkpt lat="50.672773" lon="12.746824">
        <ele>512.535966</ele>
        <time>2026-04-30T20:59:17.570Z</time>
      </trkpt>
      <trkpt lat="50.672695" lon="12.746923">
        <ele>513.006792</ele>
        <time>2026-04-30T20:59:20.212Z</time>
      </trkpt>
      <trkpt lat="50.672548" lon="12.747278">
        <ele>514.270839</ele>
        <time>2026-04-30T20:59:27.298Z</time>
      </trkpt>
      <trkpt lat="50.672269" lon="12.748236">
        <ele>517.413562</ele>
        <time>2026-04-30T20:59:45.357Z</time>
      </trkpt>
      <trkpt lat="50.671817" lon="12.749231">
        <ele>521.092151</ele>
        <time>2026-04-30T21:00:06.505Z</time>
      </trkpt>
      <trkpt lat="50.671685" lon="12.749440">
        <ele>521.981948</ele>
        <time>2026-04-30T21:00:11.527Z</time>
      </trkpt>
      <trkpt lat="50.670649" lon="12.750701">
        <ele>528.317930</ele>
        <time>2026-04-30T21:00:46.613Z</time>
      </trkpt>
      <trkpt lat="50.668873" lon="12.752210">
        <ele>539.139338</ele>
        <time>2026-04-30T21:01:45.199Z</time>
      </trkpt>
      <trkpt lat="50.668418" lon="12.752597">
        <ele>542.152244</ele>
        <time>2026-04-30T21:02:01.159Z</time>
      </trkpt>
      <trkpt lat="50.668307" lon="12.752670">
        <ele>542.853194</ele>
        <time>2026-04-30T21:02:04.904Z</time>
      </trkpt>
      <trkpt lat="50.668127" lon="12.752704">
        <ele>543.909865</ele>
        <time>2026-04-30T21:02:10.611Z</time>
      </trkpt>
      <trkpt lat="50.666857" lon="12.752594">
        <ele>550.912862</ele>
        <time>2026-04-30T21:02:50.598Z</time>
      </trkpt>
      <trkpt lat="50.666656" lon="12.752591">
        <ele>551.973408</ele>
        <time>2026-04-30T21:02:56.544Z</time>
      </trkpt>
      <trkpt lat="50.666470" lon="12.752658">
        <ele>552.980018</ele>
        <time>2026-04-30T21:03:02.091Z</time>
      </trkpt>
      <trkpt lat="50.666029" lon="12.753013">
        <ele>555.592154</ele>
        <time>2026-04-30T21:03:15.777Z</time>
      </trkpt>
      <trkpt lat="50.664724" lon="12.754288">
        <ele>560.624727</ele>
        <time>2026-04-30T21:03:51.353Z</time>
      </trkpt>
      <trkpt lat="50.664464" lon="12.754534">
        <ele>561.543962</ele>
        <time>2026-04-30T21:03:57.182Z</time>
      </trkpt>
      <trkpt lat="50.663365" lon="12.755443">
        <ele>562.549426</ele>
        <time>2026-04-30T21:04:14.482Z</time>
      </trkpt>
      <trkpt lat="50.662241" lon="12.756366">
        <ele>564.524640</ele>
        <time>2026-04-30T21:04:28.761Z</time>
      </trkpt>
      <trkpt lat="50.662147" lon="12.756441">
        <ele>564.814363</ele>
        <time>2026-04-30T21:04:30.379Z</time>
      </trkpt>
      <trkpt lat="50.661724" lon="12.756704">
        <ele>566.064878</ele>
        <time>2026-04-30T21:04:39.026Z</time>
      </trkpt>
      <trkpt lat="50.661645" lon="12.756742">
        <ele>566.292035</ele>
        <time>2026-04-30T21:04:40.943Z</time>
      </trkpt>
      <trkpt lat="50.661367" lon="12.757083">
        <ele>567.260584</ele>
        <time>2026-04-30T21:04:50.282Z</time>
      </trkpt>
      <trkpt lat="50.660865" lon="12.757750">
        <ele>572.072570</ele>
        <time>2026-04-30T21:05:12.608Z</time>
      </trkpt>
      <trkpt lat="50.660258" lon="12.758854">
        <ele>581.058240</ele>
        <time>2026-04-30T21:05:53.743Z</time>
      </trkpt>
      <trkpt lat="50.659685" lon="12.759771">
        <ele>589.525217</ele>
        <time>2026-04-30T21:06:36.221Z</time>
      </trkpt>
      <trkpt lat="50.659457" lon="12.760643">
        <ele>596.197976</ele>
        <time>2026-04-30T21:07:07.347Z</time>
      </trkpt>
      <trkpt lat="50.659283" lon="12.761098">
        <ele>599.957040</ele>
        <time>2026-04-30T21:07:23.928Z</time>
      </trkpt>
      <trkpt lat="50.658589" lon="12.762417">
        <ele>608.713847</ele>
        <time>2026-04-30T21:08:08.369Z</time>
      </trkpt>
      <trkpt lat="50.658163" lon="12.763144">
        <ele>612.190164</ele>
        <time>2026-04-30T21:08:27.471Z</time>
      </trkpt>
      <trkpt lat="50.657745" lon="12.764219">
        <ele>614.502756</ele>
        <time>2026-04-30T21:08:42.881Z</time>
      </trkpt>
      <trkpt lat="50.657553" lon="12.764846">
        <ele>612.850491</ele>
        <time>2026-04-30T21:08:46.899Z</time>
      </trkpt>
      <trkpt lat="50.657279" lon="12.765508">
        <ele>610.974493</ele>
        <time>2026-04-30T21:08:50.744Z</time>
      </trkpt>
      <trkpt lat="50.657029" lon="12.765877">
        <ele>609.692975</ele>
        <time>2026-04-30T21:08:53.226Z</time>
      </trkpt>
      <trkpt lat="50.656401" lon="12.766621">
        <ele>604.213442</ele>
        <time>2026-04-30T21:08:58.743Z</time>
      </trkpt>
      <trkpt lat="50.656298" lon="12.767035">
        <ele>601.725095</ele>
        <time>2026-04-30T21:09:00.696Z</time>
      </trkpt>
      <trkpt lat="50.656252" lon="12.767514">
        <ele>599.014471</ele>
        <time>2026-04-30T21:09:02.820Z</time>
      </trkpt>
      <trkpt lat="50.656186" lon="12.767894">
        <ele>596.809988</ele>
        <time>2026-04-30T21:09:04.561Z</time>
      </trkpt>
      <trkpt lat="50.656041" lon="12.768179">
        <ele>594.765389</ele>
        <time>2026-04-30T21:09:06.181Z</time>
      </trkpt>
      <trkpt lat="50.655740" lon="12.768465">
        <ele>591.633016</ele>
        <time>2026-04-30T21:09:08.630Z</time>
      </trkpt>
      <trkpt lat="50.655267" lon="12.769057">
        <ele>586.151086</ele>
        <time>2026-04-30T21:09:12.809Z</time>
      </trkpt>
      <trkpt lat="50.654807" lon="12.769721">
        <ele>580.489985</ele>
        <time>2026-04-30T21:09:17.145Z</time>
      </trkpt>
      <trkpt lat="50.654621" lon="12.769911">
        <ele>578.478122</ele>
        <time>2026-04-30T21:09:18.688Z</time>
      </trkpt>
      <trkpt lat="50.654531" lon="12.769959">
        <ele>577.615581</ele>
        <time>2026-04-30T21:09:19.355Z</time>
      </trkpt>
      <trkpt lat="50.654221" lon="12.769956">
        <ele>575.146956</ele>
        <time>2026-04-30T21:09:21.516Z</time>
      </trkpt>
      <trkpt lat="50.653788" lon="12.769856">
        <ele>572.022607</ele>
        <time>2026-04-30T21:09:24.593Z</time>
      </trkpt>
      <trkpt lat="50.653597" lon="12.769851">
        <ele>570.658782</ele>
        <time>2026-04-30T21:09:25.948Z</time>
      </trkpt>
      <trkpt lat="50.653388" lon="12.770007">
        <ele>569.007987</ele>
        <time>2026-04-30T21:09:27.606Z</time>
      </trkpt>
      <trkpt lat="50.653460" lon="12.771342">
        <ele>563.471487</ele>
        <time>2026-04-30T21:09:33.774Z</time>
      </trkpt>
      <trkpt lat="50.653480" lon="12.772057">
        <ele>562.924198</ele>
        <time>2026-04-30T21:09:37.342Z</time>
      </trkpt>
      <trkpt lat="50.653494" lon="12.772690">
        <ele>562.439850</ele>
        <time>2026-04-30T21:09:40.951Z</time>
      </trkpt>
      <trkpt lat="50.653477" lon="12.773448">
        <ele>561.859848</ele>
        <time>2026-04-30T21:09:47.088Z</time>
      </trkpt>
      <trkpt lat="50.653422" lon="12.773730">
        <ele>561.634231</ele>
        <time>2026-04-30T21:09:50.404Z</time>
      </trkpt>
      <trkpt lat="50.653321" lon="12.773944">
        <ele>561.430222</ele>
        <time>2026-04-30T21:09:53.825Z</time>
      </trkpt>
      <trkpt lat="50.653200" lon="12.774119">
        <ele>561.949787</ele>
        <time>2026-04-30T21:09:57.459Z</time>
      </trkpt>
      <trkpt lat="50.652070" lon="12.775117">
        <ele>566.711553</ele>
        <time>2026-04-30T21:10:28.626Z</time>
      </trkpt>
      <trkpt lat="50.651469" lon="12.775801">
        <ele>569.888403</ele>
        <time>2026-04-30T21:10:47.842Z</time>
      </trkpt>
      <trkpt lat="50.650806" lon="12.776642">
        <ele>574.016495</ele>
        <time>2026-04-30T21:11:11.240Z</time>
      </trkpt>
      <trkpt lat="50.650214" lon="12.777451">
        <ele>577.686691</ele>
        <time>2026-04-30T21:11:34.151Z</time>
      </trkpt>
      <trkpt lat="50.649666" lon="12.778244">
        <ele>580.854594</ele>
        <time>2026-04-30T21:11:54.183Z</time>
      </trkpt>
      <trkpt lat="50.649336" lon="12.778807">
        <ele>582.925329</ele>
        <time>2026-04-30T21:12:05.932Z</time>
      </trkpt>
      <trkpt lat="50.648725" lon="12.779851">
        <ele>586.122361</ele>
        <time>2026-04-30T21:12:25.758Z</time>
      </trkpt>
      <trkpt lat="50.648518" lon="12.780123">
        <ele>586.957616</ele>
        <time>2026-04-30T21:12:31.346Z</time>
      </trkpt>
      <trkpt lat="50.648148" lon="12.780421">
        <ele>588.245550</ele>
        <time>2026-04-30T21:12:40.053Z</time>
      </trkpt>
      <trkpt lat="50.647435" lon="12.780791">
        <ele>590.570725</ele>
        <time>2026-04-30T21:12:56.520Z</time>
      </trkpt>
      <trkpt lat="50.646887" lon="12.781277">
        <ele>592.513953</ele>
        <time>2026-04-30T21:13:10.955Z</time>
      </trkpt>
      <trkpt lat="50.646126" lon="12.781924">
        <ele>595.186117</ele>
        <time>2026-04-30T21:13:29.458Z</time>
      </trkpt>
      <trkpt lat="50.645882" lon="12.782072">
        <ele>595.931277</ele>
        <time>2026-04-30T21:13:34.889Z</time>
      </trkpt>
      <trkpt lat="50.644695" lon="12.782535">
        <ele>599.180483</ele>
        <time>2026-04-30T21:13:59.524Z</time>
      </trkpt>
      <trkpt lat="50.644459" lon="12.782643">
        <ele>599.833466</ele>
        <time>2026-04-30T21:14:04.497Z</time>
      </trkpt>
      <trkpt lat="50.644078" lon="12.782881">
        <ele>600.875490</ele>
        <time>2026-04-30T21:14:12.950Z</time>
      </trkpt>
      <trkpt lat="50.643728" lon="12.783210">
        <ele>601.873113</ele>
        <time>2026-04-30T21:14:21.363Z</time>
      </trkpt>
      <trkpt lat="50.643448" lon="12.783546">
        <ele>602.734576</ele>
        <time>2026-04-30T21:14:28.712Z</time>
      </trkpt>
      <trkpt lat="50.643160" lon="12.783997">
        <ele>603.728324</ele>
        <time>2026-04-30T21:14:36.638Z</time>
      </trkpt>
      <trkpt lat="50.642818" lon="12.784660">
        <ele>604.882140</ele>
        <time>2026-04-30T21:14:46.773Z</time>
      </trkpt>
      <trkpt lat="50.642669" lon="12.785007">
        <ele>605.187326</ele>
        <time>2026-04-30T21:14:51.409Z</time>
      </trkpt>
      <trkpt lat="50.641524" lon="12.787634">
        <ele>605.660761</ele>
        <time>2026-04-30T21:15:20.928Z</time>
      </trkpt>
      <trkpt lat="50.641341" lon="12.787933">
        <ele>605.180156</ele>
        <time>2026-04-30T21:15:23.397Z</time>
      </trkpt>
      <trkpt lat="50.641012" lon="12.788288">
        <ele>604.453099</ele>
        <time>2026-04-30T21:15:26.836Z</time>
      </trkpt>
      <trkpt lat="50.638187" lon="12.790573">
        <ele>590.216870</ele>
        <time>2026-04-30T21:15:50.913Z</time>
      </trkpt>
      <trkpt lat="50.637609" lon="12.791075">
        <ele>586.590749</ele>
        <time>2026-04-30T21:15:55.750Z</time>
      </trkpt>
      <trkpt lat="50.636195" lon="12.792637">
        <ele>576.278303</ele>
        <time>2026-04-30T21:16:08.367Z</time>
      </trkpt>
      <trkpt lat="50.635841" lon="12.793034">
        <ele>573.689042</ele>
        <time>2026-04-30T21:16:11.564Z</time>
      </trkpt>
      <trkpt lat="50.635340" lon="12.793579">
        <ele>570.320766</ele>
        <time>2026-04-30T21:16:16.078Z</time>
      </trkpt>
      <trkpt lat="50.634793" lon="12.793997">
        <ele>566.956989</ele>
        <time>2026-04-30T21:16:20.618Z</time>
      </trkpt>
      <trkpt lat="50.634115" lon="12.794507">
        <ele>562.763580</ele>
        <time>2026-04-30T21:16:26.221Z</time>
      </trkpt>
      <trkpt lat="50.634015" lon="12.794614">
        <ele>562.077512</ele>
        <time>2026-04-30T21:16:27.119Z</time>
      </trkpt>
      <trkpt lat="50.633862" lon="12.794788">
        <ele>561.006582</ele>
        <time>2026-04-30T21:16:28.517Z</time>
      </trkpt>
      <trkpt lat="50.633787" lon="12.794917">
        <ele>560.376491</ele>
        <time>2026-04-30T21:16:29.336Z</time>
      </trkpt>
      <trkpt lat="50.633595" lon="12.795382">
        <ele>558.378676</ele>
        <time>2026-04-30T21:16:31.920Z</time>
      </trkpt>
      <trkpt lat="50.633024" lon="12.797224">
        <ele>551.610739</ele>
        <time>2026-04-30T21:16:41.518Z</time>
      </trkpt>
      <trkpt lat="50.633007" lon="12.797281">
        <ele>551.430375</ele>
        <time>2026-04-30T21:16:41.826Z</time>
      </trkpt>
      <trkpt lat="50.632920" lon="12.797610">
        <ele>550.409683</ele>
        <time>2026-04-30T21:16:43.565Z</time>
      </trkpt>
      <trkpt lat="50.632802" lon="12.798110">
        <ele>548.882028</ele>
        <time>2026-04-30T21:16:46.198Z</time>
      </trkpt>
      <trkpt lat="50.632773" lon="12.798259">
        <ele>548.435727</ele>
        <time>2026-04-30T21:16:46.973Z</time>
      </trkpt>
      <trkpt lat="50.632744" lon="12.798386">
        <ele>548.049211</ele>
        <time>2026-04-30T21:16:47.653Z</time>
      </trkpt>
      <trkpt lat="50.632676" lon="12.798692">
        <ele>547.120749</ele>
        <time>2026-04-30T21:16:49.285Z</time>
      </trkpt>
      <trkpt lat="50.632611" lon="12.799024">
        <ele>546.125797</ele>
        <time>2026-04-30T21:16:51.029Z</time>
      </trkpt>
      <trkpt lat="50.632551" lon="12.799447">
        <ele>545.032383</ele>
        <time>2026-04-30T21:16:53.217Z</time>
      </trkpt>
      <trkpt lat="50.632520" lon="12.799660">
        <ele>544.499826</ele>
        <time>2026-04-30T21:16:54.325Z</time>
      </trkpt>
      <trkpt lat="50.632509" lon="12.799743">
        <ele>544.293192</ele>
        <time>2026-04-30T21:16:54.755Z</time>
      </trkpt>
      <trkpt lat="50.632444" lon="12.800244">
        <ele>543.047007</ele>
        <time>2026-04-30T21:16:57.294Z</time>
      </trkpt>
      <trkpt lat="50.632375" lon="12.800775">
        <ele>541.726115</ele>
        <time>2026-04-30T21:16:59.965Z</time>
      </trkpt>
      <trkpt lat="50.632342" lon="12.801024">
        <ele>541.106211</ele>
        <time>2026-04-30T21:17:01.220Z</time>
      </trkpt>
      <trkpt lat="50.632325" lon="12.801158">
        <ele>540.773193</ele>
        <time>2026-04-30T21:17:01.900Z</time>
      </trkpt>
      <trkpt lat="50.632271" lon="12.801559">
        <ele>539.774196</ele>
        <time>2026-04-30T21:17:03.938Z</time>
      </trkpt>
      <trkpt lat="50.632258" lon="12.801657">
        <ele>539.530208</ele>
        <time>2026-04-30T21:17:04.437Z</time>
      </trkpt>
      <trkpt lat="50.632182" lon="12.802228">
        <ele>538.244367</ele>
        <time>2026-04-30T21:17:07.354Z</time>
      </trkpt>
      <trkpt lat="50.632172" lon="12.802298">
        <ele>538.097223</ele>
        <time>2026-04-30T21:17:07.715Z</time>
      </trkpt>
      <trkpt lat="50.632135" lon="12.802570">
        <ele>537.526751</ele>
        <time>2026-04-30T21:17:09.127Z</time>
      </trkpt>
      <trkpt lat="50.632106" lon="12.802786">
        <ele>537.073987</ele>
        <time>2026-04-30T21:17:10.249Z</time>
      </trkpt>
      <trkpt lat="50.632076" lon="12.803009">
        <ele>536.606510</ele>
        <time>2026-04-30T21:17:11.413Z</time>
      </trkpt>
      <trkpt lat="50.631986" lon="12.803684">
        <ele>535.192037</ele>
        <time>2026-04-30T21:17:14.961Z</time>
      </trkpt>
      <trkpt lat="50.631912" lon="12.804205">
        <ele>534.097162</ele>
        <time>2026-04-30T21:17:17.753Z</time>
      </trkpt>
      <trkpt lat="50.631825" lon="12.804738">
        <ele>532.955546</ele>
        <time>2026-04-30T21:17:20.670Z</time>
      </trkpt>
      <trkpt lat="50.631778" lon="12.804971">
        <ele>532.418517</ele>
        <time>2026-04-30T21:17:21.960Z</time>
      </trkpt>
      <trkpt lat="50.631729" lon="12.805209">
        <ele>531.868914</ele>
        <time>2026-04-30T21:17:23.289Z</time>
      </trkpt>
      <trkpt lat="50.631594" lon="12.805704">
        <ele>530.685429</ele>
        <time>2026-04-30T21:17:26.152Z</time>
      </trkpt>
      <trkpt lat="50.631495" lon="12.806050">
        <ele>529.851711</ele>
        <time>2026-04-30T21:17:28.131Z</time>
      </trkpt>
      <trkpt lat="50.631375" lon="12.806459">
        <ele>528.861908</ele>
        <time>2026-04-30T21:17:30.421Z</time>
      </trkpt>
      <trkpt lat="50.631279" lon="12.806797">
        <ele>528.048473</ele>
        <time>2026-04-30T21:17:32.259Z</time>
      </trkpt>
      <trkpt lat="50.631164" lon="12.807183">
        <ele>527.111770</ele>
        <time>2026-04-30T21:17:34.320Z</time>
      </trkpt>
      <trkpt lat="50.631052" lon="12.807564">
        <ele>526.307892</ele>
        <time>2026-04-30T21:17:36.310Z</time>
      </trkpt>
      <trkpt lat="50.630950" lon="12.807901">
        <ele>525.620218</ele>
        <time>2026-04-30T21:17:38.074Z</time>
      </trkpt>
      <trkpt lat="50.630604" lon="12.809034">
        <ele>523.304378</ele>
        <time>2026-04-30T21:17:44.307Z</time>
      </trkpt>
      <trkpt lat="50.630503" lon="12.809281">
        <ele>522.763157</ele>
        <time>2026-04-30T21:17:45.981Z</time>
      </trkpt>
      <trkpt lat="50.630475" lon="12.809334">
        <ele>522.636128</ele>
        <time>2026-04-30T21:17:46.398Z</time>
      </trkpt>
      <trkpt lat="50.630448" lon="12.809389">
        <ele>522.508045</ele>
        <time>2026-04-30T21:17:46.816Z</time>
      </trkpt>
      <trkpt lat="50.630378" lon="12.809531">
        <ele>522.176838</ele>
        <time>2026-04-30T21:17:48.009Z</time>
      </trkpt>
      <trkpt lat="50.630055" lon="12.810142">
        <ele>522.522690</ele>
        <time>2026-04-30T21:17:55.313Z</time>
      </trkpt>
      <trkpt lat="50.629973" lon="12.810424">
        <ele>522.997716</ele>
        <time>2026-04-30T21:17:59.212Z</time>
      </trkpt>
      <trkpt lat="50.630024" lon="12.811326">
        <ele>524.384395</ele>
        <time>2026-04-30T21:18:12.478Z</time>
      </trkpt>
      <trkpt lat="50.630033" lon="12.812011">
        <ele>525.433538</ele>
        <time>2026-04-30T21:18:22.934Z</time>
      </trkpt>
      <trkpt lat="50.629998" lon="12.812430">
        <ele>526.068839</ele>
        <time>2026-04-30T21:18:28.856Z</time>
      </trkpt>
      <trkpt lat="50.629961" lon="12.812729">
        <ele>526.390237</ele>
        <time>2026-04-30T21:18:32.657Z</time>
      </trkpt>
      <trkpt lat="50.629880" lon="12.813191">
        <ele>526.895934</ele>
        <time>2026-04-30T21:18:38.189Z</time>
      </trkpt>
      <trkpt lat="50.629821" lon="12.813494">
        <ele>527.230328</ele>
        <time>2026-04-30T21:18:41.642Z</time>
      </trkpt>
      <trkpt lat="50.629791" lon="12.813828">
        <ele>527.586222</ele>
        <time>2026-04-30T21:18:45.187Z</time>
      </trkpt>
      <trkpt lat="50.629710" lon="12.814435">
        <ele>528.240641</ele>
        <time>2026-04-30T21:18:51.380Z</time>
      </trkpt>
      <trkpt lat="50.629504" lon="12.815471">
        <ele>529.225140</ele>
        <time>2026-04-30T21:19:01.596Z</time>
      </trkpt>
      <trkpt lat="50.629490" lon="12.815554">
        <ele>529.274312</ele>
        <time>2026-04-30T21:19:02.369Z</time>
      </trkpt>
      <trkpt lat="50.629175" lon="12.817613">
        <ele>530.486976</ele>
        <time>2026-04-30T21:19:23.056Z</time>
      </trkpt>
      <trkpt lat="50.629118" lon="12.818095">
        <ele>530.734604</ele>
        <time>2026-04-30T21:19:27.231Z</time>
      </trkpt>
      <trkpt lat="50.629075" lon="12.819428">
        <ele>531.269144</ele>
        <time>2026-04-30T21:19:37.309Z</time>
      </trkpt>
      <trkpt lat="50.629072" lon="12.819509">
        <ele>531.301639</ele>
        <time>2026-04-30T21:19:37.903Z</time>
      </trkpt>
      <trkpt lat="50.629021" lon="12.820716">
        <ele>531.786098</ele>
        <time>2026-04-30T21:19:48.936Z</time>
      </trkpt>
      <trkpt lat="50.628914" lon="12.821743">
        <ele>533.013861</ele>
        <time>2026-04-30T21:20:00.962Z</time>
      </trkpt>
      <trkpt lat="50.628629" lon="12.823384">
        <ele>535.043764</ele>
        <time>2026-04-30T21:20:21.917Z</time>
      </trkpt>
      <trkpt lat="50.628388" lon="12.824513">
        <ele>535.969967</ele>
        <time>2026-04-30T21:20:33.233Z</time>
      </trkpt>
      <trkpt lat="50.628373" lon="12.824580">
        <ele>536.022180</ele>
        <time>2026-04-30T21:20:33.863Z</time>
      </trkpt>
      <trkpt lat="50.628328" lon="12.824785">
        <ele>536.181595</ele>
        <time>2026-04-30T21:20:35.857Z</time>
      </trkpt>
      <trkpt lat="50.628304" lon="12.824894">
        <ele>536.266385</ele>
        <time>2026-04-30T21:20:36.901Z</time>
      </trkpt>
      <trkpt lat="50.628248" lon="12.825154">
        <ele>536.468167</ele>
        <time>2026-04-30T21:20:39.385Z</time>
      </trkpt>
      <trkpt lat="50.628222" lon="12.825266">
        <ele>536.555812</ele>
        <time>2026-04-30T21:20:40.449Z</time>
      </trkpt>
      <trkpt lat="50.628221" lon="12.825463">
        <ele>536.700588</ele>
        <time>2026-04-30T21:20:42.209Z</time>
      </trkpt>
      <trkpt lat="50.628303" lon="12.825806">
        <ele>536.969959</ele>
        <time>2026-04-30T21:20:45.775Z</time>
      </trkpt>
      <trkpt lat="50.627915" lon="12.826349">
        <ele>537.837329</ele>
        <time>2026-04-30T21:20:54.514Z</time>
      </trkpt>
      <trkpt lat="50.627683" lon="12.826723">
        <ele>538.550646</ele>
        <time>2026-04-30T21:21:01.176Z</time>
      </trkpt>
      <trkpt lat="50.627315" lon="12.827314">
        <ele>539.679934</ele>
        <time>2026-04-30T21:21:13.747Z</time>
      </trkpt>
      <trkpt lat="50.627127" lon="12.827609">
        <ele>540.250155</ele>
        <time>2026-04-30T21:21:20.355Z</time>
      </trkpt>
      <trkpt lat="50.626978" lon="12.827777">
        <ele>540.643950</ele>
        <time>2026-04-30T21:21:24.935Z</time>
      </trkpt>
      <trkpt lat="50.626834" lon="12.827881">
        <ele>540.984441</ele>
        <time>2026-04-30T21:21:28.987Z</time>
      </trkpt>
      <trkpt lat="50.626784" lon="12.827910">
        <ele>541.098967</ele>
        <time>2026-04-30T21:21:30.352Z</time>
      </trkpt>
      <trkpt lat="50.626277" lon="12.828205">
        <ele>542.931234</ele>
        <time>2026-04-30T21:21:43.097Z</time>
      </trkpt>
      <trkpt lat="50.625560" lon="12.828623">
        <ele>545.545804</ele>
        <time>2026-04-30T21:22:04.519Z</time>
      </trkpt>
      <trkpt lat="50.625160" lon="12.828856">
        <ele>547.004277</ele>
        <time>2026-04-30T21:22:17.469Z</time>
      </trkpt>
      <trkpt lat="50.624724" lon="12.829111">
        <ele>548.602478</ele>
        <time>2026-04-30T21:22:30.304Z</time>
      </trkpt>
      <trkpt lat="50.624386" lon="12.829308">
        <ele>549.842170</ele>
        <time>2026-04-30T21:22:38.927Z</time>
      </trkpt>
      <trkpt lat="50.624343" lon="12.829333">
        <ele>549.999836</ele>
        <time>2026-04-30T21:22:40.039Z</time>
      </trkpt>
      <trkpt lat="50.623731" lon="12.829689">
        <ele>552.243961</ele>
        <time>2026-04-30T21:22:56.261Z</time>
      </trkpt>
      <trkpt lat="50.623445" lon="12.829899">
        <ele>553.329340</ele>
        <time>2026-04-30T21:23:02.510Z</time>
      </trkpt>
      <trkpt lat="50.623032" lon="12.830310">
        <ele>554.193588</ele>
        <time>2026-04-30T21:23:10.690Z</time>
      </trkpt>
      <trkpt lat="50.622960" lon="12.830393">
        <ele>554.338303</ele>
        <time>2026-04-30T21:23:12.208Z</time>
      </trkpt>
      <trkpt lat="50.622138" lon="12.831450">
        <ele>556.059358</ele>
        <time>2026-04-30T21:23:29.179Z</time>
      </trkpt>
      <trkpt lat="50.621703" lon="12.831893">
        <ele>557.293382</ele>
        <time>2026-04-30T21:23:37.424Z</time>
      </trkpt>
      <trkpt lat="50.621380" lon="12.832165">
        <ele>558.340750</ele>
        <time>2026-04-30T21:23:44.623Z</time>
      </trkpt>
      <trkpt lat="50.621160" lon="12.832332">
        <ele>559.039124</ele>
        <time>2026-04-30T21:23:49.858Z</time>
      </trkpt>
      <trkpt lat="50.620944" lon="12.832498">
        <ele>559.726413</ele>
        <time>2026-04-30T21:23:55.203Z</time>
      </trkpt>
      <trkpt lat="50.620344" lon="12.832956">
        <ele>561.598754</ele>
        <time>2026-04-30T21:24:11.512Z</time>
      </trkpt>
      <trkpt lat="50.619885" lon="12.833306">
        <ele>562.582727</ele>
        <time>2026-04-30T21:24:24.005Z</time>
      </trkpt>
      <trkpt lat="50.619754" lon="12.833403">
        <ele>562.862033</ele>
        <time>2026-04-30T21:24:27.122Z</time>
      </trkpt>
      <trkpt lat="50.619406" lon="12.833645">
        <ele>563.596049</ele>
        <time>2026-04-30T21:24:34.390Z</time>
      </trkpt>
      <trkpt lat="50.619214" lon="12.833752">
        <ele>563.989043</ele>
        <time>2026-04-30T21:24:37.746Z</time>
      </trkpt>
      <trkpt lat="50.619028" lon="12.833857">
        <ele>564.370307</ele>
        <time>2026-04-30T21:24:40.720Z</time>
      </trkpt>
      <trkpt lat="50.618788" lon="12.833946">
        <ele>564.846096</ele>
        <time>2026-04-30T21:24:43.665Z</time>
      </trkpt>
      <trkpt lat="50.618037" lon="12.834189">
        <ele>565.255885</ele>
        <time>2026-04-30T21:24:50.737Z</time>
      </trkpt>
      <trkpt lat="50.618088" lon="12.834584">
        <ele>565.351613</ele>
        <time>2026-04-30T21:24:53.136Z</time>
      </trkpt>
      <trkpt lat="50.618132" lon="12.834924">
        <ele>565.434019</ele>
        <time>2026-04-30T21:24:55.609Z</time>
      </trkpt>
      <trkpt lat="50.618193" lon="12.835400">
        <ele>565.549342</ele>
        <time>2026-04-30T21:24:59.827Z</time>
      </trkpt>
      <trkpt lat="50.618215" lon="12.835573">
        <ele>565.591243</ele>
        <time>2026-04-30T21:25:01.541Z</time>
      </trkpt>
      <trkpt lat="50.618240" lon="12.835795">
        <ele>565.644788</ele>
        <time>2026-04-30T21:25:03.974Z</time>
      </trkpt>
      <trkpt lat="50.618371" lon="12.837592">
        <ele>572.122841</ele>
        <time>2026-04-30T21:25:36.524Z</time>
      </trkpt>
      <trkpt lat="50.618484" lon="12.839397">
        <ele>579.656175</ele>
        <time>2026-04-30T21:26:21.123Z</time>
      </trkpt>
      <trkpt lat="50.618524" lon="12.839763">
        <ele>581.417391</ele>
        <time>2026-04-30T21:26:30.275Z</time>
      </trkpt>
      <trkpt lat="50.618588" lon="12.840087">
        <ele>583.026611</ele>
        <time>2026-04-30T21:26:38.365Z</time>
      </trkpt>
      <trkpt lat="50.618687" lon="12.840461">
        <ele>584.948365</ele>
        <time>2026-04-30T21:26:47.616Z</time>
      </trkpt>
      <trkpt lat="50.618875" lon="12.840977">
        <ele>587.770089</ele>
        <time>2026-04-30T21:27:00.649Z</time>
      </trkpt>
      <trkpt lat="50.619010" lon="12.841228">
        <ele>589.330505</ele>
        <time>2026-04-30T21:27:07.413Z</time>
      </trkpt>
      <trkpt lat="50.619186" lon="12.841501">
        <ele>590.925383</ele>
        <time>2026-04-30T21:27:15.130Z</time>
      </trkpt>
      <trkpt lat="50.619785" lon="12.842216">
        <ele>595.436786</ele>
        <time>2026-04-30T21:27:36.879Z</time>
      </trkpt>
      <trkpt lat="50.620542" lon="12.843092">
        <ele>601.150679</ele>
        <time>2026-04-30T21:28:06.242Z</time>
      </trkpt>
      <trkpt lat="50.621139" lon="12.843795">
        <ele>606.524449</ele>
        <time>2026-04-30T21:28:31.986Z</time>
      </trkpt>
      <trkpt lat="50.621371" lon="12.844152">
        <ele>608.862486</ele>
        <time>2026-04-30T21:28:43.974Z</time>
      </trkpt>
      <trkpt lat="50.621568" lon="12.844522">
        <ele>611.072336</ele>
        <time>2026-04-30T21:28:55.350Z</time>
      </trkpt>
      <trkpt lat="50.621810" lon="12.845109">
        <ele>614.265850</ele>
        <time>2026-04-30T21:29:11.283Z</time>
      </trkpt>
      <trkpt lat="50.622127" lon="12.846160">
        <ele>619.508996</ele>
        <time>2026-04-30T21:29:36.907Z</time>
      </trkpt>
      <trkpt lat="50.622335" lon="12.847119">
        <ele>624.075243</ele>
        <time>2026-04-30T21:29:59.054Z</time>
      </trkpt>
      <trkpt lat="50.622429" lon="12.847655">
        <ele>626.576777</ele>
        <time>2026-04-30T21:30:11.246Z</time>
      </trkpt>
      <trkpt lat="50.622605" lon="12.849021">
        <ele>632.675943</ele>
        <time>2026-04-30T21:30:40.499Z</time>
      </trkpt>
      <trkpt lat="50.622624" lon="12.849606">
        <ele>635.239050</ele>
        <time>2026-04-30T21:30:53.197Z</time>
      </trkpt>
      <trkpt lat="50.622566" lon="12.850216">
        <ele>637.938008</ele>
        <time>2026-04-30T21:31:06.969Z</time>
      </trkpt>
      <trkpt lat="50.622499" lon="12.850584">
        <ele>639.674774</ele>
        <time>2026-04-30T21:31:15.384Z</time>
      </trkpt>
      <trkpt lat="50.622177" lon="12.851820">
        <ele>645.992006</ele>
        <time>2026-04-30T21:31:44.639Z</time>
      </trkpt>
      <trkpt lat="50.621833" lon="12.853090">
        <ele>652.559658</ele>
        <time>2026-04-30T21:32:17.118Z</time>
      </trkpt>
      <trkpt lat="50.621761" lon="12.853444">
        <ele>654.571594</ele>
        <time>2026-04-30T21:32:25.848Z</time>
      </trkpt>
      <trkpt lat="50.621703" lon="12.853984">
        <ele>657.535732</ele>
        <time>2026-04-30T21:32:38.849Z</time>
      </trkpt>
      <trkpt lat="50.621712" lon="12.855178">
        <ele>663.998278</ele>
        <time>2026-04-30T21:33:09.800Z</time>
      </trkpt>
      <trkpt lat="50.621632" lon="12.855771">
        <ele>667.279433</ele>
        <time>2026-04-30T21:33:26.095Z</time>
      </trkpt>
      <trkpt lat="50.621564" lon="12.856012">
        <ele>668.499366</ele>
        <time>2026-04-30T21:33:32.684Z</time>
      </trkpt>
      <trkpt lat="50.621192" lon="12.856964">
        <ele>673.419542</ele>
        <time>2026-04-30T21:33:58.184Z</time>
      </trkpt>
      <trkpt lat="50.620961" lon="12.857520">
        <ele>676.344206</ele>
        <time>2026-04-30T21:34:12.020Z</time>
      </trkpt>
      <trkpt lat="50.620848" lon="12.857890">
        <ele>678.151255</ele>
        <time>2026-04-30T21:34:20.068Z</time>
      </trkpt>
      <trkpt lat="50.620756" lon="12.858277">
        <ele>679.969920</ele>
        <time>2026-04-30T21:34:27.742Z</time>
      </trkpt>
      <trkpt lat="50.620491" lon="12.859737">
        <ele>685.377234</ele>
        <time>2026-04-30T21:34:55.509Z</time>
      </trkpt>
      <trkpt lat="50.619554" lon="12.864911">
        <ele>705.128844</ele>
        <time>2026-04-30T21:36:39.577Z</time>
      </trkpt>
      <trkpt lat="50.619482" lon="12.865612">
        <ele>707.818630</ele>
        <time>2026-04-30T21:36:53.062Z</time>
      </trkpt>
      <trkpt lat="50.619477" lon="12.866286">
        <ele>710.371755</ele>
        <time>2026-04-30T21:37:06.253Z</time>
      </trkpt>
      <trkpt lat="50.619782" lon="12.870234">
        <ele>725.291561</ele>
        <time>2026-04-30T21:38:31.623Z</time>
      </trkpt>
      <trkpt lat="50.619870" lon="12.871385">
        <ele>727.746467</ele>
        <time>2026-04-30T21:38:48.537Z</time>
      </trkpt>
      <trkpt lat="50.619919" lon="12.872012">
        <ele>729.084189</ele>
        <time>2026-04-30T21:38:54.533Z</time>
      </trkpt>
      <trkpt lat="50.620193" lon="12.875556">
        <ele>724.969883</ele>
        <time>2026-04-30T21:39:14.066Z</time>
      </trkpt>
      <trkpt lat="50.620340" lon="12.877465">
        <ele>721.626470</ele>
        <time>2026-04-30T21:39:24.115Z</time>
      </trkpt>
      <trkpt lat="50.620640" lon="12.881155">
        <ele>715.040335</ele>
        <time>2026-04-30T21:39:43.456Z</time>
      </trkpt>
      <trkpt lat="50.620736" lon="12.882540">
        <ele>713.275141</ele>
        <time>2026-04-30T21:39:51.241Z</time>
      </trkpt>
      <trkpt lat="50.620793" lon="12.883286">
        <ele>712.323154</ele>
        <time>2026-04-30T21:39:55.692Z</time>
      </trkpt>
      <trkpt lat="50.621157" lon="12.887768">
        <ele>709.030504</ele>
        <time>2026-04-30T21:40:23.272Z</time>
      </trkpt>
      <trkpt lat="50.621299" lon="12.888577">
        <ele>708.452519</ele>
        <time>2026-04-30T21:40:28.477Z</time>
      </trkpt>
      <trkpt lat="50.621855" lon="12.891225">
        <ele>706.668313</ele>
        <time>2026-04-30T21:40:45.832Z</time>
      </trkpt>
      <trkpt lat="50.622979" lon="12.896568">
        <ele>702.651892</ele>
        <time>2026-04-30T21:41:20.427Z</time>
      </trkpt>
      <trkpt lat="50.623778" lon="12.900338">
        <ele>697.444994</ele>
        <time>2026-04-30T21:41:43.027Z</time>
      </trkpt>
      <trkpt lat="50.624440" lon="12.903459">
        <ele>688.192212</ele>
        <time>2026-04-30T21:41:59.102Z</time>
      </trkpt>
      <trkpt lat="50.625219" lon="12.907114">
        <ele>672.649238</ele>
        <time>2026-04-30T21:42:16.761Z</time>
      </trkpt>
      <trkpt lat="50.625251" lon="12.907280">
        <ele>671.902590</ele>
        <time>2026-04-30T21:42:17.555Z</time>
      </trkpt>
      <trkpt lat="50.625303" lon="12.907556">
        <ele>670.663529</ele>
        <time>2026-04-30T21:42:18.869Z</time>
      </trkpt>
      <trkpt lat="50.625329" lon="12.907749">
        <ele>669.814420</ele>
        <time>2026-04-30T21:42:19.771Z</time>
      </trkpt>
      <trkpt lat="50.625340" lon="12.908083">
        <ele>668.323261</ele>
        <time>2026-04-30T21:42:21.297Z</time>
      </trkpt>
      <trkpt lat="50.625312" lon="12.909074">
        <ele>663.846176</ele>
        <time>2026-04-30T21:42:25.834Z</time>
      </trkpt>
      <trkpt lat="50.625214" lon="12.911327">
        <ele>653.963527</ele>
        <time>2026-04-30T21:42:36.059Z</time>
      </trkpt>
      <trkpt lat="50.625168" lon="12.912395">
        <ele>649.632773</ele>
        <time>2026-04-30T21:42:41.010Z</time>
      </trkpt>
      <trkpt lat="50.625147" lon="12.913136">
        <ele>646.631917</ele>
        <time>2026-04-30T21:42:44.485Z</time>
      </trkpt>
      <trkpt lat="50.625202" lon="12.913844">
        <ele>643.656449</ele>
        <time>2026-04-30T21:42:47.832Z</time>
      </trkpt>
      <trkpt lat="50.625302" lon="12.914370">
        <ele>641.295140</ele>
        <time>2026-04-30T21:42:50.406Z</time>
      </trkpt>
      <trkpt lat="50.625344" lon="12.914568">
        <ele>640.397358</ele>
        <time>2026-04-30T21:42:51.377Z</time>
      </trkpt>
      <trkpt lat="50.625685" lon="12.916031">
        <ele>633.694952</ele>
        <time>2026-04-30T21:42:58.478Z</time>
      </trkpt>
      <trkpt lat="50.625767" lon="12.916640">
        <ele>630.362743</ele>
        <time>2026-04-30T21:43:01.248Z</time>
      </trkpt>
      <trkpt lat="50.625778" lon="12.917166">
        <ele>627.344086</ele>
        <time>2026-04-30T21:43:03.576Z</time>
      </trkpt>
      <trkpt lat="50.625581" lon="12.919588">
        <ele>613.786349</ele>
        <time>2026-04-30T21:43:14.298Z</time>
      </trkpt>
      <trkpt lat="50.625453" lon="12.920281">
        <ele>610.195314</ele>
        <time>2026-04-30T21:43:17.486Z</time>
      </trkpt>
      <trkpt lat="50.625426" lon="12.920384">
        <ele>609.640833</ele>
        <time>2026-04-30T21:43:17.984Z</time>
      </trkpt>
      <trkpt lat="50.625407" lon="12.920461">
        <ele>609.229776</ele>
        <time>2026-04-30T21:43:18.354Z</time>
      </trkpt>
      <trkpt lat="50.625209" lon="12.920923">
        <ele>606.455817</ele>
        <time>2026-04-30T21:43:20.873Z</time>
      </trkpt>
      <trkpt lat="50.625179" lon="12.921012">
        <ele>605.954388</ele>
        <time>2026-04-30T21:43:21.335Z</time>
      </trkpt>
      <trkpt lat="50.625144" lon="12.921147">
        <ele>605.228796</ele>
        <time>2026-04-30T21:43:21.999Z</time>
      </trkpt>
      <trkpt lat="50.625080" lon="12.921669">
        <ele>602.600764</ele>
        <time>2026-04-30T21:43:24.456Z</time>
      </trkpt>
      <trkpt lat="50.625096" lon="12.921828">
        <ele>602.294847</ele>
        <time>2026-04-30T21:43:25.216Z</time>
      </trkpt>
      <trkpt lat="50.624855" lon="12.922040">
        <ele>601.468158</ele>
        <time>2026-04-30T21:43:27.323Z</time>
      </trkpt>
      <trkpt lat="50.624298" lon="12.922517">
        <ele>599.569402</ele>
        <time>2026-04-30T21:43:32.340Z</time>
      </trkpt>
      <trkpt lat="50.624220" lon="12.922675">
        <ele>599.188962</ele>
        <time>2026-04-30T21:43:33.389Z</time>
      </trkpt>
      <trkpt lat="50.624189" lon="12.922981">
        <ele>598.600108</ele>
        <time>2026-04-30T21:43:35.101Z</time>
      </trkpt>
      <trkpt lat="50.624164" lon="12.923140">
        <ele>598.288821</ele>
        <time>2026-04-30T21:43:36.050Z</time>
      </trkpt>
      <trkpt lat="50.624123" lon="12.923238">
        <ele>598.065743</ele>
        <time>2026-04-30T21:43:36.759Z</time>
      </trkpt>
      <trkpt lat="50.624036" lon="12.923306">
        <ele>597.774866</ele>
        <time>2026-04-30T21:43:37.703Z</time>
      </trkpt>
      <trkpt lat="50.623816" lon="12.923384">
        <ele>597.363822</ele>
        <time>2026-04-30T21:43:40.215Z</time>
      </trkpt>
      <trkpt lat="50.623605" lon="12.923454">
        <ele>598.091721</ele>
        <time>2026-04-30T21:43:43.094Z</time>
      </trkpt>
      <trkpt lat="50.623600" lon="12.923714">
        <ele>598.648805</ele>
        <time>2026-04-30T21:43:45.701Z</time>
      </trkpt>
      <trkpt lat="50.623711" lon="12.924464">
        <ele>600.298168</ele>
        <time>2026-04-30T21:43:54.632Z</time>
      </trkpt>
      <trkpt lat="50.623742" lon="12.924510">
        <ele>600.441893</ele>
        <time>2026-04-30T21:43:55.630Z</time>
      </trkpt>
      <trkpt lat="50.623798" lon="12.924559">
        <ele>600.658112</ele>
        <time>2026-04-30T21:43:57.143Z</time>
      </trkpt>
      <trkpt lat="50.624317" lon="12.924888">
        <ele>602.546523</ele>
        <time>2026-04-30T21:44:13.338Z</time>
      </trkpt>
      <trkpt lat="50.624542" lon="12.925074">
        <ele>603.514268</ele>
        <time>2026-04-30T21:44:22.281Z</time>
      </trkpt>
      <trkpt lat="50.624808" lon="12.925427">
        <ele>605.877746</ele>
        <time>2026-04-30T21:44:34.637Z</time>
      </trkpt>
      <trkpt lat="50.624935" lon="12.925658">
        <ele>607.195843</ele>
        <time>2026-04-30T21:44:41.618Z</time>
      </trkpt>
      <trkpt lat="50.625014" lon="12.925831">
        <ele>608.114996</ele>
        <time>2026-04-30T21:44:46.514Z</time>
      </trkpt>
      <trkpt lat="50.625144" lon="12.926174">
        <ele>609.837888</ele>
        <time>2026-04-30T21:44:55.831Z</time>
      </trkpt>
      <trkpt lat="50.625204" lon="12.926369">
        <ele>610.772423</ele>
        <time>2026-04-30T21:45:00.890Z</time>
      </trkpt>
      <trkpt lat="50.625441" lon="12.927175">
        <ele>614.603118</ele>
        <time>2026-04-30T21:45:20.458Z</time>
      </trkpt>
      <trkpt lat="50.625918" lon="12.928779">
        <ele>618.484867</ele>
        <time>2026-04-30T21:45:50.253Z</time>
      </trkpt>
      <trkpt lat="50.625963" lon="12.928948">
        <ele>618.833379</ele>
        <time>2026-04-30T21:45:52.710Z</time>
      </trkpt>
      <trkpt lat="50.626083" lon="12.929370">
        <ele>619.712734</ele>
        <time>2026-04-30T21:45:58.348Z</time>
      </trkpt>
      <trkpt lat="50.626252" lon="12.929963">
        <ele>620.852916</ele>
        <time>2026-04-30T21:46:03.936Z</time>
      </trkpt>
      <trkpt lat="50.626350" lon="12.930367">
        <ele>619.505867</ele>
        <time>2026-04-30T21:46:06.452Z</time>
      </trkpt>
      <trkpt lat="50.626377" lon="12.930620">
        <ele>618.706863</ele>
        <time>2026-04-30T21:46:07.799Z</time>
      </trkpt>
      <trkpt lat="50.626374" lon="12.930869">
        <ele>617.931249</ele>
        <time>2026-04-30T21:46:09.057Z</time>
      </trkpt>
      <trkpt lat="50.626322" lon="12.931213">
        <ele>616.829914</ele>
        <time>2026-04-30T21:46:10.777Z</time>
      </trkpt>
      <trkpt lat="50.625778" lon="12.933434">
        <ele>607.741687</ele>
        <time>2026-04-30T21:46:21.560Z</time>
      </trkpt>
      <trkpt lat="50.625651" lon="12.934041">
        <ele>604.502066</ele>
        <time>2026-04-30T21:46:24.439Z</time>
      </trkpt>
      <trkpt lat="50.625648" lon="12.934096">
        <ele>604.222267</ele>
        <time>2026-04-30T21:46:24.686Z</time>
      </trkpt>
      <trkpt lat="50.625651" lon="12.934272">
        <ele>603.329878</ele>
        <time>2026-04-30T21:46:25.484Z</time>
      </trkpt>
      <trkpt lat="50.625689" lon="12.934547">
        <ele>601.903342</ele>
        <time>2026-04-30T21:46:26.746Z</time>
      </trkpt>
      <trkpt lat="50.625936" lon="12.935128">
        <ele>598.358411</ele>
        <time>2026-04-30T21:46:29.849Z</time>
      </trkpt>
      <trkpt lat="50.626020" lon="12.935403">
        <ele>596.616990</ele>
        <time>2026-04-30T21:46:31.195Z</time>
      </trkpt>
      <trkpt lat="50.626058" lon="12.935687">
        <ele>594.828173</ele>
        <time>2026-04-30T21:46:32.471Z</time>
      </trkpt>
      <trkpt lat="50.626056" lon="12.935936">
        <ele>593.293450</ele>
        <time>2026-04-30T21:46:33.562Z</time>
      </trkpt>
      <trkpt lat="50.625996" lon="12.936340">
        <ele>590.736253</ele>
        <time>2026-04-30T21:46:35.378Z</time>
      </trkpt>
      <trkpt lat="50.625841" lon="12.936879">
        <ele>587.088988</ele>
        <time>2026-04-30T21:46:37.953Z</time>
      </trkpt>
      <trkpt lat="50.625806" lon="12.937014">
        <ele>586.190172</ele>
        <time>2026-04-30T21:46:38.582Z</time>
      </trkpt>
      <trkpt lat="50.625765" lon="12.937390">
        <ele>583.838867</ele>
        <time>2026-04-30T21:46:40.241Z</time>
      </trkpt>
      <trkpt lat="50.625777" lon="12.937761">
        <ele>581.549390</ele>
        <time>2026-04-30T21:46:41.863Z</time>
      </trkpt>
      <trkpt lat="50.625858" lon="12.938175">
        <ele>579.058997</ele>
        <time>2026-04-30T21:46:43.771Z</time>
      </trkpt>
      <trkpt lat="50.626046" lon="12.938636">
        <ele>576.128252</ele>
        <time>2026-04-30T21:46:46.204Z</time>
      </trkpt>
      <trkpt lat="50.626123" lon="12.938814">
        <ele>574.976117</ele>
        <time>2026-04-30T21:46:47.165Z</time>
      </trkpt>
      <trkpt lat="50.627015" lon="12.940774">
        <ele>562.149767</ele>
        <time>2026-04-30T21:46:57.983Z</time>
      </trkpt>
      <trkpt lat="50.627327" lon="12.941400">
        <ele>557.996581</ele>
        <time>2026-04-30T21:47:01.507Z</time>
      </trkpt>
      <trkpt lat="50.627788" lon="12.942450">
        <ele>551.334853</ele>
        <time>2026-04-30T21:47:07.161Z</time>
      </trkpt>
      <trkpt lat="50.628181" lon="12.943368">
        <ele>548.744391</ele>
        <time>2026-04-30T21:47:12.236Z</time>
      </trkpt>
      <trkpt lat="50.628364" lon="12.943992">
        <ele>547.576394</ele>
        <time>2026-04-30T21:47:15.614Z</time>
      </trkpt>
      <trkpt lat="50.628387" lon="12.944102">
        <ele>547.379613</ele>
        <time>2026-04-30T21:47:16.228Z</time>
      </trkpt>
      <trkpt lat="50.628423" lon="12.944310">
        <ele>547.013303</ele>
        <time>2026-04-30T21:47:17.451Z</time>
      </trkpt>
      <trkpt lat="50.628419" lon="12.944660">
        <ele>546.418556</ele>
        <time>2026-04-30T21:47:19.950Z</time>
      </trkpt>
      <trkpt lat="50.628324" lon="12.945230">
        <ele>545.622394</ele>
        <time>2026-04-30T21:47:26.992Z</time>
      </trkpt>
      <trkpt lat="50.628402" lon="12.945445">
        <ele>546.961326</ele>
        <time>2026-04-30T21:47:30.961Z</time>
      </trkpt>
      <trkpt lat="50.628473" lon="12.945650">
        <ele>548.223959</ele>
        <time>2026-04-30T21:47:35.139Z</time>
      </trkpt>
      <trkpt lat="50.628530" lon="12.945852">
        <ele>549.419122</ele>
        <time>2026-04-30T21:47:39.557Z</time>
      </trkpt>
      <trkpt lat="50.628667" lon="12.946661">
        <ele>553.945661</ele>
        <time>2026-04-30T21:47:59.746Z</time>
      </trkpt>
      <trkpt lat="50.628745" lon="12.946971">
        <ele>555.748506</ele>
        <time>2026-04-30T21:48:09.395Z</time>
      </trkpt>
      <trkpt lat="50.629025" lon="12.947477">
        <ele>559.378392</ele>
        <time>2026-04-30T21:48:31.395Z</time>
      </trkpt>
      <trkpt lat="50.629804" lon="12.948526">
        <ele>570.456959</ele>
        <time>2026-04-30T21:49:26.146Z</time>
      </trkpt>
      <trkpt lat="50.629994" lon="12.948989">
        <ele>574.394634</ele>
        <time>2026-04-30T21:49:44.021Z</time>
      </trkpt>
      <trkpt lat="50.630660" lon="12.950360">
        <ele>584.215239</ele>
        <time>2026-04-30T21:50:28.399Z</time>
      </trkpt>
      <trkpt lat="50.630720" lon="12.950479">
        <ele>584.821292</ele>
        <time>2026-04-30T21:50:31.412Z</time>
      </trkpt>
      <trkpt lat="50.631129" lon="12.951223">
        <ele>588.746400</ele>
        <time>2026-04-30T21:50:49.947Z</time>
      </trkpt>
      <trkpt lat="50.631538" lon="12.951569">
        <ele>591.663773</ele>
        <time>2026-04-30T21:51:02.601Z</time>
      </trkpt>
      <trkpt lat="50.632820" lon="12.952329">
        <ele>596.986398</ele>
        <time>2026-04-30T21:51:37.317Z</time>
      </trkpt>
      <trkpt lat="50.636785" lon="12.955774">
        <ele>606.157142</ele>
        <time>2026-04-30T21:53:04.345Z</time>
      </trkpt>
      <trkpt lat="50.636864" lon="12.955877">
        <ele>605.901250</ele>
        <time>2026-04-30T21:53:05.757Z</time>
      </trkpt>
      <trkpt lat="50.637204" lon="12.956167">
        <ele>604.936304</ele>
        <time>2026-04-30T21:53:09.796Z</time>
      </trkpt>
      <trkpt lat="50.637727" lon="12.956555">
        <ele>603.493479</ele>
        <time>2026-04-30T21:53:14.402Z</time>
      </trkpt>
      <trkpt lat="50.638128" lon="12.956838">
        <ele>601.552140</ele>
        <time>2026-04-30T21:53:17.545Z</time>
      </trkpt>
      <trkpt lat="50.638700" lon="12.957128">
        <ele>594.977297</ele>
        <time>2026-04-30T21:53:21.664Z</time>
      </trkpt>
      <trkpt lat="50.639160" lon="12.957527">
        <ele>589.232285</ele>
        <time>2026-04-30T21:53:25.198Z</time>
      </trkpt>
      <trkpt lat="50.639428" lon="12.957842">
        <ele>585.574515</ele>
        <time>2026-04-30T21:53:27.447Z</time>
      </trkpt>
      <trkpt lat="50.639473" lon="12.957898">
        <ele>584.947208</ele>
        <time>2026-04-30T21:53:27.836Z</time>
      </trkpt>
      <trkpt lat="50.640006" lon="12.958574">
        <ele>577.525631</ele>
        <time>2026-04-30T21:53:34.356Z</time>
      </trkpt>
      <trkpt lat="50.641190" lon="12.960354">
        <ele>560.792428</ele>
        <time>2026-04-30T21:53:50.262Z</time>
      </trkpt>
      <trkpt lat="50.641517" lon="12.960885">
        <ele>557.042264</ele>
        <time>2026-04-30T21:53:54.921Z</time>
      </trkpt>
      <trkpt lat="50.641594" lon="12.961064">
        <ele>555.946370</ele>
        <time>2026-04-30T21:53:56.295Z</time>
      </trkpt>
      <trkpt lat="50.641683" lon="12.961412">
        <ele>554.045193</ele>
        <time>2026-04-30T21:53:58.715Z</time>
      </trkpt>
      <trkpt lat="50.641828" lon="12.961978">
        <ele>550.952318</ele>
        <time>2026-04-30T21:54:02.724Z</time>
      </trkpt>
      <trkpt lat="50.641953" lon="12.962154">
        <ele>549.613460</ele>
        <time>2026-04-30T21:54:04.483Z</time>
      </trkpt>
      <trkpt lat="50.642011" lon="12.962724">
        <ele>547.860701</ele>
        <time>2026-04-30T21:54:07.168Z</time>
      </trkpt>
      <trkpt lat="50.642194" lon="12.963489">
        <ele>545.699512</ele>
        <time>2026-04-30T21:54:11.090Z</time>
      </trkpt>
      <trkpt lat="50.642268" lon="12.963824">
        <ele>544.761835</ele>
        <time>2026-04-30T21:54:12.852Z</time>
      </trkpt>
      <trkpt lat="50.642361" lon="12.964221">
        <ele>543.643151</ele>
        <time>2026-04-30T21:54:14.995Z</time>
      </trkpt>
      <trkpt lat="50.642907" lon="12.965449">
        <ele>540.897131</ele>
        <time>2026-04-30T21:54:23.074Z</time>
      </trkpt>
      <trkpt lat="50.643005" lon="12.965583">
        <ele>540.691945</ele>
        <time>2026-04-30T21:54:24.244Z</time>
      </trkpt>
      <trkpt lat="50.643267" lon="12.965893">
        <ele>540.173799</ele>
        <time>2026-04-30T21:54:28.457Z</time>
      </trkpt>
      <trkpt lat="50.643623" lon="12.966503">
        <ele>539.342192</ele>
        <time>2026-04-30T21:54:35.665Z</time>
      </trkpt>
      <trkpt lat="50.643748" lon="12.966717">
        <ele>539.050332</ele>
        <time>2026-04-30T21:54:38.326Z</time>
      </trkpt>
      <trkpt lat="50.643980" lon="12.967142">
        <ele>538.598086</ele>
        <time>2026-04-30T21:54:43.517Z</time>
      </trkpt>
      <trkpt lat="50.644048" lon="12.967274">
        <ele>538.488332</ele>
        <time>2026-04-30T21:54:45.093Z</time>
      </trkpt>
      <trkpt lat="50.644058" lon="12.967342">
        <ele>538.443283</ele>
        <time>2026-04-30T21:54:45.689Z</time>
      </trkpt>
      <trkpt lat="50.644037" lon="12.967502">
        <ele>538.337838</ele>
        <time>2026-04-30T21:54:46.743Z</time>
      </trkpt>
      <trkpt lat="50.644310" lon="12.967683">
        <ele>538.036451</ele>
        <time>2026-04-30T21:54:49.576Z</time>
      </trkpt>
      <trkpt lat="50.644382" lon="12.967742">
        <ele>537.953875</ele>
        <time>2026-04-30T21:54:50.327Z</time>
      </trkpt>
      <trkpt lat="50.644518" lon="12.967848">
        <ele>537.799486</ele>
        <time>2026-04-30T21:54:51.735Z</time>
      </trkpt>
      <trkpt lat="50.644831" lon="12.968159">
        <ele>537.422992</ele>
        <time>2026-04-30T21:54:55.327Z</time>
      </trkpt>
      <trkpt lat="50.645080" lon="12.968423">
        <ele>537.117638</ele>
        <time>2026-04-30T21:54:58.281Z</time>
      </trkpt>
      <trkpt lat="50.645471" lon="12.968838">
        <ele>536.503297</ele>
        <time>2026-04-30T21:55:02.932Z</time>
      </trkpt>
      <trkpt lat="50.645666" lon="12.969050">
        <ele>536.163448</ele>
        <time>2026-04-30T21:55:05.228Z</time>
      </trkpt>
      <trkpt lat="50.646137" lon="12.969605">
        <ele>535.319795</ele>
        <time>2026-04-30T21:55:10.803Z</time>
      </trkpt>
      <trkpt lat="50.646170" lon="12.969636">
        <ele>535.264679</ele>
        <time>2026-04-30T21:55:11.180Z</time>
      </trkpt>
      <trkpt lat="50.646444" lon="12.969861">
        <ele>534.821415</ele>
        <time>2026-04-30T21:55:14.058Z</time>
      </trkpt>
      <trkpt lat="50.646722" lon="12.970033">
        <ele>534.392918</ele>
        <time>2026-04-30T21:55:16.642Z</time>
      </trkpt>
      <trkpt lat="50.646702" lon="12.970300">
        <ele>533.853756</ele>
        <time>2026-04-30T21:55:18.105Z</time>
      </trkpt>
      <trkpt lat="50.646761" lon="12.970411">
        <ele>533.558484</ele>
        <time>2026-04-30T21:55:18.890Z</time>
      </trkpt>
      <trkpt lat="50.647129" lon="12.970675">
        <ele>532.258711</ele>
        <time>2026-04-30T21:55:22.238Z</time>
      </trkpt>
      <trkpt lat="50.647401" lon="12.970844">
        <ele>531.318816</ele>
        <time>2026-04-30T21:55:24.570Z</time>
      </trkpt>
      <trkpt lat="50.647775" lon="12.971061">
        <ele>530.037619</ele>
        <time>2026-04-30T21:55:27.700Z</time>
      </trkpt>
      <trkpt lat="50.648376" lon="12.971417">
        <ele>528.082762</ele>
        <time>2026-04-30T21:55:32.736Z</time>
      </trkpt>
      <trkpt lat="50.648894" lon="12.971914">
        <ele>526.471405</ele>
        <time>2026-04-30T21:55:37.647Z</time>
      </trkpt>
      <trkpt lat="50.649429" lon="12.972156">
        <ele>524.992284</ele>
        <time>2026-04-30T21:55:42.240Z</time>
      </trkpt>
      <trkpt lat="50.649709" lon="12.972252">
        <ele>524.230785</ele>
        <time>2026-04-30T21:55:44.700Z</time>
      </trkpt>
      <trkpt lat="50.650389" lon="12.972886">
        <ele>525.483169</ele>
        <time>2026-04-30T21:55:53.206Z</time>
      </trkpt>
      <trkpt lat="50.650623" lon="12.973062">
        <ele>526.159285</ele>
        <time>2026-04-30T21:55:57.658Z</time>
      </trkpt>
      <trkpt lat="50.651188" lon="12.973309">
        <ele>527.688363</ele>
        <time>2026-04-30T21:56:12.265Z</time>
      </trkpt>
      <trkpt lat="50.651591" lon="12.973470">
        <ele>529.230768</ele>
        <time>2026-04-30T21:56:26.348Z</time>
      </trkpt>
      <trkpt lat="50.651736" lon="12.973578">
        <ele>530.389901</ele>
        <time>2026-04-30T21:56:31.926Z</time>
      </trkpt>
      <trkpt lat="50.651856" lon="12.973736">
        <ele>531.519852</ele>
        <time>2026-04-30T21:56:37.252Z</time>
      </trkpt>
      <trkpt lat="50.652041" lon="12.974147">
        <ele>533.829929</ele>
        <time>2026-04-30T21:56:48.678Z</time>
      </trkpt>
      <trkpt lat="50.652273" lon="12.974451">
        <ele>536.010191</ele>
        <time>2026-04-30T21:56:59.925Z</time>
      </trkpt>
      <trkpt lat="50.652629" lon="12.974798">
        <ele>539.035296</ele>
        <time>2026-04-30T21:57:15.654Z</time>
      </trkpt>
      <trkpt lat="50.653396" lon="12.975641">
        <ele>545.662496</ele>
        <time>2026-04-30T21:57:47.622Z</time>
      </trkpt>
      <trkpt lat="50.653949" lon="12.976559">
        <ele>551.288913</ele>
        <time>2026-04-30T21:58:15.844Z</time>
      </trkpt>
      <trkpt lat="50.654838" lon="12.977644">
        <ele>558.386464</ele>
        <time>2026-04-30T21:58:52.344Z</time>
      </trkpt>
      <trkpt lat="50.655112" lon="12.977936">
        <ele>560.345655</ele>
        <time>2026-04-30T21:59:02.853Z</time>
      </trkpt>
      <trkpt lat="50.655484" lon="12.978140">
        <ele>562.679083</ele>
        <time>2026-04-30T21:59:15.366Z</time>
      </trkpt>
      <trkpt lat="50.656540" lon="12.978555">
        <ele>567.652630</ele>
        <time>2026-04-30T21:59:44.504Z</time>
      </trkpt>
      <trkpt lat="50.657044" lon="12.978716">
        <ele>569.666689</ele>
        <time>2026-04-30T21:59:56.499Z</time>
      </trkpt>
      <trkpt lat="50.657405" lon="12.978895">
        <ele>571.148806</ele>
        <time>2026-04-30T22:00:04.846Z</time>
      </trkpt>
      <trkpt lat="50.657571" lon="12.979010">
        <ele>571.844204</ele>
        <time>2026-04-30T22:00:08.642Z</time>
      </trkpt>
      <trkpt lat="50.658055" lon="12.979461">
        <ele>573.172426</ele>
        <time>2026-04-30T22:00:20.379Z</time>
      </trkpt>
      <trkpt lat="50.658435" lon="12.979941">
        <ele>574.322683</ele>
        <time>2026-04-30T22:00:31.038Z</time>
      </trkpt>
      <trkpt lat="50.659261" lon="12.980910">
        <ele>575.759178</ele>
        <time>2026-04-30T22:00:49.123Z</time>
      </trkpt>
      <trkpt lat="50.659534" lon="12.981183">
        <ele>575.409864</ele>
        <time>2026-04-30T22:00:52.863Z</time>
      </trkpt>
      <trkpt lat="50.660159" lon="12.981706">
        <ele>574.645286</ele>
        <time>2026-04-30T22:00:59.428Z</time>
      </trkpt>
      <trkpt lat="50.661388" lon="12.983263">
        <ele>570.252613</ele>
        <time>2026-04-30T22:01:12.122Z</time>
      </trkpt>
      <trkpt lat="50.661644" lon="12.983658">
        <ele>568.988184</ele>
        <time>2026-04-30T22:01:14.952Z</time>
      </trkpt>
      <trkpt lat="50.661799" lon="12.983956">
        <ele>568.125373</ele>
        <time>2026-04-30T22:01:16.877Z</time>
      </trkpt>
      <trkpt lat="50.661904" lon="12.984276">
        <ele>567.127233</ele>
        <time>2026-04-30T22:01:18.667Z</time>
      </trkpt>
      <trkpt lat="50.662167" lon="12.985378">
        <ele>563.389049</ele>
        <time>2026-04-30T22:01:24.394Z</time>
      </trkpt>
      <trkpt lat="50.662212" lon="12.985713">
        <ele>562.301932</ele>
        <time>2026-04-30T22:01:26.040Z</time>
      </trkpt>
      <trkpt lat="50.662205" lon="12.985917">
        <ele>561.653360</ele>
        <time>2026-04-30T22:01:27.017Z</time>
      </trkpt>
      <trkpt lat="50.662061" lon="12.987797">
        <ele>554.181668</ele>
        <time>2026-04-30T22:01:35.807Z</time>
      </trkpt>
      <trkpt lat="50.661965" lon="12.989394">
        <ele>546.711590</ele>
        <time>2026-04-30T22:01:43.000Z</time>
      </trkpt>
      <trkpt lat="50.661900" lon="12.990720">
        <ele>540.129117</ele>
        <time>2026-04-30T22:01:48.906Z</time>
      </trkpt>
      <trkpt lat="50.661908" lon="12.991287">
        <ele>537.284039</ele>
        <time>2026-04-30T22:01:51.440Z</time>
      </trkpt>
      <trkpt lat="50.661985" lon="12.992590">
        <ele>530.886059</ele>
        <time>2026-04-30T22:01:57.338Z</time>
      </trkpt>
      <trkpt lat="50.662018" lon="12.992835">
        <ele>529.977558</ele>
        <time>2026-04-30T22:01:58.486Z</time>
      </trkpt>
      <trkpt lat="50.662074" lon="12.993022">
        <ele>529.227393</ele>
        <time>2026-04-30T22:01:59.446Z</time>
      </trkpt>
      <trkpt lat="50.662231" lon="12.993411">
        <ele>527.554701</ele>
        <time>2026-04-30T22:02:01.584Z</time>
      </trkpt>
      <trkpt lat="50.662439" lon="12.993830">
        <ele>525.624342</ele>
        <time>2026-04-30T22:02:04.077Z</time>
      </trkpt>
      <trkpt lat="50.662613" lon="12.994171">
        <ele>524.036540</ele>
        <time>2026-04-30T22:02:06.158Z</time>
      </trkpt>
      <trkpt lat="50.662799" lon="12.994635">
        <ele>522.045259</ele>
        <time>2026-04-30T22:02:08.759Z</time>
      </trkpt>
      <trkpt lat="50.662906" lon="12.995060">
        <ele>520.645341</ele>
        <time>2026-04-30T22:02:10.972Z</time>
      </trkpt>
      <trkpt lat="50.662932" lon="12.995222">
        <ele>520.283034</ele>
        <time>2026-04-30T22:02:11.799Z</time>
      </trkpt>
      <trkpt lat="50.663082" lon="12.996106">
        <ele>518.299000</ele>
        <time>2026-04-30T22:02:16.355Z</time>
      </trkpt>
      <trkpt lat="50.663158" lon="12.996351">
        <ele>517.707636</ele>
        <time>2026-04-30T22:02:17.733Z</time>
      </trkpt>
      <trkpt lat="50.663267" lon="12.996593">
        <ele>517.064005</ele>
        <time>2026-04-30T22:02:19.253Z</time>
      </trkpt>
      <trkpt lat="50.663403" lon="12.996882">
        <ele>516.283652</ele>
        <time>2026-04-30T22:02:21.118Z</time>
      </trkpt>
      <trkpt lat="50.663469" lon="12.997016">
        <ele>515.915743</ele>
        <time>2026-04-30T22:02:22.015Z</time>
      </trkpt>
      <trkpt lat="50.663642" lon="12.997669">
        <ele>514.602061</ele>
        <time>2026-04-30T22:02:25.864Z</time>
      </trkpt>
      <trkpt lat="50.663995" lon="13.000151">
        <ele>511.538285</ele>
        <time>2026-04-30T22:02:40.424Z</time>
      </trkpt>
      <trkpt lat="50.664090" lon="13.000658">
        <ele>510.789324</ele>
        <time>2026-04-30T22:02:43.373Z</time>
      </trkpt>
      <trkpt lat="50.664296" lon="13.001761">
        <ele>509.126284</ele>
        <time>2026-04-30T22:02:49.632Z</time>
      </trkpt>
      <trkpt lat="50.664566" lon="13.003047">
        <ele>507.152643</ele>
        <time>2026-04-30T22:02:56.884Z</time>
      </trkpt>
      <trkpt lat="50.664656" lon="13.003480">
        <ele>506.443566</ele>
        <time>2026-04-30T22:02:59.324Z</time>
      </trkpt>
      <trkpt lat="50.664771" lon="13.003852">
        <ele>505.799536</ele>
        <time>2026-04-30T22:03:01.531Z</time>
      </trkpt>
      <trkpt lat="50.665053" lon="13.004439">
        <ele>504.653426</ele>
        <time>2026-04-30T22:03:05.470Z</time>
      </trkpt>
      <trkpt lat="50.665487" lon="13.005463">
        <ele>502.675033</ele>
        <time>2026-04-30T22:03:12.165Z</time>
      </trkpt>
      <trkpt lat="50.665620" lon="13.005767">
        <ele>501.926807</ele>
        <time>2026-04-30T22:03:14.147Z</time>
      </trkpt>
      <trkpt lat="50.665827" lon="13.006245">
        <ele>500.754167</ele>
        <time>2026-04-30T22:03:17.253Z</time>
      </trkpt>
      <trkpt lat="50.666592" lon="13.007779">
        <ele>496.709070</ele>
        <time>2026-04-30T22:03:27.116Z</time>
      </trkpt>
      <trkpt lat="50.666617" lon="13.007829">
        <ele>496.550021</ele>
        <time>2026-04-30T22:03:27.426Z</time>
      </trkpt>
      <trkpt lat="50.666929" lon="13.008458">
        <ele>494.555266</ele>
        <time>2026-04-30T22:03:31.319Z</time>
      </trkpt>
      <trkpt lat="50.667241" lon="13.009022">
        <ele>492.685681</ele>
        <time>2026-04-30T22:03:34.976Z</time>
      </trkpt>
      <trkpt lat="50.667586" lon="13.009464">
        <ele>490.934555</ele>
        <time>2026-04-30T22:03:38.433Z</time>
      </trkpt>
      <trkpt lat="50.667802" lon="13.009677">
        <ele>489.971621</ele>
        <time>2026-04-30T22:03:40.489Z</time>
      </trkpt>
      <trkpt lat="50.668238" lon="13.009989">
        <ele>488.524647</ele>
        <time>2026-04-30T22:03:44.475Z</time>
      </trkpt>
      <trkpt lat="50.668433" lon="13.010116">
        <ele>487.887040</ele>
        <time>2026-04-30T22:03:46.252Z</time>
      </trkpt>
      <trkpt lat="50.668573" lon="13.010248">
        <ele>487.394106</ele>
        <time>2026-04-30T22:03:47.612Z</time>
      </trkpt>
      <trkpt lat="50.668655" lon="13.010367">
        <ele>487.057375</ele>
        <time>2026-04-30T22:03:48.541Z</time>
      </trkpt>
      <trkpt lat="50.669023" lon="13.011074">
        <ele>485.304861</ele>
        <time>2026-04-30T22:03:53.301Z</time>
      </trkpt>
      <trkpt lat="50.669681" lon="13.012349">
        <ele>482.086528</ele>
        <time>2026-04-30T22:04:01.703Z</time>
      </trkpt>
      <trkpt lat="50.669965" lon="13.012941">
        <ele>480.625430</ele>
        <time>2026-04-30T22:04:05.490Z</time>
      </trkpt>
      <trkpt lat="50.670195" lon="13.013542">
        <ele>479.243844</ele>
        <time>2026-04-30T22:04:09.159Z</time>
      </trkpt>
      <trkpt lat="50.670342" lon="13.013854">
        <ele>478.519468</ele>
        <time>2026-04-30T22:04:11.228Z</time>
      </trkpt>
      <trkpt lat="50.670833" lon="13.014683">
        <ele>476.436498</ele>
        <time>2026-04-30T22:04:17.350Z</time>
      </trkpt>
      <trkpt lat="50.671057" lon="13.015393">
        <ele>474.980537</ele>
        <time>2026-04-30T22:04:21.567Z</time>
      </trkpt>
      <trkpt lat="50.671491" lon="13.016204">
        <ele>472.519567</ele>
        <time>2026-04-30T22:04:26.963Z</time>
      </trkpt>
      <trkpt lat="50.671891" lon="13.017161">
        <ele>469.135706</ele>
        <time>2026-04-30T22:04:32.444Z</time>
      </trkpt>
      <trkpt lat="50.672136" lon="13.017515">
        <ele>467.588468</ele>
        <time>2026-04-30T22:04:34.933Z</time>
      </trkpt>
      <trkpt lat="50.672472" lon="13.017849">
        <ele>465.738887</ele>
        <time>2026-04-30T22:04:37.891Z</time>
      </trkpt>
      <trkpt lat="50.673039" lon="13.018325">
        <ele>463.571196</ele>
        <time>2026-04-30T22:04:42.774Z</time>
      </trkpt>
      <trkpt lat="50.673200" lon="13.018472">
        <ele>462.964313</ele>
        <time>2026-04-30T22:04:44.220Z</time>
      </trkpt>
      <trkpt lat="50.673326" lon="13.018591">
        <ele>462.485211</ele>
        <time>2026-04-30T22:04:45.393Z</time>
      </trkpt>
      <trkpt lat="50.673352" lon="13.018614">
        <ele>462.387962</ele>
        <time>2026-04-30T22:04:45.638Z</time>
      </trkpt>
      <trkpt lat="50.673853" lon="13.018916">
        <ele>460.638172</ele>
        <time>2026-04-30T22:04:50.251Z</time>
      </trkpt>
      <trkpt lat="50.674148" lon="13.019080">
        <ele>459.623074</ele>
        <time>2026-04-30T22:04:53.069Z</time>
      </trkpt>
      <trkpt lat="50.674546" lon="13.019490">
        <ele>458.788293</ele>
        <time>2026-04-30T22:04:57.691Z</time>
      </trkpt>
      <trkpt lat="50.674893" lon="13.019667">
        <ele>458.147805</ele>
        <time>2026-04-30T22:05:01.202Z</time>
      </trkpt>
      <trkpt lat="50.675287" lon="13.019779">
        <ele>457.444683</ele>
        <time>2026-04-30T22:05:04.901Z</time>
      </trkpt>
      <trkpt lat="50.676075" lon="13.019975">
        <ele>455.887425</ele>
        <time>2026-04-30T22:05:11.643Z</time>
      </trkpt>
      <trkpt lat="50.676497" lon="13.020103">
        <ele>454.856438</ele>
        <time>2026-04-30T22:05:15.256Z</time>
      </trkpt>
      <trkpt lat="50.677067" lon="13.020393">
        <ele>453.419587</ele>
        <time>2026-04-30T22:05:20.319Z</time>
      </trkpt>
      <trkpt lat="50.677614" lon="13.020636">
        <ele>452.070373</ele>
        <time>2026-04-30T22:05:25.142Z</time>
      </trkpt>
      <trkpt lat="50.677763" lon="13.020670">
        <ele>451.760862</ele>
        <time>2026-04-30T22:05:26.488Z</time>
      </trkpt>
      <trkpt lat="50.678191" lon="13.020623">
        <ele>450.878819</ele>
        <time>2026-04-30T22:05:30.298Z</time>
      </trkpt>
      <trkpt lat="50.678519" lon="13.020598">
        <ele>450.203706</ele>
        <time>2026-04-30T22:05:33.190Z</time>
      </trkpt>
      <trkpt lat="50.678765" lon="13.020618">
        <ele>449.697289</ele>
        <time>2026-04-30T22:05:35.330Z</time>
      </trkpt>
      <trkpt lat="50.679185" lon="13.020706">
        <ele>448.826245</ele>
        <time>2026-04-30T22:05:39.000Z</time>
      </trkpt>
      <trkpt lat="50.680099" lon="13.021104">
        <ele>447.249235</ele>
        <time>2026-04-30T22:05:47.387Z</time>
      </trkpt>
      <trkpt lat="50.680451" lon="13.021284">
        <ele>446.667724</ele>
        <time>2026-04-30T22:05:50.747Z</time>
      </trkpt>
      <trkpt lat="50.680653" lon="13.021484">
        <ele>446.292962</ele>
        <time>2026-04-30T22:05:52.969Z</time>
      </trkpt>
      <trkpt lat="50.680942" lon="13.021933">
        <ele>445.655623</ele>
        <time>2026-04-30T22:05:56.865Z</time>
      </trkpt>
      <trkpt lat="50.681694" lon="13.022720">
        <ele>444.529971</ele>
        <time>2026-04-30T22:06:05.969Z</time>
      </trkpt>
      <trkpt lat="50.681849" lon="13.022956">
        <ele>444.262542</ele>
        <time>2026-04-30T22:06:08.304Z</time>
      </trkpt>
      <trkpt lat="50.682097" lon="13.023400">
        <ele>443.796866</ele>
        <time>2026-04-30T22:06:11.985Z</time>
      </trkpt>
      <trkpt lat="50.682305" lon="13.023675">
        <ele>443.459945</ele>
        <time>2026-04-30T22:06:14.334Z</time>
      </trkpt>
      <trkpt lat="50.682669" lon="13.024203">
        <ele>442.182011</ele>
        <time>2026-04-30T22:06:18.400Z</time>
      </trkpt>
      <trkpt lat="50.682897" lon="13.024384">
        <ele>441.483300</ele>
        <time>2026-04-30T22:06:20.549Z</time>
      </trkpt>
      <trkpt lat="50.683231" lon="13.024536">
        <ele>440.531654</ele>
        <time>2026-04-30T22:06:23.438Z</time>
      </trkpt>
      <trkpt lat="50.683436" lon="13.024695">
        <ele>439.906318</ele>
        <time>2026-04-30T22:06:25.306Z</time>
      </trkpt>
      <trkpt lat="50.683522" lon="13.024783">
        <ele>439.625722</ele>
        <time>2026-04-30T22:06:26.146Z</time>
      </trkpt>
      <trkpt lat="50.683828" lon="13.025097">
        <ele>438.626491</ele>
        <time>2026-04-30T22:06:29.120Z</time>
      </trkpt>
      <trkpt lat="50.684091" lon="13.025410">
        <ele>437.595620</ele>
        <time>2026-04-30T22:06:31.846Z</time>
      </trkpt>
      <trkpt lat="50.684613" lon="13.026225">
        <ele>435.238690</ele>
        <time>2026-04-30T22:06:37.967Z</time>
      </trkpt>
      <trkpt lat="50.685126" lon="13.027021">
        <ele>432.929475</ele>
        <time>2026-04-30T22:06:43.646Z</time>
      </trkpt>
      <trkpt lat="50.685243" lon="13.027136">
        <ele>432.483570</ele>
        <time>2026-04-30T22:06:44.734Z</time>
      </trkpt>
      <trkpt lat="50.685354" lon="13.027188">
        <ele>432.105836</ele>
        <time>2026-04-30T22:06:45.646Z</time>
      </trkpt>
      <trkpt lat="50.685774" lon="13.027292">
        <ele>430.718893</ele>
        <time>2026-04-30T22:06:48.996Z</time>
      </trkpt>
      <trkpt lat="50.686040" lon="13.027307">
        <ele>429.850557</ele>
        <time>2026-04-30T22:06:51.125Z</time>
      </trkpt>
      <trkpt lat="50.686100" lon="13.027314">
        <ele>429.654283</ele>
        <time>2026-04-30T22:06:51.609Z</time>
      </trkpt>
      <trkpt lat="50.686147" lon="13.027340">
        <ele>429.491808</ele>
        <time>2026-04-30T22:06:52.009Z</time>
      </trkpt>
      <trkpt lat="50.686214" lon="13.027382">
        <ele>429.256623</ele>
        <time>2026-04-30T22:06:52.589Z</time>
      </trkpt>
      <trkpt lat="50.686568" lon="13.027811">
        <ele>427.800615</ele>
        <time>2026-04-30T22:06:56.234Z</time>
      </trkpt>
      <trkpt lat="50.686768" lon="13.028083">
        <ele>426.939350</ele>
        <time>2026-04-30T22:06:58.423Z</time>
      </trkpt>
      <trkpt lat="50.686938" lon="13.028260">
        <ele>426.693931</ele>
        <time>2026-04-30T22:07:00.157Z</time>
      </trkpt>
      <trkpt lat="50.687249" lon="13.028426">
        <ele>426.428856</ele>
        <time>2026-04-30T22:07:03.038Z</time>
      </trkpt>
      <trkpt lat="50.687364" lon="13.028477">
        <ele>426.332408</ele>
        <time>2026-04-30T22:07:04.101Z</time>
      </trkpt>
      <trkpt lat="50.687461" lon="13.028563">
        <ele>426.242579</ele>
        <time>2026-04-30T22:07:05.101Z</time>
      </trkpt>
      <trkpt lat="50.687643" lon="13.028910">
        <ele>426.012140</ele>
        <time>2026-04-30T22:07:07.760Z</time>
      </trkpt>
      <trkpt lat="50.687586" lon="13.028998">
        <ele>425.947763</ele>
        <time>2026-04-30T22:07:08.554Z</time>
      </trkpt>
      <trkpt lat="50.687540" lon="13.029188">
        <ele>425.843716</ele>
        <time>2026-04-30T22:07:09.875Z</time>
      </trkpt>
      <trkpt lat="50.687543" lon="13.029978">
        <ele>425.439594</ele>
        <time>2026-04-30T22:07:16.169Z</time>
      </trkpt>
      <trkpt lat="50.687544" lon="13.030089">
        <ele>425.382808</ele>
        <time>2026-04-30T22:07:17.242Z</time>
      </trkpt>
      <trkpt lat="50.687543" lon="13.030288">
        <ele>425.685757</ele>
        <time>2026-04-30T22:07:19.313Z</time>
      </trkpt>
      <trkpt lat="50.687539" lon="13.031768">
        <ele>428.040613</ele>
        <time>2026-04-30T22:07:40.047Z</time>
      </trkpt>
      <trkpt lat="50.687513" lon="13.031904">
        <ele>428.266641</ele>
        <time>2026-04-30T22:07:42.230Z</time>
      </trkpt>
      <trkpt lat="50.687297" lon="13.032317">
        <ele>429.118747</ele>
        <time>2026-04-30T22:07:49.832Z</time>
      </trkpt>
      <trkpt lat="50.687269" lon="13.032448">
        <ele>429.338725</ele>
        <time>2026-04-30T22:07:51.720Z</time>
      </trkpt>
      <trkpt lat="50.687257" lon="13.032732">
        <ele>429.791605</ele>
        <time>2026-04-30T22:07:55.265Z</time>
      </trkpt>
      <trkpt lat="50.687317" lon="13.033007">
        <ele>429.938123</ele>
        <time>2026-04-30T22:07:58.543Z</time>
      </trkpt>
      <trkpt lat="50.687371" lon="13.033157">
        <ele>429.969971</ele>
        <time>2026-04-30T22:08:00.482Z</time>
      </trkpt>
      <trkpt lat="50.687706" lon="13.033664">
        <ele>430.105201</ele>
        <time>2026-04-30T22:08:07.602Z</time>
      </trkpt>
      <trkpt lat="50.688178" lon="13.033883">
        <ele>430.248548</ele>
        <time>2026-04-30T22:08:12.691Z</time>
      </trkpt>
      <trkpt lat="50.689058" lon="13.034092">
        <ele>430.005382</ele>
        <time>2026-04-30T22:08:21.497Z</time>
      </trkpt>
      <trkpt lat="50.689422" lon="13.034302">
        <ele>429.467263</ele>
        <time>2026-04-30T22:08:25.917Z</time>
      </trkpt>
      <trkpt lat="50.689991" lon="13.034731">
        <ele>428.591701</ele>
        <time>2026-04-30T22:08:32.368Z</time>
      </trkpt>
      <trkpt lat="50.690378" lon="13.035280">
        <ele>427.771387</ele>
        <time>2026-04-30T22:08:36.798Z</time>
      </trkpt>
      <trkpt lat="50.690569" lon="13.035448">
        <ele>426.917934</ele>
        <time>2026-04-30T22:08:38.519Z</time>
      </trkpt>
      <trkpt lat="50.691129" lon="13.035612">
        <ele>424.694804</ele>
        <time>2026-04-30T22:08:42.829Z</time>
      </trkpt>
      <trkpt lat="50.691590" lon="13.035674">
        <ele>422.888878</ele>
        <time>2026-04-30T22:08:46.288Z</time>
      </trkpt>
      <trkpt lat="50.691738" lon="13.035665">
        <ele>422.310766</ele>
        <time>2026-04-30T22:08:47.419Z</time>
      </trkpt>
      <trkpt lat="50.692310" lon="13.035457">
        <ele>420.489099</ele>
        <time>2026-04-30T22:08:52.218Z</time>
      </trkpt>
      <trkpt lat="50.692630" lon="13.035498">
        <ele>419.902191</ele>
        <time>2026-04-30T22:08:55.306Z</time>
      </trkpt>
      <trkpt lat="50.693024" lon="13.036232">
        <ele>418.788060</ele>
        <time>2026-04-30T22:09:02.401Z</time>
      </trkpt>
      <trkpt lat="50.693344" lon="13.037068">
        <ele>417.656928</ele>
        <time>2026-04-30T22:09:08.100Z</time>
      </trkpt>
      <trkpt lat="50.693496" lon="13.037358">
        <ele>416.531040</ele>
        <time>2026-04-30T22:09:09.990Z</time>
      </trkpt>
      <trkpt lat="50.693668" lon="13.037573">
        <ele>415.426812</ele>
        <time>2026-04-30T22:09:11.651Z</time>
      </trkpt>
      <trkpt lat="50.693880" lon="13.037739">
        <ele>414.235743</ele>
        <time>2026-04-30T22:09:13.383Z</time>
      </trkpt>
      <trkpt lat="50.694176" lon="13.037874">
        <ele>412.685013</ele>
        <time>2026-04-30T22:09:15.582Z</time>
      </trkpt>
      <trkpt lat="50.695208" lon="13.037930">
        <ele>408.414108</ele>
        <time>2026-04-30T22:09:23.164Z</time>
      </trkpt>
      <trkpt lat="50.695443" lon="13.038053">
        <ele>408.242714</ele>
        <time>2026-04-30T22:09:25.450Z</time>
      </trkpt>
      <trkpt lat="50.695640" lon="13.038256">
        <ele>408.079853</ele>
        <time>2026-04-30T22:09:28.302Z</time>
      </trkpt>
      <trkpt lat="50.696040" lon="13.039604">
        <ele>407.427088</ele>
        <time>2026-04-30T22:09:44.101Z</time>
      </trkpt>
      <trkpt lat="50.696094" lon="13.039727">
        <ele>407.361462</ele>
        <time>2026-04-30T22:09:45.542Z</time>
      </trkpt>
      <trkpt lat="50.696207" lon="13.039855">
        <ele>407.088982</ele>
        <time>2026-04-30T22:09:47.514Z</time>
      </trkpt>
      <trkpt lat="50.696417" lon="13.039991">
        <ele>406.394183</ele>
        <time>2026-04-30T22:09:50.072Z</time>
      </trkpt>
      <trkpt lat="50.696714" lon="13.040011">
        <ele>405.484234</ele>
        <time>2026-04-30T22:09:52.748Z</time>
      </trkpt>
      <trkpt lat="50.696873" lon="13.039978">
        <ele>404.993344</ele>
        <time>2026-04-30T22:09:54.062Z</time>
      </trkpt>
      <trkpt lat="50.697116" lon="13.039857">
        <ele>404.213394</ele>
        <time>2026-04-30T22:09:56.045Z</time>
      </trkpt>
      <trkpt lat="50.697880" lon="13.039488">
        <ele>401.753280</ele>
        <time>2026-04-30T22:10:02.032Z</time>
      </trkpt>
      <trkpt lat="50.698303" lon="13.039396">
        <ele>400.007514</ele>
        <time>2026-04-30T22:10:05.269Z</time>
      </trkpt>
      <trkpt lat="50.699272" lon="13.039184">
        <ele>396.007906</ele>
        <time>2026-04-30T22:10:12.796Z</time>
      </trkpt>
      <trkpt lat="50.699434" lon="13.039109">
        <ele>395.317681</ele>
        <time>2026-04-30T22:10:14.144Z</time>
      </trkpt>
      <trkpt lat="50.699767" lon="13.038840">
        <ele>394.280405</ele>
        <time>2026-04-30T22:10:17.257Z</time>
      </trkpt>
      <trkpt lat="50.699911" lon="13.038764">
        <ele>394.116282</ele>
        <time>2026-04-30T22:10:18.585Z</time>
      </trkpt>
      <trkpt lat="50.700125" lon="13.038708">
        <ele>393.881803</ele>
        <time>2026-04-30T22:10:20.555Z</time>
      </trkpt>
      <trkpt lat="50.700539" lon="13.038802">
        <ele>393.429688</ele>
        <time>2026-04-30T22:10:24.759Z</time>
      </trkpt>
      <trkpt lat="50.702401" lon="13.039639">
        <ele>390.604122</ele>
        <time>2026-04-30T22:10:46.994Z</time>
      </trkpt>
      <trkpt lat="50.703537" lon="13.040074">
        <ele>388.239285</ele>
        <time>2026-04-30T22:10:56.027Z</time>
      </trkpt>
      <trkpt lat="50.704170" lon="13.040266">
        <ele>386.666836</ele>
        <time>2026-04-30T22:11:01.157Z</time>
      </trkpt>
      <trkpt lat="50.704369" lon="13.040365">
        <ele>386.157847</ele>
        <time>2026-04-30T22:11:03.094Z</time>
      </trkpt>
      <trkpt lat="50.704439" lon="13.040442">
        <ele>385.949727</ele>
        <time>2026-04-30T22:11:03.910Z</time>
      </trkpt>
      <trkpt lat="50.704506" lon="13.040702">
        <ele>385.516048</ele>
        <time>2026-04-30T22:11:05.819Z</time>
      </trkpt>
      <trkpt lat="50.704568" lon="13.041835">
        <ele>384.805932</ele>
        <time>2026-04-30T22:11:15.466Z</time>
      </trkpt>
      <trkpt lat="50.704633" lon="13.042255">
        <ele>384.715721</ele>
        <time>2026-04-30T22:11:19.685Z</time>
      </trkpt>
      <trkpt lat="50.704690" lon="13.042540">
        <ele>384.653362</ele>
        <time>2026-04-30T22:11:22.507Z</time>
      </trkpt>
      <trkpt lat="50.704931" lon="13.043343">
        <ele>384.467956</ele>
        <time>2026-04-30T22:11:29.045Z</time>
      </trkpt>
      <trkpt lat="50.705293" lon="13.045119">
        <ele>381.124363</ele>
        <time>2026-04-30T22:11:38.919Z</time>
      </trkpt>
      <trkpt lat="50.706186" lon="13.047460">
        <ele>372.999946</ele>
        <time>2026-04-30T22:11:52.043Z</time>
      </trkpt>
      <trkpt lat="50.706319" lon="13.047875">
        <ele>371.271269</ele>
        <time>2026-04-30T22:11:54.185Z</time>
      </trkpt>
      <trkpt lat="50.706431" lon="13.048385">
        <ele>369.265036</ele>
        <time>2026-04-30T22:11:56.642Z</time>
      </trkpt>
      <trkpt lat="50.706455" lon="13.048608">
        <ele>368.424336</ele>
        <time>2026-04-30T22:11:57.673Z</time>
      </trkpt>
      <trkpt lat="50.706457" lon="13.049416">
        <ele>365.499246</ele>
        <time>2026-04-30T22:12:01.358Z</time>
      </trkpt>
      <trkpt lat="50.706481" lon="13.050045">
        <ele>363.251618</ele>
        <time>2026-04-30T22:12:04.223Z</time>
      </trkpt>
      <trkpt lat="50.706518" lon="13.050388">
        <ele>362.010561</ele>
        <time>2026-04-30T22:12:05.818Z</time>
      </trkpt>
      <trkpt lat="50.706587" lon="13.051350">
        <ele>358.557302</ele>
        <time>2026-04-30T22:12:10.433Z</time>
      </trkpt>
      <trkpt lat="50.706630" lon="13.051676">
        <ele>357.369553</ele>
        <time>2026-04-30T22:12:12.112Z</time>
      </trkpt>
      <trkpt lat="50.706739" lon="13.052409">
        <ele>355.914164</ele>
        <time>2026-04-30T22:12:16.059Z</time>
      </trkpt>
      <trkpt lat="50.706874" lon="13.053075">
        <ele>354.626970</ele>
        <time>2026-04-30T22:12:19.785Z</time>
      </trkpt>
      <trkpt lat="50.706984" lon="13.053421">
        <ele>353.914329</ele>
        <time>2026-04-30T22:12:21.855Z</time>
      </trkpt>
      <trkpt lat="50.707093" lon="13.053626">
        <ele>353.421614</ele>
        <time>2026-04-30T22:12:23.277Z</time>
      </trkpt>
      <trkpt lat="50.707520" lon="13.054184">
        <ele>351.845993</ele>
        <time>2026-04-30T22:12:27.876Z</time>
      </trkpt>
      <trkpt lat="50.707665" lon="13.054501">
        <ele>351.262064</ele>
        <time>2026-04-30T22:12:29.923Z</time>
      </trkpt>
      <trkpt lat="50.707777" lon="13.055069">
        <ele>350.373730</ele>
        <time>2026-04-30T22:12:33.028Z</time>
      </trkpt>
      <trkpt lat="50.707784" lon="13.055369">
        <ele>349.925450</ele>
        <time>2026-04-30T22:12:34.592Z</time>
      </trkpt>
      <trkpt lat="50.707738" lon="13.055783">
        <ele>349.297800</ele>
        <time>2026-04-30T22:12:36.803Z</time>
      </trkpt>
      <trkpt lat="50.707760" lon="13.056008">
        <ele>348.957837</ele>
        <time>2026-04-30T22:12:38.027Z</time>
      </trkpt>
      <trkpt lat="50.707810" lon="13.056190">
        <ele>348.661593</ele>
        <time>2026-04-30T22:12:39.120Z</time>
      </trkpt>
      <trkpt lat="50.707951" lon="13.056381">
        <ele>348.223546</ele>
        <time>2026-04-30T22:12:40.806Z</time>
      </trkpt>
      <trkpt lat="50.708191" lon="13.056533">
        <ele>347.724425</ele>
        <time>2026-04-30T22:12:43.296Z</time>
      </trkpt>
      <trkpt lat="50.708322" lon="13.056683">
        <ele>347.637755</ele>
        <time>2026-04-30T22:12:44.892Z</time>
      </trkpt>
      <trkpt lat="50.708455" lon="13.056675">
        <ele>347.566468</ele>
        <time>2026-04-30T22:12:46.182Z</time>
      </trkpt>
      <trkpt lat="50.708548" lon="13.056640">
        <ele>347.515261</ele>
        <time>2026-04-30T22:12:47.128Z</time>
      </trkpt>
      <trkpt lat="50.708786" lon="13.056511">
        <ele>347.380485</ele>
        <time>2026-04-30T22:12:49.675Z</time>
      </trkpt>
      <trkpt lat="50.708925" lon="13.056388">
        <ele>347.295143</ele>
        <time>2026-04-30T22:12:51.346Z</time>
      </trkpt>
      <trkpt lat="50.709089" lon="13.056286">
        <ele>347.200735</ele>
        <time>2026-04-30T22:12:53.240Z</time>
      </trkpt>
      <trkpt lat="50.709255" lon="13.056238">
        <ele>347.110346</ele>
        <time>2026-04-30T22:12:55.054Z</time>
      </trkpt>
      <trkpt lat="50.709438" lon="13.056293">
        <ele>347.010570</ele>
        <time>2026-04-30T22:12:57.121Z</time>
      </trkpt>
      <trkpt lat="50.709883" lon="13.056569">
        <ele>346.811457</ele>
        <time>2026-04-30T22:13:03.458Z</time>
      </trkpt>
      <trkpt lat="50.710098" lon="13.056585">
        <ele>346.864262</ele>
        <time>2026-04-30T22:13:06.099Z</time>
      </trkpt>
      <trkpt lat="50.710339" lon="13.056427">
        <ele>346.928281</ele>
        <time>2026-04-30T22:13:08.866Z</time>
      </trkpt>
      <trkpt lat="50.710807" lon="13.056153">
        <ele>347.050733</ele>
        <time>2026-04-30T22:13:14.322Z</time>
      </trkpt>
      <trkpt lat="50.711448" lon="13.055814">
        <ele>347.216576</ele>
        <time>2026-04-30T22:13:23.036Z</time>
      </trkpt>
      <trkpt lat="50.711615" lon="13.055739">
        <ele>347.596072</ele>
        <time>2026-04-30T22:13:25.804Z</time>
      </trkpt>
      <trkpt lat="50.711912" lon="13.055698">
        <ele>348.681582</ele>
        <time>2026-04-30T22:13:30.976Z</time>
      </trkpt>
      <trkpt lat="50.712132" lon="13.055769">
        <ele>349.499164</ele>
        <time>2026-04-30T22:13:35.562Z</time>
      </trkpt>
      <trkpt lat="50.712240" lon="13.055837">
        <ele>349.922497</ele>
        <time>2026-04-30T22:13:38.193Z</time>
      </trkpt>
      <trkpt lat="50.712365" lon="13.055979">
        <ele>350.483145</ele>
        <time>2026-04-30T22:13:41.820Z</time>
      </trkpt>
      <trkpt lat="50.712456" lon="13.056124">
        <ele>350.953827</ele>
        <time>2026-04-30T22:13:45.029Z</time>
      </trkpt>
      <trkpt lat="50.712579" lon="13.056405">
        <ele>351.741410</ele>
        <time>2026-04-30T22:13:50.735Z</time>
      </trkpt>
      <trkpt lat="50.712716" lon="13.056862">
        <ele>352.907155</ele>
        <time>2026-04-30T22:14:00.043Z</time>
      </trkpt>
      <trkpt lat="50.712770" lon="13.057225">
        <ele>353.766849</ele>
        <time>2026-04-30T22:14:07.231Z</time>
      </trkpt>
      <trkpt lat="50.712826" lon="13.057864">
        <ele>355.904733</ele>
        <time>2026-04-30T22:14:19.940Z</time>
      </trkpt>
      <trkpt lat="50.713009" lon="13.060031">
        <ele>363.175255</ele>
        <time>2026-04-30T22:15:00.331Z</time>
      </trkpt>
      <trkpt lat="50.713061" lon="13.060467">
        <ele>363.924389</ele>
        <time>2026-04-30T22:15:07.090Z</time>
      </trkpt>
      <trkpt lat="50.713168" lon="13.060866">
        <ele>364.628485</ele>
        <time>2026-04-30T22:15:13.154Z</time>
      </trkpt>
      <trkpt lat="50.713300" lon="13.061164">
        <ele>365.219436</ele>
        <time>2026-04-30T22:15:18.084Z</time>
      </trkpt>
      <trkpt lat="50.713441" lon="13.061397">
        <ele>365.743143</ele>
        <time>2026-04-30T22:15:22.387Z</time>
      </trkpt>
      <trkpt lat="50.713891" lon="13.061832">
        <ele>367.097089</ele>
        <time>2026-04-30T22:15:32.178Z</time>
      </trkpt>
      <trkpt lat="50.714184" lon="13.061983">
        <ele>367.819543</ele>
        <time>2026-04-30T22:15:36.848Z</time>
      </trkpt>
      <trkpt lat="50.714533" lon="13.062113">
        <ele>367.236394</ele>
        <time>2026-04-30T22:15:41.371Z</time>
      </trkpt>
      <trkpt lat="50.714980" lon="13.062209">
        <ele>366.502751</ele>
        <time>2026-04-30T22:15:45.812Z</time>
      </trkpt>
      <trkpt lat="50.715231" lon="13.062203">
        <ele>366.094505</ele>
        <time>2026-04-30T22:15:47.951Z</time>
      </trkpt>
      <trkpt lat="50.715831" lon="13.062104">
        <ele>365.113419</ele>
        <time>2026-04-30T22:15:52.781Z</time>
      </trkpt>
      <trkpt lat="50.716288" lon="13.061944">
        <ele>364.371884</ele>
        <time>2026-04-30T22:15:56.459Z</time>
      </trkpt>
      <trkpt lat="50.718623" lon="13.060789">
        <ele>362.455919</ele>
        <time>2026-04-30T22:16:20.672Z</time>
      </trkpt>
      <trkpt lat="50.718955" lon="13.060709">
        <ele>362.576610</ele>
        <time>2026-04-30T22:16:27.052Z</time>
      </trkpt>
      <trkpt lat="50.719789" lon="13.060607">
        <ele>362.611765</ele>
        <time>2026-04-30T22:16:42.990Z</time>
      </trkpt>
      <trkpt lat="50.721356" lon="13.060473">
        <ele>361.577079</ele>
        <time>2026-04-30T22:16:58.995Z</time>
      </trkpt>
      <trkpt lat="50.721801" lon="13.060280">
        <ele>359.863999</ele>
        <time>2026-04-30T22:17:02.483Z</time>
      </trkpt>
      <trkpt lat="50.722147" lon="13.060097">
        <ele>358.509478</ele>
        <time>2026-04-30T22:17:05.186Z</time>
      </trkpt>
      <trkpt lat="50.722698" lon="13.059672">
        <ele>356.233205</ele>
        <time>2026-04-30T22:17:09.914Z</time>
      </trkpt>
      <trkpt lat="50.722892" lon="13.059441">
        <ele>355.431826</ele>
        <time>2026-04-30T22:17:11.858Z</time>
      </trkpt>
      <trkpt lat="50.723187" lon="13.058860">
        <ele>355.494135</ele>
        <time>2026-04-30T22:17:15.887Z</time>
      </trkpt>
      <trkpt lat="50.723440" lon="13.058360">
        <ele>355.547686</ele>
        <time>2026-04-30T22:17:21.900Z</time>
      </trkpt>
      <trkpt lat="50.723659" lon="13.058167">
        <ele>355.580827</ele>
        <time>2026-04-30T22:17:26.913Z</time>
      </trkpt>
      <trkpt lat="50.723984" lon="13.058022">
        <ele>355.625456</ele>
        <time>2026-04-30T22:17:33.666Z</time>
      </trkpt>
      <trkpt lat="50.724098" lon="13.058016">
        <ele>355.640530</ele>
        <time>2026-04-30T22:17:35.664Z</time>
      </trkpt>
      <trkpt lat="50.724350" lon="13.058048">
        <ele>355.556908</ele>
        <time>2026-04-30T22:17:39.652Z</time>
      </trkpt>
      <trkpt lat="50.724754" lon="13.058214">
        <ele>354.792112</ele>
        <time>2026-04-30T22:17:45.084Z</time>
      </trkpt>
      <trkpt lat="50.725017" lon="13.058440">
        <ele>354.243592</ele>
        <time>2026-04-30T22:17:48.283Z</time>
      </trkpt>
      <trkpt lat="50.725312" lon="13.058785">
        <ele>353.571128</ele>
        <time>2026-04-30T22:17:51.548Z</time>
      </trkpt>
      <trkpt lat="50.726677" lon="13.060584">
        <ele>348.128016</ele>
        <time>2026-04-30T22:18:05.132Z</time>
      </trkpt>
      <trkpt lat="50.726923" lon="13.060822">
        <ele>347.037679</ele>
        <time>2026-04-30T22:18:07.448Z</time>
      </trkpt>
      <trkpt lat="50.727162" lon="13.060935">
        <ele>346.094729</ele>
        <time>2026-04-30T22:18:09.448Z</time>
      </trkpt>
      <trkpt lat="50.727358" lon="13.060951">
        <ele>345.487872</ele>
        <time>2026-04-30T22:18:11.075Z</time>
      </trkpt>
      <trkpt lat="50.727715" lon="13.060878">
        <ele>344.964001</ele>
        <time>2026-04-30T22:18:14.667Z</time>
      </trkpt>
      <trkpt lat="50.727984" lon="13.060755">
        <ele>344.556460</ele>
        <time>2026-04-30T22:18:17.631Z</time>
      </trkpt>
      <trkpt lat="50.728234" lon="13.060562">
        <ele>344.151520</ele>
        <time>2026-04-30T22:18:20.505Z</time>
      </trkpt>
      <trkpt lat="50.728564" lon="13.060118">
        <ele>343.520708</ele>
        <time>2026-04-30T22:18:24.540Z</time>
      </trkpt>
      <trkpt lat="50.728774" lon="13.059673">
        <ele>343.009397</ele>
        <time>2026-04-30T22:18:27.782Z</time>
      </trkpt>
      <trkpt lat="50.729836" lon="13.056781">
        <ele>340.759669</ele>
        <time>2026-04-30T22:18:46.458Z</time>
      </trkpt>
      <trkpt lat="50.729954" lon="13.056568">
        <ele>341.317790</ele>
        <time>2026-04-30T22:18:48.881Z</time>
      </trkpt>
      <trkpt lat="50.730162" lon="13.056373">
        <ele>342.071215</ele>
        <time>2026-04-30T22:18:53.081Z</time>
      </trkpt>
      <trkpt lat="50.730332" lon="13.056301">
        <ele>342.619474</ele>
        <time>2026-04-30T22:18:56.839Z</time>
      </trkpt>
      <trkpt lat="50.730514" lon="13.056284">
        <ele>343.187404</ele>
        <time>2026-04-30T22:19:01.220Z</time>
      </trkpt>
      <trkpt lat="50.730694" lon="13.056336">
        <ele>343.757411</ele>
        <time>2026-04-30T22:19:06.047Z</time>
      </trkpt>
      <trkpt lat="50.730876" lon="13.056463">
        <ele>344.377190</ele>
        <time>2026-04-30T22:19:11.729Z</time>
      </trkpt>
      <trkpt lat="50.731001" lon="13.056592">
        <ele>344.842285</ele>
        <time>2026-04-30T22:19:16.518Z</time>
      </trkpt>
      <trkpt lat="50.731262" lon="13.057157">
        <ele>347.011971</ele>
        <time>2026-04-30T22:19:33.521Z</time>
      </trkpt>
      <trkpt lat="50.731958" lon="13.059013">
        <ele>355.860764</ele>
        <time>2026-04-30T22:20:20.784Z</time>
      </trkpt>
      <trkpt lat="50.732353" lon="13.060110">
        <ele>358.574547</ele>
        <time>2026-04-30T22:20:40.067Z</time>
      </trkpt>
      <trkpt lat="50.732606" lon="13.060663">
        <ele>359.602079</ele>
        <time>2026-04-30T22:20:48.013Z</time>
      </trkpt>
      <trkpt lat="50.733248" lon="13.061773">
        <ele>361.535695</ele>
        <time>2026-04-30T22:21:01.815Z</time>
      </trkpt>
      <trkpt lat="50.733555" lon="13.062146">
        <ele>361.766701</ele>
        <time>2026-04-30T22:21:07.048Z</time>
      </trkpt>
      <trkpt lat="50.734252" lon="13.062758">
        <ele>362.242342</ele>
        <time>2026-04-30T22:21:20.553Z</time>
      </trkpt>
      <trkpt lat="50.734670" lon="13.063141">
        <ele>362.325047</ele>
        <time>2026-04-30T22:21:25.795Z</time>
      </trkpt>
      <trkpt lat="50.735007" lon="13.063313">
        <ele>361.206673</ele>
        <time>2026-04-30T22:21:29.002Z</time>
      </trkpt>
      <trkpt lat="50.735679" lon="13.063435">
        <ele>359.070571</ele>
        <time>2026-04-30T22:21:34.778Z</time>
      </trkpt>
      <trkpt lat="50.736010" lon="13.063437">
        <ele>358.025284</ele>
        <time>2026-04-30T22:21:37.305Z</time>
      </trkpt>
      <trkpt lat="50.736278" lon="13.063395">
        <ele>357.174802</ele>
        <time>2026-04-30T22:21:39.310Z</time>
      </trkpt>
      <trkpt lat="50.736823" lon="13.063467">
        <ele>354.206355</ele>
        <time>2026-04-30T22:21:43.317Z</time>
      </trkpt>
      <trkpt lat="50.737242" lon="13.063395">
        <ele>351.669530</ele>
        <time>2026-04-30T22:21:46.391Z</time>
      </trkpt>
      <trkpt lat="50.737550" lon="13.063151">
        <ele>349.595729</ele>
        <time>2026-04-30T22:21:48.894Z</time>
      </trkpt>
      <trkpt lat="50.737764" lon="13.062925">
        <ele>348.046458</ele>
        <time>2026-04-30T22:21:50.738Z</time>
      </trkpt>
      <trkpt lat="50.738803" lon="13.062538">
        <ele>344.120206</ele>
        <time>2026-04-30T22:21:58.682Z</time>
      </trkpt>
      <trkpt lat="50.739114" lon="13.062449">
        <ele>343.305526</ele>
        <time>2026-04-30T22:22:01.403Z</time>
      </trkpt>
      <trkpt lat="50.739501" lon="13.062450">
        <ele>342.307986</ele>
        <time>2026-04-30T22:22:05.196Z</time>
      </trkpt>
      <trkpt lat="50.739838" lon="13.062523">
        <ele>341.431204</ele>
        <time>2026-04-30T22:22:09.530Z</time>
      </trkpt>
      <trkpt lat="50.740345" lon="13.062655">
        <ele>342.157154</ele>
        <time>2026-04-30T22:22:18.533Z</time>
      </trkpt>
      <trkpt lat="50.740790" lon="13.062898">
        <ele>342.935956</ele>
        <time>2026-04-30T22:22:26.478Z</time>
      </trkpt>
      <trkpt lat="50.740884" lon="13.062971">
        <ele>343.109208</ele>
        <time>2026-04-30T22:22:28.323Z</time>
      </trkpt>
      <trkpt lat="50.741183" lon="13.063280">
        <ele>343.700172</ele>
        <time>2026-04-30T22:22:34.970Z</time>
      </trkpt>
      <trkpt lat="50.741582" lon="13.063829">
        <ele>344.507886</ele>
        <time>2026-04-30T22:22:45.530Z</time>
      </trkpt>
      <trkpt lat="50.742147" lon="13.064656">
        <ele>345.430434</ele>
        <time>2026-04-30T22:22:59.363Z</time>
      </trkpt>
      <trkpt lat="50.742456" lon="13.065113">
        <ele>345.937409</ele>
        <time>2026-04-30T22:23:06.297Z</time>
      </trkpt>
      <trkpt lat="50.742644" lon="13.065438">
        <ele>346.271194</ele>
        <time>2026-04-30T22:23:10.228Z</time>
      </trkpt>
      <trkpt lat="50.742897" lon="13.065945">
        <ele>345.765228</ele>
        <time>2026-04-30T22:23:14.819Z</time>
      </trkpt>
      <trkpt lat="50.743404" lon="13.067188">
        <ele>342.831010</ele>
        <time>2026-04-30T22:23:22.502Z</time>
      </trkpt>
      <trkpt lat="50.743601" lon="13.067836">
        <ele>341.404620</ele>
        <time>2026-04-30T22:23:26.080Z</time>
      </trkpt>
      <trkpt lat="50.743682" lon="13.068365">
        <ele>339.815129</ele>
        <time>2026-04-30T22:23:28.632Z</time>
      </trkpt>
      <trkpt lat="50.743752" lon="13.068939">
        <ele>337.521065</ele>
        <time>2026-04-30T22:23:31.261Z</time>
      </trkpt>
      <trkpt lat="50.743848" lon="13.069237">
        <ele>336.208765</ele>
        <time>2026-04-30T22:23:32.750Z</time>
      </trkpt>
      <trkpt lat="50.743934" lon="13.069390">
        <ele>335.405656</ele>
        <time>2026-04-30T22:23:33.668Z</time>
      </trkpt>
      <trkpt lat="50.744245" lon="13.069562">
        <ele>333.362208</ele>
        <time>2026-04-30T22:23:36.019Z</time>
      </trkpt>
      <trkpt lat="50.744421" lon="13.069640">
        <ele>332.228589</ele>
        <time>2026-04-30T22:23:37.337Z</time>
      </trkpt>
      <trkpt lat="50.744557" lon="13.069650">
        <ele>331.384237</ele>
        <time>2026-04-30T22:23:38.329Z</time>
      </trkpt>
      <trkpt lat="50.744958" lon="13.069569">
        <ele>329.957684</ele>
        <time>2026-04-30T22:23:41.359Z</time>
      </trkpt>
      <trkpt lat="50.745004" lon="13.069618">
        <ele>330.070360</ele>
        <time>2026-04-30T22:23:41.793Z</time>
      </trkpt>
      <trkpt lat="50.745158" lon="13.069637">
        <ele>330.384110</ele>
        <time>2026-04-30T22:23:43.033Z</time>
      </trkpt>
      <trkpt lat="50.745295" lon="13.069627">
        <ele>330.662675</ele>
        <time>2026-04-30T22:23:44.275Z</time>
      </trkpt>
      <trkpt lat="50.745456" lon="13.069613">
        <ele>330.990186</ele>
        <time>2026-04-30T22:23:46.114Z</time>
      </trkpt>
      <trkpt lat="50.745530" lon="13.069758">
        <ele>331.229607</ele>
        <time>2026-04-30T22:23:47.897Z</time>
      </trkpt>
      <trkpt lat="50.745614" lon="13.069857">
        <ele>331.442445</ele>
        <time>2026-04-30T22:23:50.059Z</time>
      </trkpt>
      <trkpt lat="50.745738" lon="13.070159">
        <ele>331.905144</ele>
        <time>2026-04-30T22:23:55.940Z</time>
      </trkpt>
      <trkpt lat="50.746165" lon="13.070677">
        <ele>332.998506</ele>
        <time>2026-04-30T22:24:12.893Z</time>
      </trkpt>
      <trkpt lat="50.746239" lon="13.070714">
        <ele>333.156155</ele>
        <time>2026-04-30T22:24:15.579Z</time>
      </trkpt>
      <trkpt lat="50.746265" lon="13.070851">
        <ele>333.339980</ele>
        <time>2026-04-30T22:24:18.535Z</time>
      </trkpt>
      <trkpt lat="50.746326" lon="13.070938">
        <ele>333.816966</ele>
        <time>2026-04-30T22:24:21.431Z</time>
      </trkpt>
      <trkpt lat="50.746467" lon="13.071016">
        <ele>334.699571</ele>
        <time>2026-04-30T22:24:26.749Z</time>
      </trkpt>
      <trkpt lat="50.746885" lon="13.071239">
        <ele>337.306081</ele>
        <time>2026-04-30T22:24:42.168Z</time>
      </trkpt>
      <trkpt lat="50.746978" lon="13.071279">
        <ele>337.875522</ele>
        <time>2026-04-30T22:24:45.203Z</time>
      </trkpt>
      <trkpt lat="50.747363" lon="13.071598">
        <ele>340.443801</ele>
        <time>2026-04-30T22:24:58.517Z</time>
      </trkpt>
      <trkpt lat="50.747535" lon="13.071582">
        <ele>341.461758</ele>
        <time>2026-04-30T22:25:03.437Z</time>
      </trkpt>
      <trkpt lat="50.747556" lon="13.071606">
        <ele>341.614869</ele>
        <time>2026-04-30T22:25:04.164Z</time>
      </trkpt>
      <trkpt lat="50.747663" lon="13.072339">
        <ele>344.248239</ele>
        <time>2026-04-30T22:25:17.012Z</time>
      </trkpt>
      <trkpt lat="50.747733" lon="13.072977">
        <ele>345.719811</ele>
        <time>2026-04-30T22:25:28.178Z</time>
      </trkpt>
      <trkpt lat="50.747713" lon="13.073140">
        <ele>346.097150</ele>
        <time>2026-04-30T22:25:30.963Z</time>
      </trkpt>
      <trkpt lat="50.747462" lon="13.074118">
        <ele>348.495659</ele>
        <time>2026-04-30T22:25:45.835Z</time>
      </trkpt>
      <trkpt lat="50.747413" lon="13.074396">
        <ele>349.151507</ele>
        <time>2026-04-30T22:25:49.598Z</time>
      </trkpt>
      <trkpt lat="50.747430" lon="13.074550">
        <ele>349.506780</ele>
        <time>2026-04-30T22:25:51.655Z</time>
      </trkpt>
      <trkpt lat="50.747517" lon="13.074653">
        <ele>349.897214</ele>
        <time>2026-04-30T22:25:53.878Z</time>
      </trkpt>
      <trkpt lat="50.747862" lon="13.074817">
        <ele>351.144561</ele>
        <time>2026-04-30T22:26:01.217Z</time>
      </trkpt>
      <trkpt lat="50.747957" lon="13.074861">
        <ele>351.478303</ele>
        <time>2026-04-30T22:26:03.181Z</time>
      </trkpt>
      <trkpt lat="50.748230" lon="13.074972">
        <ele>352.428634</ele>
        <time>2026-04-30T22:26:08.702Z</time>
      </trkpt>
      <trkpt lat="50.748538" lon="13.075098">
        <ele>353.501212</ele>
        <time>2026-04-30T22:26:14.900Z</time>
      </trkpt>
      <trkpt lat="50.748784" lon="13.075197">
        <ele>354.357013</ele>
        <time>2026-04-30T22:26:20.200Z</time>
      </trkpt>
      <trkpt lat="50.749585" lon="13.075468">
        <ele>357.803095</ele>
        <time>2026-04-30T22:26:41.095Z</time>
      </trkpt>
      <trkpt lat="50.749932" lon="13.075584">
        <ele>360.311399</ele>
        <time>2026-04-30T22:26:52.531Z</time>
      </trkpt>
      <trkpt lat="50.750224" lon="13.075636">
        <ele>362.389513</ele>
        <time>2026-04-30T22:27:02.396Z</time>
      </trkpt>
      <trkpt lat="50.750413" lon="13.075569">
        <ele>363.759343</ele>
        <time>2026-04-30T22:27:09.182Z</time>
      </trkpt>
      <trkpt lat="50.750765" lon="13.075356">
        <ele>366.424922</ele>
        <time>2026-04-30T22:27:23.476Z</time>
      </trkpt>
      <trkpt lat="50.751246" lon="13.075081">
        <ele>370.273414</ele>
        <time>2026-04-30T22:27:43.774Z</time>
      </trkpt>
      <trkpt lat="50.751443" lon="13.074874">
        <ele>372.413859</ele>
        <time>2026-04-30T22:27:53.658Z</time>
      </trkpt>
      <trkpt lat="50.751608" lon="13.074587">
        <ele>374.633826</ele>
        <time>2026-04-30T22:28:03.934Z</time>
      </trkpt>
      <trkpt lat="50.752248" lon="13.073458">
        <ele>383.311665</ele>
        <time>2026-04-30T22:28:43.198Z</time>
      </trkpt>
      <trkpt lat="50.752474" lon="13.073187">
        <ele>385.902188</ele>
        <time>2026-04-30T22:28:54.470Z</time>
      </trkpt>
      <trkpt lat="50.752754" lon="13.072880">
        <ele>389.174007</ele>
        <time>2026-04-30T22:29:09.051Z</time>
      </trkpt>
      <trkpt lat="50.753125" lon="13.072544">
        <ele>393.279345</ele>
        <time>2026-04-30T22:29:27.591Z</time>
      </trkpt>
      <trkpt lat="50.753442" lon="13.072268">
        <ele>396.754124</ele>
        <time>2026-04-30T22:29:42.886Z</time>
      </trkpt>
      <trkpt lat="50.753745" lon="13.072074">
        <ele>399.892897</ele>
        <time>2026-04-30T22:29:57.073Z</time>
      </trkpt>
      <trkpt lat="50.753880" lon="13.072025">
        <ele>401.222795</ele>
        <time>2026-04-30T22:30:03.290Z</time>
      </trkpt>
      <trkpt lat="50.754332" lon="13.071940">
        <ele>405.398274</ele>
        <time>2026-04-30T22:30:23.518Z</time>
      </trkpt>
      <trkpt lat="50.754461" lon="13.071916">
        <ele>406.559637</ele>
        <time>2026-04-30T22:30:29.126Z</time>
      </trkpt>
      <trkpt lat="50.754930" lon="13.071781">
        <ele>410.821973</ele>
        <time>2026-04-30T22:30:47.903Z</time>
      </trkpt>
      <trkpt lat="50.755132" lon="13.071640">
        <ele>412.796335</ele>
        <time>2026-04-30T22:30:56.078Z</time>
      </trkpt>
      <trkpt lat="50.755322" lon="13.071352">
        <ele>415.150008</ele>
        <time>2026-04-30T22:31:06.368Z</time>
      </trkpt>
      <trkpt lat="50.755383" lon="13.071278">
        <ele>415.837521</ele>
        <time>2026-04-30T22:31:09.532Z</time>
      </trkpt>
      <trkpt lat="50.755420" lon="13.071272">
        <ele>416.170078</ele>
        <time>2026-04-30T22:31:10.945Z</time>
      </trkpt>
      <trkpt lat="50.755470" lon="13.071223">
        <ele>416.696080</ele>
        <time>2026-04-30T22:31:13.358Z</time>
      </trkpt>
      <trkpt lat="50.755494" lon="13.071138">
        <ele>417.222588</ele>
        <time>2026-04-30T22:31:15.798Z</time>
      </trkpt>
      <trkpt lat="50.755462" lon="13.070993">
        <ele>418.091241</ele>
        <time>2026-04-30T22:31:19.653Z</time>
      </trkpt>
      <trkpt lat="50.755454" lon="13.070835">
        <ele>419.004382</ele>
        <time>2026-04-30T22:31:23.627Z</time>
      </trkpt>
      <trkpt lat="50.755527" lon="13.070421">
        <ele>421.709028</ele>
        <time>2026-04-30T22:31:34.224Z</time>
      </trkpt>
      <trkpt lat="50.755574" lon="13.070350">
        <ele>422.355731</ele>
        <time>2026-04-30T22:31:36.787Z</time>
      </trkpt>
      <trkpt lat="50.755620" lon="13.070292">
        <ele>422.941058</ele>
        <time>2026-04-30T22:31:39.241Z</time>
      </trkpt>
      <trkpt lat="50.755744" lon="13.070239">
        <ele>424.218844</ele>
        <time>2026-04-30T22:31:44.773Z</time>
      </trkpt>
      <trkpt lat="50.756535" lon="13.070203">
        <ele>432.090567</ele>
        <time>2026-04-30T22:32:20.178Z</time>
      </trkpt>
      <trkpt lat="50.756918" lon="13.070213">
        <ele>435.900975</ele>
        <time>2026-04-30T22:32:38.953Z</time>
      </trkpt>
      <trkpt lat="50.756942" lon="13.070213">
        <ele>436.139714</ele>
        <time>2026-04-30T22:32:39.997Z</time>
      </trkpt>
      <trkpt lat="50.757305" lon="13.070234">
        <ele>439.093767</ele>
        <time>2026-04-30T22:32:56.712Z</time>
      </trkpt>
      <trkpt lat="50.757681" lon="13.070282">
        <ele>442.027129</ele>
        <time>2026-04-30T22:33:13.666Z</time>
      </trkpt>
      <trkpt lat="50.758996" lon="13.070431">
        <ele>450.904662</ele>
        <time>2026-04-30T22:33:57.304Z</time>
      </trkpt>
      <trkpt lat="50.759607" lon="13.070351">
        <ele>451.471625</ele>
        <time>2026-04-30T22:34:07.801Z</time>
      </trkpt>
      <trkpt lat="50.759908" lon="13.070262">
        <ele>451.754804</ele>
        <time>2026-04-30T22:34:11.121Z</time>
      </trkpt>
      <trkpt lat="50.760085" lon="13.070166">
        <ele>451.927852</ele>
        <time>2026-04-30T22:34:12.867Z</time>
      </trkpt>
      <trkpt lat="50.760684" lon="13.069800">
        <ele>452.267203</ele>
        <time>2026-04-30T22:34:18.441Z</time>
      </trkpt>
      <trkpt lat="50.761843" lon="13.069162">
        <ele>451.327755</ele>
        <time>2026-04-30T22:34:29.742Z</time>
      </trkpt>
      <trkpt lat="50.761899" lon="13.069295">
        <ele>451.250392</ele>
        <time>2026-04-30T22:34:31.036Z</time>
      </trkpt>
      <trkpt lat="50.761994" lon="13.069347">
        <ele>451.173435</ele>
        <time>2026-04-30T22:34:32.432Z</time>
      </trkpt>
      <trkpt lat="50.762045" lon="13.069334">
        <ele>451.133891</ele>
        <time>2026-04-30T22:34:33.159Z</time>
      </trkpt>
      <trkpt lat="50.762120" lon="13.069247">
        <ele>451.062683</ele>
        <time>2026-04-30T22:34:34.580Z</time>
      </trkpt>
      <trkpt lat="50.762151" lon="13.069108">
        <ele>451.079700</ele>
        <time>2026-04-30T22:34:36.051Z</time>
      </trkpt>
      <trkpt lat="50.762146" lon="13.069034">
        <ele>451.266223</ele>
        <time>2026-04-30T22:34:36.861Z</time>
      </trkpt>
      <trkpt lat="50.762335" lon="13.068960">
        <ele>452.037725</ele>
        <time>2026-04-30T22:34:40.359Z</time>
      </trkpt>
      <trkpt lat="50.762828" lon="13.068857">
        <ele>454.008129</ele>
        <time>2026-04-30T22:34:51.140Z</time>
      </trkpt>
      <trkpt lat="50.763239" lon="13.068811">
        <ele>455.640715</ele>
        <time>2026-04-30T22:35:02.098Z</time>
      </trkpt>
      <trkpt lat="50.763797" lon="13.068603">
        <ele>457.912309</ele>
        <time>2026-04-30T22:35:18.903Z</time>
      </trkpt>
      <trkpt lat="50.765148" lon="13.068266">
        <ele>466.683616</ele>
        <time>2026-04-30T22:36:04.493Z</time>
      </trkpt>
      <trkpt lat="50.765949" lon="13.067951">
        <ele>471.848609</ele>
        <time>2026-04-30T22:36:32.217Z</time>
      </trkpt>
      <trkpt lat="50.766098" lon="13.067921">
        <ele>472.732591</ele>
        <time>2026-04-30T22:36:37.091Z</time>
      </trkpt>
      <trkpt lat="50.767086" lon="13.067977">
        <ele>478.550938</ele>
        <time>2026-04-30T22:37:06.985Z</time>
      </trkpt>
      <trkpt lat="50.767558" lon="13.067905">
        <ele>480.935837</ele>
        <time>2026-04-30T22:37:20.521Z</time>
      </trkpt>
      <trkpt lat="50.767852" lon="13.067898">
        <ele>481.887964</ele>
        <time>2026-04-30T22:37:28.889Z</time>
      </trkpt>
      <trkpt lat="50.768362" lon="13.068018">
        <ele>483.557611</ele>
        <time>2026-04-30T22:37:42.417Z</time>
      </trkpt>
      <trkpt lat="50.768707" lon="13.068133">
        <ele>484.699332</ele>
        <time>2026-04-30T22:37:50.252Z</time>
      </trkpt>
      <trkpt lat="50.769090" lon="13.068320">
        <ele>485.997330</ele>
        <time>2026-04-30T22:37:57.284Z</time>
      </trkpt>
      <trkpt lat="50.769301" lon="13.068459">
        <ele>485.793277</ele>
        <time>2026-04-30T22:38:00.111Z</time>
      </trkpt>
      <trkpt lat="50.769819" lon="13.068898">
        <ele>483.903936</ele>
        <time>2026-04-30T22:38:05.202Z</time>
      </trkpt>
      <trkpt lat="50.770921" lon="13.069556">
        <ele>479.932751</ele>
        <time>2026-04-30T22:38:14.092Z</time>
      </trkpt>
      <trkpt lat="50.771919" lon="13.070415">
        <ele>474.431589</ele>
        <time>2026-04-30T22:38:22.669Z</time>
      </trkpt>
      <trkpt lat="50.772165" lon="13.070555">
        <ele>473.165816</ele>
        <time>2026-04-30T22:38:24.666Z</time>
      </trkpt>
      <trkpt lat="50.772433" lon="13.070542">
        <ele>471.867709</ele>
        <time>2026-04-30T22:38:26.730Z</time>
      </trkpt>
      <trkpt lat="50.773016" lon="13.070299">
        <ele>468.338569</ele>
        <time>2026-04-30T22:38:31.326Z</time>
      </trkpt>
      <trkpt lat="50.773205" lon="13.070177">
        <ele>467.136752</ele>
        <time>2026-04-30T22:38:32.850Z</time>
      </trkpt>
      <trkpt lat="50.773461" lon="13.070012">
        <ele>465.509243</ele>
        <time>2026-04-30T22:38:34.883Z</time>
      </trkpt>
      <trkpt lat="50.773618" lon="13.069973">
        <ele>464.573617</ele>
        <time>2026-04-30T22:38:36.031Z</time>
      </trkpt>
      <trkpt lat="50.773745" lon="13.070016">
        <ele>463.808996</ele>
        <time>2026-04-30T22:38:36.976Z</time>
      </trkpt>
      <trkpt lat="50.773864" lon="13.070119">
        <ele>463.010338</ele>
        <time>2026-04-30T22:38:37.952Z</time>
      </trkpt>
      <trkpt lat="50.774022" lon="13.070166">
        <ele>462.063845</ele>
        <time>2026-04-30T22:38:39.107Z</time>
      </trkpt>
      <trkpt lat="50.775211" lon="13.070142">
        <ele>454.353204</ele>
        <time>2026-04-30T22:38:47.594Z</time>
      </trkpt>
      <trkpt lat="50.775441" lon="13.070130">
        <ele>452.841226</ele>
        <time>2026-04-30T22:38:49.256Z</time>
      </trkpt>
      <trkpt lat="50.775666" lon="13.070058">
        <ele>451.332960</ele>
        <time>2026-04-30T22:38:50.934Z</time>
      </trkpt>
      <trkpt lat="50.776126" lon="13.069708">
        <ele>448.577593</ele>
        <time>2026-04-30T22:38:54.745Z</time>
      </trkpt>
      <trkpt lat="50.776793" lon="13.069083">
        <ele>445.680335</ele>
        <time>2026-04-30T22:39:00.888Z</time>
      </trkpt>
      <trkpt lat="50.777137" lon="13.068877">
        <ele>444.305740</ele>
        <time>2026-04-30T22:39:03.937Z</time>
      </trkpt>
      <trkpt lat="50.777360" lon="13.068851">
        <ele>443.470135</ele>
        <time>2026-04-30T22:39:05.816Z</time>
      </trkpt>
      <trkpt lat="50.777577" lon="13.068858">
        <ele>442.659045</ele>
        <time>2026-04-30T22:39:07.631Z</time>
      </trkpt>
      <trkpt lat="50.777641" lon="13.068439">
        <ele>441.337625</ele>
        <time>2026-04-30T22:39:09.857Z</time>
      </trkpt>
      <trkpt lat="50.777746" lon="13.067209">
        <ele>437.521121</ele>
        <time>2026-04-30T22:39:15.926Z</time>
      </trkpt>
      <trkpt lat="50.777995" lon="13.066620">
        <ele>435.342495</ele>
        <time>2026-04-30T22:39:19.213Z</time>
      </trkpt>
      <trkpt lat="50.779212" lon="13.065431">
        <ele>426.821618</ele>
        <time>2026-04-30T22:39:29.538Z</time>
      </trkpt>
      <trkpt lat="50.779374" lon="13.065316">
        <ele>425.713052</ele>
        <time>2026-04-30T22:39:30.851Z</time>
      </trkpt>
      <trkpt lat="50.779695" lon="13.065006">
        <ele>423.364988</ele>
        <time>2026-04-30T22:39:33.641Z</time>
      </trkpt>
      <trkpt lat="50.779812" lon="13.064868">
        <ele>422.453967</ele>
        <time>2026-04-30T22:39:34.735Z</time>
      </trkpt>
      <trkpt lat="50.779911" lon="13.064678">
        <ele>421.482866</ele>
        <time>2026-04-30T22:39:35.903Z</time>
      </trkpt>
      <trkpt lat="50.780028" lon="13.064363">
        <ele>420.041886</ele>
        <time>2026-04-30T22:39:37.636Z</time>
      </trkpt>
      <trkpt lat="50.780124" lon="13.064200">
        <ele>419.163259</ele>
        <time>2026-04-30T22:39:38.690Z</time>
      </trkpt>
      <trkpt lat="50.780791" lon="13.063393">
        <ele>413.924539</ele>
        <time>2026-04-30T22:39:44.852Z</time>
      </trkpt>
      <trkpt lat="50.780954" lon="13.063244">
        <ele>412.750107</ele>
        <time>2026-04-30T22:39:46.203Z</time>
      </trkpt>
      <trkpt lat="50.781561" lon="13.062954">
        <ele>408.236493</ele>
        <time>2026-04-30T22:39:50.686Z</time>
      </trkpt>
      <trkpt lat="50.781681" lon="13.062852">
        <ele>407.208056</ele>
        <time>2026-04-30T22:39:51.646Z</time>
      </trkpt>
      <trkpt lat="50.781917" lon="13.062554">
        <ele>404.928301</ele>
        <time>2026-04-30T22:39:53.772Z</time>
      </trkpt>
      <trkpt lat="50.782175" lon="13.062329">
        <ele>402.704159</ele>
        <time>2026-04-30T22:39:55.861Z</time>
      </trkpt>
      <trkpt lat="50.782785" lon="13.062021">
        <ele>397.870388</ele>
        <time>2026-04-30T22:40:00.445Z</time>
      </trkpt>
      <trkpt lat="50.783147" lon="13.061786">
        <ele>395.209939</ele>
        <time>2026-04-30T22:40:03.268Z</time>
      </trkpt>
      <trkpt lat="50.783586" lon="13.061450">
        <ele>391.894119</ele>
        <time>2026-04-30T22:40:06.779Z</time>
      </trkpt>
      <trkpt lat="50.784233" lon="13.060904">
        <ele>386.908264</ele>
        <time>2026-04-30T22:40:12.069Z</time>
      </trkpt>
      <trkpt lat="50.784525" lon="13.060550">
        <ele>384.701818</ele>
        <time>2026-04-30T22:40:14.735Z</time>
      </trkpt>
      <trkpt lat="50.784845" lon="13.060275">
        <ele>382.816485</ele>
        <time>2026-04-30T22:40:17.406Z</time>
      </trkpt>
      <trkpt lat="50.785655" lon="13.059769">
        <ele>378.308009</ele>
        <time>2026-04-30T22:40:24.014Z</time>
      </trkpt>
      <trkpt lat="50.785919" lon="13.059547">
        <ele>376.760172</ele>
        <time>2026-04-30T22:40:26.339Z</time>
      </trkpt>
      <trkpt lat="50.786602" lon="13.058691">
        <ele>372.398562</ele>
        <time>2026-04-30T22:40:33.014Z</time>
      </trkpt>
      <trkpt lat="50.787115" lon="13.058244">
        <ele>369.477622</ele>
        <time>2026-04-30T22:40:37.465Z</time>
      </trkpt>
      <trkpt lat="50.787718" lon="13.057614">
        <ele>364.988379</ele>
        <time>2026-04-30T22:40:42.791Z</time>
      </trkpt>
      <trkpt lat="50.788609" lon="13.057055">
        <ele>357.364249</ele>
        <time>2026-04-30T22:40:49.703Z</time>
      </trkpt>
      <trkpt lat="50.788872" lon="13.056805">
        <ele>354.923679</ele>
        <time>2026-04-30T22:40:51.818Z</time>
      </trkpt>
      <trkpt lat="50.789082" lon="13.056475">
        <ele>352.496359</ele>
        <time>2026-04-30T22:40:53.825Z</time>
      </trkpt>
      <trkpt lat="50.789251" lon="13.056293">
        <ele>350.626356</ele>
        <time>2026-04-30T22:40:55.203Z</time>
      </trkpt>
      <trkpt lat="50.789430" lon="13.056140">
        <ele>348.765381</ele>
        <time>2026-04-30T22:40:56.580Z</time>
      </trkpt>
      <trkpt lat="50.789633" lon="13.056035">
        <ele>346.811878</ele>
        <time>2026-04-30T22:40:58.024Z</time>
      </trkpt>
      <trkpt lat="50.789825" lon="13.055858">
        <ele>344.779268</ele>
        <time>2026-04-30T22:40:59.535Z</time>
      </trkpt>
      <trkpt lat="50.790016" lon="13.055596">
        <ele>342.466905</ele>
        <time>2026-04-30T22:41:01.273Z</time>
      </trkpt>
      <trkpt lat="50.790100" lon="13.055520">
        <ele>341.581795</ele>
        <time>2026-04-30T22:41:01.953Z</time>
      </trkpt>
      <trkpt lat="50.790385" lon="13.055358">
        <ele>338.811825</ele>
        <time>2026-04-30T22:41:04.125Z</time>
      </trkpt>
      <trkpt lat="50.790631" lon="13.055157">
        <ele>336.575675</ele>
        <time>2026-04-30T22:41:06.152Z</time>
      </trkpt>
      <trkpt lat="50.790706" lon="13.055082">
        <ele>336.505795</ele>
        <time>2026-04-30T22:41:06.818Z</time>
      </trkpt>
      <trkpt lat="50.790843" lon="13.054836">
        <ele>336.342572</ele>
        <time>2026-04-30T22:41:08.465Z</time>
      </trkpt>
      <trkpt lat="50.791058" lon="13.054318">
        <ele>336.034059</ele>
        <time>2026-04-30T22:41:12.336Z</time>
      </trkpt>
      <trkpt lat="50.791196" lon="13.054398">
        <ele>335.918307</ele>
        <time>2026-04-30T22:41:14.577Z</time>
      </trkpt>
      <trkpt lat="50.791269" lon="13.054473">
        <ele>335.849753</ele>
        <time>2026-04-30T22:41:15.945Z</time>
      </trkpt>
      <trkpt lat="50.791368" lon="13.054664">
        <ele>335.726784</ele>
        <time>2026-04-30T22:41:18.615Z</time>
      </trkpt>
      <trkpt lat="50.791475" lon="13.055171">
        <ele>335.460675</ele>
        <time>2026-04-30T22:41:24.687Z</time>
      </trkpt>
      <trkpt lat="50.791519" lon="13.055287">
        <ele>335.393325</ele>
        <time>2026-04-30T22:41:25.924Z</time>
      </trkpt>
      <trkpt lat="50.791657" lon="13.055540">
        <ele>335.226959</ele>
        <time>2026-04-30T22:41:29.154Z</time>
      </trkpt>
      <trkpt lat="50.791785" lon="13.055711">
        <ele>335.181506</ele>
        <time>2026-04-30T22:41:31.348Z</time>
      </trkpt>
      <trkpt lat="50.791975" lon="13.055893">
        <ele>335.170980</ele>
        <time>2026-04-30T22:41:33.944Z</time>
      </trkpt>
      <trkpt lat="50.792400" lon="13.056127">
        <ele>335.149656</ele>
        <time>2026-04-30T22:41:40.483Z</time>
      </trkpt>
      <trkpt lat="50.792811" lon="13.056264">
        <ele>335.129752</ele>
        <time>2026-04-30T22:41:46.263Z</time>
      </trkpt>
      <trkpt lat="50.793758" lon="13.056382">
        <ele>334.066766</ele>
        <time>2026-04-30T22:41:55.310Z</time>
      </trkpt>
      <trkpt lat="50.794156" lon="13.056465">
        <ele>332.913506</ele>
        <time>2026-04-30T22:41:58.575Z</time>
      </trkpt>
      <trkpt lat="50.794620" lon="13.056657">
        <ele>331.535691</ele>
        <time>2026-04-30T22:42:02.317Z</time>
      </trkpt>
      <trkpt lat="50.795571" lon="13.057223">
        <ele>329.452994</ele>
        <time>2026-04-30T22:42:10.459Z</time>
      </trkpt>
      <trkpt lat="50.795861" lon="13.057358">
        <ele>329.135592</ele>
        <time>2026-04-30T22:42:13.473Z</time>
      </trkpt>
      <trkpt lat="50.796232" lon="13.057416">
        <ele>328.744153</ele>
        <time>2026-04-30T22:42:17.725Z</time>
      </trkpt>
      <trkpt lat="50.796431" lon="13.057447">
        <ele>328.534197</ele>
        <time>2026-04-30T22:42:20.355Z</time>
      </trkpt>
      <trkpt lat="50.796621" lon="13.057477">
        <ele>328.333710</ele>
        <time>2026-04-30T22:42:23.126Z</time>
      </trkpt>
      <trkpt lat="50.796781" lon="13.057553">
        <ele>328.158305</ele>
        <time>2026-04-30T22:42:25.544Z</time>
      </trkpt>
      <trkpt lat="50.797522" lon="13.058062">
        <ele>326.882602</ele>
        <time>2026-04-30T22:42:34.541Z</time>
      </trkpt>
      <trkpt lat="50.798270" lon="13.058433">
        <ele>325.581488</ele>
        <time>2026-04-30T22:42:41.153Z</time>
      </trkpt>
      <trkpt lat="50.800016" lon="13.059742">
        <ele>319.657965</ele>
        <time>2026-04-30T22:42:56.946Z</time>
      </trkpt>
      <trkpt lat="50.800073" lon="13.059824">
        <ele>319.400777</ele>
        <time>2026-04-30T22:42:57.534Z</time>
      </trkpt>
      <trkpt lat="50.800166" lon="13.059965">
        <ele>318.964513</ele>
        <time>2026-04-30T22:42:58.521Z</time>
      </trkpt>
      <trkpt lat="50.800311" lon="13.060299">
        <ele>318.046838</ele>
        <time>2026-04-30T22:43:00.465Z</time>
      </trkpt>
      <trkpt lat="50.800449" lon="13.060747">
        <ele>316.918157</ele>
        <time>2026-04-30T22:43:02.858Z</time>
      </trkpt>
      <trkpt lat="50.800537" lon="13.061221">
        <ele>315.799329</ele>
        <time>2026-04-30T22:43:05.230Z</time>
      </trkpt>
      <trkpt lat="50.800641" lon="13.062676">
        <ele>312.561324</ele>
        <time>2026-04-30T22:43:12.699Z</time>
      </trkpt>
      <trkpt lat="50.800761" lon="13.063960">
        <ele>311.417432</ele>
        <time>2026-04-30T22:43:21.011Z</time>
      </trkpt>
      <trkpt lat="50.800787" lon="13.064235">
        <ele>311.172378</ele>
        <time>2026-04-30T22:43:22.828Z</time>
      </trkpt>
      <trkpt lat="50.801371" lon="13.068124">
        <ele>307.664037</ele>
        <time>2026-04-30T22:43:46.216Z</time>
      </trkpt>
      <trkpt lat="50.801898" lon="13.069847">
        <ele>305.657640</ele>
        <time>2026-04-30T22:43:57.845Z</time>
      </trkpt>
      <trkpt lat="50.802318" lon="13.070678">
        <ele>304.534389</ele>
        <time>2026-04-30T22:44:03.588Z</time>
      </trkpt>
      <trkpt lat="50.802420" lon="13.070973">
        <ele>304.171287</ele>
        <time>2026-04-30T22:44:05.361Z</time>
      </trkpt>
      <trkpt lat="50.802601" lon="13.071698">
        <ele>303.329557</ele>
        <time>2026-04-30T22:44:09.453Z</time>
      </trkpt>
      <trkpt lat="50.802652" lon="13.071842">
        <ele>303.151314</ele>
        <time>2026-04-30T22:44:10.313Z</time>
      </trkpt>
      <trkpt lat="50.802828" lon="13.072224">
        <ele>302.640853</ele>
        <time>2026-04-30T22:44:12.849Z</time>
      </trkpt>
      <trkpt lat="50.803380" lon="13.073119">
        <ele>301.578282</ele>
        <time>2026-04-30T22:44:20.912Z</time>
      </trkpt>
      <trkpt lat="50.803651" lon="13.073339">
        <ele>301.664978</ele>
        <time>2026-04-30T22:44:25.894Z</time>
      </trkpt>
      <trkpt lat="50.804085" lon="13.073530">
        <ele>301.793199</ele>
        <time>2026-04-30T22:44:33.321Z</time>
      </trkpt>
      <trkpt lat="50.804357" lon="13.073605">
        <ele>301.871787</ele>
        <time>2026-04-30T22:44:37.564Z</time>
      </trkpt>
      <trkpt lat="50.804697" lon="13.073598">
        <ele>301.968572</ele>
        <time>2026-04-30T22:44:42.249Z</time>
      </trkpt>
      <trkpt lat="50.804996" lon="13.073526">
        <ele>302.005691</ele>
        <time>2026-04-30T22:44:45.541Z</time>
      </trkpt>
      <trkpt lat="50.805644" lon="13.073573">
        <ele>300.550242</ele>
        <time>2026-04-30T22:44:51.283Z</time>
      </trkpt>
      <trkpt lat="50.805822" lon="13.073550">
        <ele>300.149533</ele>
        <time>2026-04-30T22:44:52.739Z</time>
      </trkpt>
      <trkpt lat="50.806041" lon="13.073522">
        <ele>299.656560</ele>
        <time>2026-04-30T22:44:54.487Z</time>
      </trkpt>
      <trkpt lat="50.806759" lon="13.073160">
        <ele>298.009391</ele>
        <time>2026-04-30T22:45:00.599Z</time>
      </trkpt>
      <trkpt lat="50.807176" lon="13.073213">
        <ele>297.928230</ele>
        <time>2026-04-30T22:45:04.456Z</time>
      </trkpt>
      <trkpt lat="50.807212" lon="13.073194">
        <ele>297.920868</ele>
        <time>2026-04-30T22:45:04.829Z</time>
      </trkpt>
      <trkpt lat="50.807295" lon="13.073049">
        <ele>297.896883</ele>
        <time>2026-04-30T22:45:06.059Z</time>
      </trkpt>
      <trkpt lat="50.807631" lon="13.071750">
        <ele>297.724804</ele>
        <time>2026-04-30T22:45:17.090Z</time>
      </trkpt>
      <trkpt lat="50.807734" lon="13.071524">
        <ele>297.690644</ele>
        <time>2026-04-30T22:45:20.219Z</time>
      </trkpt>
      <trkpt lat="50.808194" lon="13.070817">
        <ele>297.686696</ele>
        <time>2026-04-30T22:45:32.057Z</time>
      </trkpt>
      <trkpt lat="50.808710" lon="13.069831">
        <ele>297.722006</ele>
        <time>2026-04-30T22:45:42.479Z</time>
      </trkpt>
      <trkpt lat="50.808852" lon="13.069649">
        <ele>297.729981</ele>
        <time>2026-04-30T22:45:44.277Z</time>
      </trkpt>
      <trkpt lat="50.809211" lon="13.069338">
        <ele>297.373603</ele>
        <time>2026-04-30T22:45:47.995Z</time>
      </trkpt>
      <trkpt lat="50.809351" lon="13.069258">
        <ele>296.870073</ele>
        <time>2026-04-30T22:45:49.249Z</time>
      </trkpt>
      <trkpt lat="50.809642" lon="13.069206">
        <ele>295.879403</ele>
        <time>2026-04-30T22:45:51.613Z</time>
      </trkpt>
      <trkpt lat="50.809929" lon="13.069272">
        <ele>294.898324</ele>
        <time>2026-04-30T22:45:53.829Z</time>
      </trkpt>
      <trkpt lat="50.810125" lon="13.069297">
        <ele>294.233133</ele>
        <time>2026-04-30T22:45:55.313Z</time>
      </trkpt>
      <trkpt lat="50.810459" lon="13.069268">
        <ele>293.101557</ele>
        <time>2026-04-30T22:45:57.837Z</time>
      </trkpt>
      <trkpt lat="50.810857" lon="13.069256">
        <ele>291.754932</ele>
        <time>2026-04-30T22:46:00.995Z</time>
      </trkpt>
      <trkpt lat="50.811136" lon="13.069199">
        <ele>291.665388</ele>
        <time>2026-04-30T22:46:03.394Z</time>
      </trkpt>
      <trkpt lat="50.811220" lon="13.069180">
        <ele>291.667696</ele>
        <time>2026-04-30T22:46:04.148Z</time>
      </trkpt>
      <trkpt lat="50.811344" lon="13.069170">
        <ele>291.671073</ele>
        <time>2026-04-30T22:46:05.312Z</time>
      </trkpt>
      <trkpt lat="50.811555" lon="13.069221">
        <ele>291.676879</ele>
        <time>2026-04-30T22:46:07.515Z</time>
      </trkpt>
      <trkpt lat="50.811666" lon="13.069260">
        <ele>291.679972</ele>
        <time>2026-04-30T22:46:08.808Z</time>
      </trkpt>
      <trkpt lat="50.812166" lon="13.069538">
        <ele>291.694387</ele>
        <time>2026-04-30T22:46:16.870Z</time>
      </trkpt>
      <trkpt lat="50.812586" lon="13.069798">
        <ele>291.706654</ele>
        <time>2026-04-30T22:46:25.868Z</time>
      </trkpt>
      <trkpt lat="50.813655" lon="13.070814">
        <ele>292.495207</ele>
        <time>2026-04-30T22:46:47.071Z</time>
      </trkpt>
      <trkpt lat="50.813768" lon="13.070941">
        <ele>292.584829</ele>
        <time>2026-04-30T22:46:48.590Z</time>
      </trkpt>
      <trkpt lat="50.814456" lon="13.071948">
        <ele>291.932640</ele>
        <time>2026-04-30T22:46:57.161Z</time>
      </trkpt>
      <trkpt lat="50.814710" lon="13.072347">
        <ele>291.254957</ele>
        <time>2026-04-30T22:47:00.161Z</time>
      </trkpt>
      <trkpt lat="50.815231" lon="13.072978">
        <ele>290.012643</ele>
        <time>2026-04-30T22:47:05.758Z</time>
      </trkpt>
      <trkpt lat="50.815395" lon="13.073223">
        <ele>289.585591</ele>
        <time>2026-04-30T22:47:07.753Z</time>
      </trkpt>
      <trkpt lat="50.815497" lon="13.073427">
        <ele>289.421172</ele>
        <time>2026-04-30T22:47:09.268Z</time>
      </trkpt>
      <trkpt lat="50.815671" lon="13.073887">
        <ele>289.274952</ele>
        <time>2026-04-30T22:47:12.551Z</time>
      </trkpt>
      <trkpt lat="50.816185" lon="13.074950">
        <ele>288.909887</ele>
        <time>2026-04-30T22:47:21.363Z</time>
      </trkpt>
      <trkpt lat="50.816709" lon="13.075939">
        <ele>289.483983</ele>
        <time>2026-04-30T22:47:32.526Z</time>
      </trkpt>
      <trkpt lat="50.816763" lon="13.076030">
        <ele>289.692012</ele>
        <time>2026-04-30T22:47:33.815Z</time>
      </trkpt>
      <trkpt lat="50.817010" lon="13.076321">
        <ele>290.504100</ele>
        <time>2026-04-30T22:47:39.324Z</time>
      </trkpt>
      <trkpt lat="50.817152" lon="13.076420">
        <ele>290.913330</ele>
        <time>2026-04-30T22:47:42.415Z</time>
      </trkpt>
      <trkpt lat="50.817284" lon="13.076462">
        <ele>291.268429</ele>
        <time>2026-04-30T22:47:45.235Z</time>
      </trkpt>
      <trkpt lat="50.817433" lon="13.076461">
        <ele>291.661403</ele>
        <time>2026-04-30T22:47:48.437Z</time>
      </trkpt>
      <trkpt lat="50.817499" lon="13.076421">
        <ele>291.847795</ele>
        <time>2026-04-30T22:47:49.976Z</time>
      </trkpt>
      <trkpt lat="50.817614" lon="13.076275">
        <ele>292.236605</ele>
        <time>2026-04-30T22:47:53.269Z</time>
      </trkpt>
      <trkpt lat="50.817785" lon="13.075969">
        <ele>292.917319</ele>
        <time>2026-04-30T22:47:59.573Z</time>
      </trkpt>
      <trkpt lat="50.817843" lon="13.075884">
        <ele>293.125787</ele>
        <time>2026-04-30T22:48:01.671Z</time>
      </trkpt>
      <trkpt lat="50.817950" lon="13.075773">
        <ele>293.480981</ele>
        <time>2026-04-30T22:48:05.151Z</time>
      </trkpt>
      <trkpt lat="50.818107" lon="13.075729">
        <ele>294.139994</ele>
        <time>2026-04-30T22:48:09.704Z</time>
      </trkpt>
      <trkpt lat="50.818216" lon="13.075814">
        <ele>294.642229</ele>
        <time>2026-04-30T22:48:13.208Z</time>
      </trkpt>
      <trkpt lat="50.818258" lon="13.075908">
        <ele>294.942875</ele>
        <time>2026-04-30T22:48:15.259Z</time>
      </trkpt>
      <trkpt lat="50.818338" lon="13.076225">
        <ele>295.834259</ele>
        <time>2026-04-30T22:48:21.091Z</time>
      </trkpt>
      <trkpt lat="50.818438" lon="13.076358">
        <ele>296.374127</ele>
        <time>2026-04-30T22:48:24.534Z</time>
      </trkpt>
      <trkpt lat="50.818852" lon="13.076495">
        <ele>298.122289</ele>
        <time>2026-04-30T22:48:35.482Z</time>
      </trkpt>
      <trkpt lat="50.819038" lon="13.076534">
        <ele>298.897789</ele>
        <time>2026-04-30T22:48:40.190Z</time>
      </trkpt>
      <trkpt lat="50.819170" lon="13.076556">
        <ele>299.446394</ele>
        <time>2026-04-30T22:48:43.396Z</time>
      </trkpt>
      <trkpt lat="50.819516" lon="13.076599">
        <ele>300.866443</ele>
        <time>2026-04-30T22:48:51.676Z</time>
      </trkpt>
      <trkpt lat="50.819643" lon="13.076619">
        <ele>300.879199</ele>
        <time>2026-04-30T22:48:54.674Z</time>
      </trkpt>
      <trkpt lat="50.819778" lon="13.076650">
        <ele>300.892833</ele>
        <time>2026-04-30T22:48:57.744Z</time>
      </trkpt>
      <trkpt lat="50.819957" lon="13.076685">
        <ele>300.910859</ele>
        <time>2026-04-30T22:49:01.337Z</time>
      </trkpt>
      <trkpt lat="50.820049" lon="13.076703">
        <ele>300.920125</ele>
        <time>2026-04-30T22:49:02.924Z</time>
      </trkpt>
      <trkpt lat="50.820095" lon="13.076712">
        <ele>300.924757</ele>
        <time>2026-04-30T22:49:03.629Z</time>
      </trkpt>
      <trkpt lat="50.820455" lon="13.076782">
        <ele>300.961008</ele>
        <time>2026-04-30T22:49:07.807Z</time>
      </trkpt>
      <trkpt lat="50.820844" lon="13.076761">
        <ele>300.999910</ele>
        <time>2026-04-30T22:49:11.428Z</time>
      </trkpt>
      <trkpt lat="50.820962" lon="13.076826">
        <ele>301.012397</ele>
        <time>2026-04-30T22:49:12.472Z</time>
      </trkpt>
      <trkpt lat="50.820984" lon="13.076919">
        <ele>301.018668</ele>
        <time>2026-04-30T22:49:12.987Z</time>
      </trkpt>
      <trkpt lat="50.820980" lon="13.077031">
        <ele>301.025751</ele>
        <time>2026-04-30T22:49:13.583Z</time>
      </trkpt>
      <trkpt lat="50.820863" lon="13.077773">
        <ele>300.940062</ele>
        <time>2026-04-30T22:49:17.705Z</time>
      </trkpt>
      <trkpt lat="50.820745" lon="13.078546">
        <ele>300.751596</ele>
        <time>2026-04-30T22:49:22.295Z</time>
      </trkpt>
      <trkpt lat="50.821048" lon="13.078656">
        <ele>300.634979</ele>
        <time>2026-04-30T22:49:25.719Z</time>
      </trkpt>
      <trkpt lat="50.821533" lon="13.078564">
        <ele>300.451736</ele>
        <time>2026-04-30T22:49:33.468Z</time>
      </trkpt>
      <trkpt lat="50.822231" lon="13.078705">
        <ele>300.318209</ele>
        <time>2026-04-30T22:49:45.867Z</time>
      </trkpt>
      <trkpt lat="50.823586" lon="13.079332">
        <ele>300.114070</ele>
        <time>2026-04-30T22:50:00.120Z</time>
      </trkpt>
      <trkpt lat="50.824235" lon="13.079484">
        <ele>299.712388</ele>
        <time>2026-04-30T22:50:06.203Z</time>
      </trkpt>
      <trkpt lat="50.824711" lon="13.079595">
        <ele>299.417807</ele>
        <time>2026-04-30T22:50:10.925Z</time>
      </trkpt>
      <trkpt lat="50.825369" lon="13.079664">
        <ele>299.409221</ele>
        <time>2026-04-30T22:50:18.228Z</time>
      </trkpt>
      <trkpt lat="50.825618" lon="13.079684">
        <ele>300.243596</ele>
        <time>2026-04-30T22:50:22.289Z</time>
      </trkpt>
      <trkpt lat="50.826085" lon="13.079647">
        <ele>301.808413</ele>
        <time>2026-04-30T22:50:32.258Z</time>
      </trkpt>
      <trkpt lat="50.826331" lon="13.079489">
        <ele>302.696851</ele>
        <time>2026-04-30T22:50:39.184Z</time>
      </trkpt>
      <trkpt lat="50.826568" lon="13.079277">
        <ele>303.607852</ele>
        <time>2026-04-30T22:50:47.046Z</time>
      </trkpt>
      <trkpt lat="50.827321" lon="13.078448">
        <ele>305.931169</ele>
        <time>2026-04-30T22:51:12.985Z</time>
      </trkpt>
      <trkpt lat="50.827532" lon="13.078205">
        <ele>306.392749</ele>
        <time>2026-04-30T22:51:19.172Z</time>
      </trkpt>
      <trkpt lat="50.828158" lon="13.077474">
        <ele>307.768815</ele>
        <time>2026-04-30T22:51:30.975Z</time>
      </trkpt>
      <trkpt lat="50.828471" lon="13.077204">
        <ele>308.066629</ele>
        <time>2026-04-30T22:51:34.103Z</time>
      </trkpt>
      <trkpt lat="50.829898" lon="13.076632">
        <ele>303.627585</ele>
        <time>2026-04-30T22:51:45.991Z</time>
      </trkpt>
      <trkpt lat="50.830101" lon="13.076598">
        <ele>303.012003</ele>
        <time>2026-04-30T22:51:47.564Z</time>
      </trkpt>
      <trkpt lat="50.830341" lon="13.076638">
        <ele>302.285999</ele>
        <time>2026-04-30T22:51:49.449Z</time>
      </trkpt>
      <trkpt lat="50.831108" lon="13.076873">
        <ele>299.937333</ele>
        <time>2026-04-30T22:51:55.802Z</time>
      </trkpt>
      <trkpt lat="50.831670" lon="13.076971">
        <ele>298.237537</ele>
        <time>2026-04-30T22:52:00.567Z</time>
      </trkpt>
      <trkpt lat="50.832264" lon="13.076771">
        <ele>296.836960</ele>
        <time>2026-04-30T22:52:05.662Z</time>
      </trkpt>
      <trkpt lat="50.832569" lon="13.076680">
        <ele>296.287838</ele>
        <time>2026-04-30T22:52:08.287Z</time>
      </trkpt>
      <trkpt lat="50.832915" lon="13.076587">
        <ele>295.666916</ele>
        <time>2026-04-30T22:52:11.428Z</time>
      </trkpt>
      <trkpt lat="50.833425" lon="13.076450">
        <ele>294.751699</ele>
        <time>2026-04-30T22:52:16.167Z</time>
      </trkpt>
      <trkpt lat="50.833465" lon="13.076416">
        <ele>294.671375</ele>
        <time>2026-04-30T22:52:16.583Z</time>
      </trkpt>
      <trkpt lat="50.833760" lon="13.076165">
        <ele>294.205147</ele>
        <time>2026-04-30T22:52:19.888Z</time>
      </trkpt>
      <trkpt lat="50.834139" lon="13.075773">
        <ele>293.954381</ele>
        <time>2026-04-30T22:52:25.238Z</time>
      </trkpt>
      <trkpt lat="50.834711" lon="13.074986">
        <ele>293.534618</ele>
        <time>2026-04-30T22:52:34.715Z</time>
      </trkpt>
      <trkpt lat="50.834978" lon="13.074691">
        <ele>293.354268</ele>
        <time>2026-04-30T22:52:37.792Z</time>
      </trkpt>
      <trkpt lat="50.835100" lon="13.074586">
        <ele>293.277350</ele>
        <time>2026-04-30T22:52:39.041Z</time>
      </trkpt>
      <trkpt lat="50.835528" lon="13.074345">
        <ele>292.688920</ele>
        <time>2026-04-30T22:52:43.132Z</time>
      </trkpt>
      <trkpt lat="50.835830" lon="13.074225">
        <ele>292.275061</ele>
        <time>2026-04-30T22:52:45.988Z</time>
      </trkpt>
      <trkpt lat="50.836147" lon="13.074110">
        <ele>291.842793</ele>
        <time>2026-04-30T22:52:49.149Z</time>
      </trkpt>
      <trkpt lat="50.836340" lon="13.073994">
        <ele>291.568402</ele>
        <time>2026-04-30T22:52:51.227Z</time>
      </trkpt>
      <trkpt lat="50.837025" lon="13.073223">
        <ele>290.411323</ele>
        <time>2026-04-30T22:52:59.013Z</time>
      </trkpt>
      <trkpt lat="50.837118" lon="13.073126">
        <ele>290.249347</ele>
        <time>2026-04-30T22:53:00.051Z</time>
      </trkpt>
      <trkpt lat="50.837425" lon="13.073053">
        <ele>289.797808</ele>
        <time>2026-04-30T22:53:02.847Z</time>
      </trkpt>
      <trkpt lat="50.837754" lon="13.073144">
        <ele>289.312032</ele>
        <time>2026-04-30T22:53:05.943Z</time>
      </trkpt>
      <trkpt lat="50.838081" lon="13.073107">
        <ele>288.835197</ele>
        <time>2026-04-30T22:53:08.960Z</time>
      </trkpt>
      <trkpt lat="50.838438" lon="13.073028">
        <ele>288.310895</ele>
        <time>2026-04-30T22:53:12.169Z</time>
      </trkpt>
      <trkpt lat="50.838691" lon="13.072877">
        <ele>287.998609</ele>
        <time>2026-04-30T22:53:14.732Z</time>
      </trkpt>
      <trkpt lat="50.838886" lon="13.072773">
        <ele>287.770209</ele>
        <time>2026-04-30T22:53:16.779Z</time>
      </trkpt>
      <trkpt lat="50.839483" lon="13.072380">
        <ele>287.052552</ele>
        <time>2026-04-30T22:53:23.790Z</time>
      </trkpt>
      <trkpt lat="50.840090" lon="13.072032">
        <ele>286.335976</ele>
        <time>2026-04-30T22:53:30.076Z</time>
      </trkpt>
      <trkpt lat="50.840529" lon="13.071894">
        <ele>285.067136</ele>
        <time>2026-04-30T22:53:33.932Z</time>
      </trkpt>
      <trkpt lat="50.840795" lon="13.071878">
        <ele>284.233431</ele>
        <time>2026-04-30T22:53:36.131Z</time>
      </trkpt>
      <trkpt lat="50.841046" lon="13.071914">
        <ele>283.444089</ele>
        <time>2026-04-30T22:53:38.174Z</time>
      </trkpt>
      <trkpt lat="50.841399" lon="13.072066">
        <ele>282.298362</ele>
        <time>2026-04-30T22:53:41.083Z</time>
      </trkpt>
      <trkpt lat="50.841503" lon="13.072168">
        <ele>281.915229</ele>
        <time>2026-04-30T22:53:42.042Z</time>
      </trkpt>
      <trkpt lat="50.841809" lon="13.072744">
        <ele>280.457106</ele>
        <time>2026-04-30T22:53:45.727Z</time>
      </trkpt>
      <trkpt lat="50.842156" lon="13.073223">
        <ele>279.232334</ele>
        <time>2026-04-30T22:53:49.318Z</time>
      </trkpt>
      <trkpt lat="50.842454" lon="13.073792">
        <ele>277.990334</ele>
        <time>2026-04-30T22:53:53.129Z</time>
      </trkpt>
      <trkpt lat="50.842601" lon="13.074080">
        <ele>277.368158</ele>
        <time>2026-04-30T22:53:55.126Z</time>
      </trkpt>
      <trkpt lat="50.842794" lon="13.074553">
        <ele>276.421999</ele>
        <time>2026-04-30T22:53:58.297Z</time>
      </trkpt>
      <trkpt lat="50.842955" lon="13.075096">
        <ele>275.868302</ele>
        <time>2026-04-30T22:54:01.923Z</time>
      </trkpt>
      <trkpt lat="50.843041" lon="13.075771">
        <ele>275.933455</ele>
        <time>2026-04-30T22:54:06.821Z</time>
      </trkpt>
      <trkpt lat="50.843082" lon="13.076481">
        <ele>276.000911</ele>
        <time>2026-04-30T22:54:13.008Z</time>
      </trkpt>
      <trkpt lat="50.843166" lon="13.076894">
        <ele>276.041964</ele>
        <time>2026-04-30T22:54:16.541Z</time>
      </trkpt>
      <trkpt lat="50.843289" lon="13.077163">
        <ele>276.073388</ele>
        <time>2026-04-30T22:54:19.281Z</time>
      </trkpt>
      <trkpt lat="50.843564" lon="13.077596">
        <ele>276.160266</ele>
        <time>2026-04-30T22:54:24.941Z</time>
      </trkpt>
      <trkpt lat="50.843722" lon="13.077770">
        <ele>276.235458</ele>
        <time>2026-04-30T22:54:27.978Z</time>
      </trkpt>
      <trkpt lat="50.843903" lon="13.077909">
        <ele>276.314053</ele>
        <time>2026-04-30T22:54:31.398Z</time>
      </trkpt>
      <trkpt lat="50.844181" lon="13.077959">
        <ele>276.423371</ele>
        <time>2026-04-30T22:54:36.208Z</time>
      </trkpt>
      <trkpt lat="50.844455" lon="13.077970">
        <ele>276.530461</ele>
        <time>2026-04-30T22:54:40.674Z</time>
      </trkpt>
      <trkpt lat="50.844604" lon="13.077920">
        <ele>276.589970</ele>
        <time>2026-04-30T22:54:42.711Z</time>
      </trkpt>
      <trkpt lat="50.844844" lon="13.077772">
        <ele>276.690600</ele>
        <time>2026-04-30T22:54:45.403Z</time>
      </trkpt>
      <trkpt lat="50.845342" lon="13.077482">
        <ele>276.381265</ele>
        <time>2026-04-30T22:54:50.418Z</time>
      </trkpt>
      <trkpt lat="50.845459" lon="13.077466">
        <ele>276.136493</ele>
        <time>2026-04-30T22:54:51.493Z</time>
      </trkpt>
      <trkpt lat="50.845537" lon="13.077520">
        <ele>275.959062</ele>
        <time>2026-04-30T22:54:52.256Z</time>
      </trkpt>
      <trkpt lat="50.845597" lon="13.077616">
        <ele>275.781292</ele>
        <time>2026-04-30T22:54:53.045Z</time>
      </trkpt>
      <trkpt lat="50.845642" lon="13.077912">
        <ele>275.380604</ele>
        <time>2026-04-30T22:54:54.751Z</time>
      </trkpt>
      <trkpt lat="50.845596" lon="13.078140">
        <ele>275.065596</ele>
        <time>2026-04-30T22:54:56.064Z</time>
      </trkpt>
      <trkpt lat="50.845580" lon="13.078205">
        <ele>274.973781</ele>
        <time>2026-04-30T22:54:56.442Z</time>
      </trkpt>
      <trkpt lat="50.845528" lon="13.078412">
        <ele>274.680587</ele>
        <time>2026-04-30T22:54:57.640Z</time>
      </trkpt>
      <trkpt lat="50.845482" lon="13.078655">
        <ele>274.346720</ele>
        <time>2026-04-30T22:54:58.963Z</time>
      </trkpt>
      <trkpt lat="50.845482" lon="13.078809">
        <ele>274.144045</ele>
        <time>2026-04-30T22:54:59.745Z</time>
      </trkpt>
      <trkpt lat="50.845490" lon="13.078907">
        <ele>274.013997</ele>
        <time>2026-04-30T22:55:00.239Z</time>
      </trkpt>
      <trkpt lat="50.845608" lon="13.079386">
        <ele>273.337322</ele>
        <time>2026-04-30T22:55:02.828Z</time>
      </trkpt>
      <trkpt lat="50.845664" lon="13.079626">
        <ele>273.040505</ele>
        <time>2026-04-30T22:55:04.205Z</time>
      </trkpt>
      <trkpt lat="50.845837" lon="13.080017">
        <ele>272.787503</ele>
        <time>2026-04-30T22:55:06.993Z</time>
      </trkpt>
      <trkpt lat="50.845924" lon="13.080172">
        <ele>272.677606</ele>
        <time>2026-04-30T22:55:08.228Z</time>
      </trkpt>
      <trkpt lat="50.845932" lon="13.080188">
        <ele>272.666791</ele>
        <time>2026-04-30T22:55:08.348Z</time>
      </trkpt>
      <trkpt lat="50.846154" lon="13.080533">
        <ele>272.405765</ele>
        <time>2026-04-30T22:55:11.519Z</time>
      </trkpt>
      <trkpt lat="50.846208" lon="13.080622">
        <ele>272.340358</ele>
        <time>2026-04-30T22:55:12.365Z</time>
      </trkpt>
      <trkpt lat="50.846301" lon="13.080558">
        <ele>272.255258</ele>
        <time>2026-04-30T22:55:13.422Z</time>
      </trkpt>
      <trkpt lat="50.846385" lon="13.080444">
        <ele>272.162419</ele>
        <time>2026-04-30T22:55:14.592Z</time>
      </trkpt>
      <trkpt lat="50.846511" lon="13.080270">
        <ele>272.022122</ele>
        <time>2026-04-30T22:55:16.350Z</time>
      </trkpt>
      <trkpt lat="50.846670" lon="13.080053">
        <ele>271.845972</ele>
        <time>2026-04-30T22:55:18.562Z</time>
      </trkpt>
      <trkpt lat="50.846748" lon="13.079947">
        <ele>271.759716</ele>
        <time>2026-04-30T22:55:19.658Z</time>
      </trkpt>
      <trkpt lat="50.846984" lon="13.079622">
        <ele>271.582819</ele>
        <time>2026-04-30T22:55:23.744Z</time>
      </trkpt>
      <trkpt lat="50.847233" lon="13.079294">
        <ele>271.694483</ele>
        <time>2026-04-30T22:55:28.136Z</time>
      </trkpt>
      <trkpt lat="50.847480" lon="13.079106">
        <ele>271.788969</ele>
        <time>2026-04-30T22:55:31.759Z</time>
      </trkpt>
      <trkpt lat="50.847738" lon="13.079005">
        <ele>271.880600</ele>
        <time>2026-04-30T22:55:35.640Z</time>
      </trkpt>
      <trkpt lat="50.847818" lon="13.078973">
        <ele>271.909049</ele>
        <time>2026-04-30T22:55:36.835Z</time>
      </trkpt>
      <trkpt lat="50.847869" lon="13.078952">
        <ele>271.927218</ele>
        <time>2026-04-30T22:55:37.546Z</time>
      </trkpt>
      <trkpt lat="50.847936" lon="13.078928">
        <ele>271.950902</ele>
        <time>2026-04-30T22:55:38.466Z</time>
      </trkpt>
      <trkpt lat="50.848102" lon="13.078871">
        <ele>272.009465</ele>
        <time>2026-04-30T22:55:40.512Z</time>
      </trkpt>
      <trkpt lat="50.848358" lon="13.078781">
        <ele>272.099878</ele>
        <time>2026-04-30T22:55:43.627Z</time>
      </trkpt>
      <trkpt lat="50.848572" lon="13.078705">
        <ele>272.175494</ele>
        <time>2026-04-30T22:55:46.366Z</time>
      </trkpt>
      <trkpt lat="50.848838" lon="13.078612">
        <ele>272.165862</ele>
        <time>2026-04-30T22:55:49.822Z</time>
      </trkpt>
      <trkpt lat="50.849194" lon="13.078487">
        <ele>272.149096</ele>
        <time>2026-04-30T22:55:54.358Z</time>
      </trkpt>
      <trkpt lat="50.849593" lon="13.078330">
        <ele>272.130193</ele>
        <time>2026-04-30T22:55:59.556Z</time>
      </trkpt>
      <trkpt lat="50.849645" lon="13.078302">
        <ele>272.127667</ele>
        <time>2026-04-30T22:56:00.156Z</time>
      </trkpt>
      <trkpt lat="50.849692" lon="13.078279">
        <ele>272.125405</ele>
        <time>2026-04-30T22:56:00.701Z</time>
      </trkpt>
      <trkpt lat="50.849758" lon="13.078237">
        <ele>272.122135</ele>
        <time>2026-04-30T22:56:01.486Z</time>
      </trkpt>
      <trkpt lat="50.849865" lon="13.078169">
        <ele>272.116834</ele>
        <time>2026-04-30T22:56:02.755Z</time>
      </trkpt>
      <trkpt lat="50.849918" lon="13.078130">
        <ele>272.114147</ele>
        <time>2026-04-30T22:56:03.377Z</time>
      </trkpt>
      <trkpt lat="50.849940" lon="13.078114">
        <ele>272.113034</ele>
        <time>2026-04-30T22:56:03.643Z</time>
      </trkpt>
      <trkpt lat="50.850007" lon="13.078049">
        <ele>272.109421</ele>
        <time>2026-04-30T22:56:04.511Z</time>
      </trkpt>
      <trkpt lat="50.850280" lon="13.077763">
        <ele>272.082371</ele>
        <time>2026-04-30T22:56:08.140Z</time>
      </trkpt>
      <trkpt lat="50.850387" lon="13.077652">
        <ele>272.004061</ele>
        <time>2026-04-30T22:56:09.561Z</time>
      </trkpt>
      <trkpt lat="50.850520" lon="13.077490">
        <ele>271.901341</ele>
        <time>2026-04-30T22:56:11.377Z</time>
      </trkpt>
      <trkpt lat="50.850561" lon="13.077447">
        <ele>271.871236</ele>
        <time>2026-04-30T22:56:11.892Z</time>
      </trkpt>
      <trkpt lat="50.850789" lon="13.077168">
        <ele>271.694841</ele>
        <time>2026-04-30T22:56:14.888Z</time>
      </trkpt>
      <trkpt lat="50.851140" lon="13.076757">
        <ele>271.427601</ele>
        <time>2026-04-30T22:56:19.310Z</time>
      </trkpt>
      <trkpt lat="50.851285" lon="13.076583">
        <ele>271.316227</ele>
        <time>2026-04-30T22:56:21.073Z</time>
      </trkpt>
      <trkpt lat="50.851390" lon="13.076458">
        <ele>271.235810</ele>
        <time>2026-04-30T22:56:22.346Z</time>
      </trkpt>
      <trkpt lat="50.851464" lon="13.076315">
        <ele>271.164342</ele>
        <time>2026-04-30T22:56:23.481Z</time>
      </trkpt>
      <trkpt lat="50.851555" lon="13.076132">
        <ele>271.074301</ele>
        <time>2026-04-30T22:56:24.955Z</time>
      </trkpt>
      <trkpt lat="50.851602" lon="13.076033">
        <ele>271.026424</ele>
        <time>2026-04-30T22:56:25.762Z</time>
      </trkpt>
      <trkpt lat="50.851747" lon="13.075741">
        <ele>270.952353</ele>
        <time>2026-04-30T22:56:28.233Z</time>
      </trkpt>
      <trkpt lat="50.851933" lon="13.075379">
        <ele>270.884615</ele>
        <time>2026-04-30T22:56:31.487Z</time>
      </trkpt>
      <trkpt lat="50.851991" lon="13.075277">
        <ele>270.864692</ele>
        <time>2026-04-30T22:56:32.482Z</time>
      </trkpt>
      <trkpt lat="50.852140" lon="13.075017">
        <ele>270.813730</ele>
        <time>2026-04-30T22:56:35.185Z</time>
      </trkpt>
      <trkpt lat="50.852422" lon="13.074564">
        <ele>270.721400</ele>
        <time>2026-04-30T22:56:40.465Z</time>
      </trkpt>
      <trkpt lat="50.852773" lon="13.074094">
        <ele>270.615742</ele>
        <time>2026-04-30T22:56:45.592Z</time>
      </trkpt>
      <trkpt lat="50.853080" lon="13.073589">
        <ele>270.458812</ele>
        <time>2026-04-30T22:56:50.351Z</time>
      </trkpt>
      <trkpt lat="50.853209" lon="13.073353">
        <ele>270.376013</ele>
        <time>2026-04-30T22:56:52.405Z</time>
      </trkpt>
      <trkpt lat="50.853357" lon="13.073080">
        <ele>270.280568</ele>
        <time>2026-04-30T22:56:54.777Z</time>
      </trkpt>
      <trkpt lat="50.853490" lon="13.072865">
        <ele>270.200728</ele>
        <time>2026-04-30T22:56:56.760Z</time>
      </trkpt>
      <trkpt lat="50.853593" lon="13.072713">
        <ele>270.141583</ele>
        <time>2026-04-30T22:56:58.273Z</time>
      </trkpt>
      <trkpt lat="50.853717" lon="13.072559">
        <ele>270.075382</ele>
        <time>2026-04-30T22:56:59.922Z</time>
      </trkpt>
      <trkpt lat="50.853848" lon="13.072402">
        <ele>270.006365</ele>
        <time>2026-04-30T22:57:01.573Z</time>
      </trkpt>
      <trkpt lat="50.853899" lon="13.072339">
        <ele>269.979193</ele>
        <time>2026-04-30T22:57:02.204Z</time>
      </trkpt>
      <trkpt lat="50.854275" lon="13.072045">
        <ele>269.852147</ele>
        <time>2026-04-30T22:57:06.649Z</time>
      </trkpt>
      <trkpt lat="50.854304" lon="13.072025">
        <ele>269.868576</ele>
        <time>2026-04-30T22:57:07.023Z</time>
      </trkpt>
      <trkpt lat="50.854498" lon="13.071909">
        <ele>269.976281</ele>
        <time>2026-04-30T22:57:09.560Z</time>
      </trkpt>
      <trkpt lat="50.854547" lon="13.071882">
        <ele>270.003228</ele>
        <time>2026-04-30T22:57:10.237Z</time>
      </trkpt>
      <trkpt lat="50.854728" lon="13.071786">
        <ele>270.102371</ele>
        <time>2026-04-30T22:57:12.797Z</time>
      </trkpt>
      <trkpt lat="50.854951" lon="13.071708">
        <ele>270.220989</ele>
        <time>2026-04-30T22:57:16.034Z</time>
      </trkpt>
      <trkpt lat="50.855504" lon="13.071553">
        <ele>270.512685</ele>
        <time>2026-04-30T22:57:24.249Z</time>
      </trkpt>
      <trkpt lat="50.855689" lon="13.071495">
        <ele>270.610639</ele>
        <time>2026-04-30T22:57:27.038Z</time>
      </trkpt>
      <trkpt lat="50.855964" lon="13.071430">
        <ele>270.755058</ele>
        <time>2026-04-30T22:57:31.107Z</time>
      </trkpt>
      <trkpt lat="50.855990" lon="13.071426">
        <ele>270.755581</ele>
        <time>2026-04-30T22:57:31.486Z</time>
      </trkpt>
      <trkpt lat="50.856137" lon="13.071359">
        <ele>270.724819</ele>
        <time>2026-04-30T22:57:33.699Z</time>
      </trkpt>
      <trkpt lat="50.856165" lon="13.071338">
        <ele>270.718588</ele>
        <time>2026-04-30T22:57:34.147Z</time>
      </trkpt>
      <trkpt lat="50.856320" lon="13.071230">
        <ele>270.684535</ele>
        <time>2026-04-30T22:57:36.489Z</time>
      </trkpt>
      <trkpt lat="50.856544" lon="13.070974">
        <ele>270.628987</ele>
        <time>2026-04-30T22:57:40.100Z</time>
      </trkpt>
      <trkpt lat="50.856660" lon="13.070715">
        <ele>270.588672</ele>
        <time>2026-04-30T22:57:42.542Z</time>
      </trkpt>
      <trkpt lat="50.856683" lon="13.070648">
        <ele>270.578990</ele>
        <time>2026-04-30T22:57:43.083Z</time>
      </trkpt>
      <trkpt lat="50.856788" lon="13.070335">
        <ele>270.533992</ele>
        <time>2026-04-30T22:57:45.517Z</time>
      </trkpt>
      <trkpt lat="50.856806" lon="13.070279">
        <ele>270.526014</ele>
        <time>2026-04-30T22:57:45.941Z</time>
      </trkpt>
      <trkpt lat="50.857293" lon="13.068895">
        <ele>270.136992</ele>
        <time>2026-04-30T22:57:55.631Z</time>
      </trkpt>
      <trkpt lat="50.857393" lon="13.068660">
        <ele>270.007962</ele>
        <time>2026-04-30T22:57:57.355Z</time>
      </trkpt>
      <trkpt lat="50.857687" lon="13.068112">
        <ele>269.680538</ele>
        <time>2026-04-30T22:58:01.909Z</time>
      </trkpt>
      <trkpt lat="50.857884" lon="13.067765">
        <ele>269.468064</ele>
        <time>2026-04-30T22:58:05.126Z</time>
      </trkpt>
      <trkpt lat="50.857947" lon="13.067656">
        <ele>269.400780</ele>
        <time>2026-04-30T22:58:06.172Z</time>
      </trkpt>
      <trkpt lat="50.858103" lon="13.067382">
        <ele>269.232792</ele>
        <time>2026-04-30T22:58:08.783Z</time>
      </trkpt>
      <trkpt lat="50.858267" lon="13.067087">
        <ele>269.053388</ele>
        <time>2026-04-30T22:58:11.507Z</time>
      </trkpt>
      <trkpt lat="50.858507" lon="13.066757">
        <ele>268.822015</ele>
        <time>2026-04-30T22:58:14.778Z</time>
      </trkpt>
      <trkpt lat="50.858862" lon="13.066470">
        <ele>268.531843</ele>
        <time>2026-04-30T22:58:18.481Z</time>
      </trkpt>
      <trkpt lat="50.859089" lon="13.066278">
        <ele>268.344492</ele>
        <time>2026-04-30T22:58:20.877Z</time>
      </trkpt>
      <trkpt lat="50.859179" lon="13.066205">
        <ele>268.270878</ele>
        <time>2026-04-30T22:58:21.863Z</time>
      </trkpt>
      <trkpt lat="50.859256" lon="13.066146">
        <ele>268.208604</ele>
        <time>2026-04-30T22:58:22.691Z</time>
      </trkpt>
      <trkpt lat="50.859293" lon="13.066122">
        <ele>268.179495</ele>
        <time>2026-04-30T22:58:23.103Z</time>
      </trkpt>
      <trkpt lat="50.859426" lon="13.066015">
        <ele>268.070892</ele>
        <time>2026-04-30T22:58:24.610Z</time>
      </trkpt>
      <trkpt lat="50.859474" lon="13.065974">
        <ele>268.031189</ele>
        <time>2026-04-30T22:58:25.164Z</time>
      </trkpt>
      <trkpt lat="50.859792" lon="13.065634">
        <ele>267.959815</ele>
        <time>2026-04-30T22:58:29.120Z</time>
      </trkpt>
      <trkpt lat="50.859921" lon="13.065608">
        <ele>268.371537</ele>
        <time>2026-04-30T22:58:30.575Z</time>
      </trkpt>
      <trkpt lat="50.860025" lon="13.065627">
        <ele>268.702995</ele>
        <time>2026-04-30T22:58:31.860Z</time>
      </trkpt>
      <trkpt lat="50.860404" lon="13.065762">
        <ele>269.932911</ele>
        <time>2026-04-30T22:58:38.294Z</time>
      </trkpt>
      <trkpt lat="50.860626" lon="13.065837">
        <ele>270.651594</ele>
        <time>2026-04-30T22:58:43.666Z</time>
      </trkpt>
      <trkpt lat="50.860668" lon="13.065851">
        <ele>270.787482</ele>
        <time>2026-04-30T22:58:44.728Z</time>
      </trkpt>
      <trkpt lat="50.860710" lon="13.065865">
        <ele>270.923371</ele>
        <time>2026-04-30T22:58:45.863Z</time>
      </trkpt>
      <trkpt lat="50.860760" lon="13.065882">
        <ele>271.085281</ele>
        <time>2026-04-30T22:58:47.272Z</time>
      </trkpt>
      <trkpt lat="50.861097" lon="13.066015">
        <ele>272.184871</ele>
        <time>2026-04-30T22:58:57.528Z</time>
      </trkpt>
      <trkpt lat="50.861135" lon="13.066033">
        <ele>272.310447</ele>
        <time>2026-04-30T22:58:58.727Z</time>
      </trkpt>
      <trkpt lat="50.861384" lon="13.066150">
        <ele>273.132754</ele>
        <time>2026-04-30T22:59:06.449Z</time>
      </trkpt>
      <trkpt lat="50.861668" lon="13.066308">
        <ele>273.920118</ele>
        <time>2026-04-30T22:59:15.004Z</time>
      </trkpt>
      <trkpt lat="50.861750" lon="13.066353">
        <ele>274.119059</ele>
        <time>2026-04-30T22:59:17.410Z</time>
      </trkpt>
      <trkpt lat="50.861983" lon="13.066487">
        <ele>274.687309</ele>
        <time>2026-04-30T22:59:24.255Z</time>
      </trkpt>
      <trkpt lat="50.862163" lon="13.066621">
        <ele>275.143238</ele>
        <time>2026-04-30T22:59:29.580Z</time>
      </trkpt>
      <trkpt lat="50.862324" lon="13.066266">
        <ele>275.775766</ele>
        <time>2026-04-30T22:59:35.952Z</time>
      </trkpt>
      <trkpt lat="50.862423" lon="13.065951">
        <ele>276.284941</ele>
        <time>2026-04-30T22:59:39.851Z</time>
      </trkpt>
      <trkpt lat="50.862494" lon="13.065601">
        <ele>276.816894</ele>
        <time>2026-04-30T22:59:42.704Z</time>
      </trkpt>
      <trkpt lat="50.862549" lon="13.065321">
        <ele>277.241212</ele>
        <time>2026-04-30T22:59:44.557Z</time>
      </trkpt>
      <trkpt lat="50.862566" lon="13.065230">
        <ele>277.378533</ele>
        <time>2026-04-30T22:59:45.118Z</time>
      </trkpt>
      <trkpt lat="50.862673" lon="13.064074">
        <ele>276.130366</ele>
        <time>2026-04-30T22:59:51.323Z</time>
      </trkpt>
      <trkpt lat="50.862730" lon="13.063464">
        <ele>275.227016</ele>
        <time>2026-04-30T22:59:54.481Z</time>
      </trkpt>
      <trkpt lat="50.862737" lon="13.063407">
        <ele>275.141949</ele>
        <time>2026-04-30T22:59:54.779Z</time>
      </trkpt>
      <trkpt lat="50.862836" lon="13.062736">
        <ele>274.132482</ele>
        <time>2026-04-30T22:59:58.377Z</time>
      </trkpt>
      <trkpt lat="50.862959" lon="13.062137">
        <ele>273.349304</ele>
        <time>2026-04-30T23:00:01.881Z</time>
      </trkpt>
      <trkpt lat="50.863077" lon="13.061736">
        <ele>273.104071</ele>
        <time>2026-04-30T23:00:04.483Z</time>
      </trkpt>
      <trkpt lat="50.863316" lon="13.061046">
        <ele>272.667819</ele>
        <time>2026-04-30T23:00:09.159Z</time>
      </trkpt>
      <trkpt lat="50.863569" lon="13.060391">
        <ele>272.242185</ele>
        <time>2026-04-30T23:00:14.508Z</time>
      </trkpt>
      <trkpt lat="50.863624" lon="13.060254">
        <ele>272.152191</ele>
        <time>2026-04-30T23:00:15.748Z</time>
      </trkpt>
      <trkpt lat="50.863712" lon="13.060032">
        <ele>272.006890</ele>
        <time>2026-04-30T23:00:17.794Z</time>
      </trkpt>
      <trkpt lat="50.863780" lon="13.059862">
        <ele>271.895336</ele>
        <time>2026-04-30T23:00:19.436Z</time>
      </trkpt>
      <trkpt lat="50.864420" lon="13.058066">
        <ele>271.499873</ele>
        <time>2026-04-30T23:00:33.848Z</time>
      </trkpt>
      <trkpt lat="50.864665" lon="13.057381">
        <ele>271.359412</ele>
        <time>2026-04-30T23:00:39.404Z</time>
      </trkpt>
      <trkpt lat="50.864762" lon="13.057115">
        <ele>271.191145</ele>
        <time>2026-04-30T23:00:41.575Z</time>
      </trkpt>
      <trkpt lat="50.865435" lon="13.055281">
        <ele>269.784421</ele>
        <time>2026-04-30T23:00:55.015Z</time>
      </trkpt>
      <trkpt lat="50.865953" lon="13.053806">
        <ele>268.049564</ele>
        <time>2026-04-30T23:01:04.187Z</time>
      </trkpt>
      <trkpt lat="50.865960" lon="13.053788">
        <ele>268.024642</ele>
        <time>2026-04-30T23:01:04.291Z</time>
      </trkpt>
      <trkpt lat="50.866033" lon="13.053586">
        <ele>267.750258</ele>
        <time>2026-04-30T23:01:05.501Z</time>
      </trkpt>
      <trkpt lat="50.866284" lon="13.052847">
        <ele>266.761016</ele>
        <time>2026-04-30T23:01:10.128Z</time>
      </trkpt>
      <trkpt lat="50.866367" lon="13.052493">
        <ele>266.315869</ele>
        <time>2026-04-30T23:01:12.323Z</time>
      </trkpt>
      <trkpt lat="50.866399" lon="13.052093">
        <ele>266.055854</ele>
        <time>2026-04-30T23:01:14.823Z</time>
      </trkpt>
      <trkpt lat="50.866578" lon="13.051989">
        <ele>265.998293</ele>
        <time>2026-04-30T23:01:16.889Z</time>
      </trkpt>
      <trkpt lat="50.866822" lon="13.051737">
        <ele>265.910358</ele>
        <time>2026-04-30T23:01:20.104Z</time>
      </trkpt>
      <trkpt lat="50.866737" lon="13.051602">
        <ele>265.874022</ele>
        <time>2026-04-30T23:01:21.432Z</time>
      </trkpt>
      <trkpt lat="50.867032" lon="13.051256">
        <ele>265.763211</ele>
        <time>2026-04-30T23:01:25.729Z</time>
      </trkpt>
      <trkpt lat="50.867285" lon="13.050791">
        <ele>265.646228</ele>
        <time>2026-04-30T23:01:30.315Z</time>
      </trkpt>
      <trkpt lat="50.867534" lon="13.050191">
        <ele>265.564166</ele>
        <time>2026-04-30T23:01:35.905Z</time>
      </trkpt>
      <trkpt lat="50.868426" lon="13.048956">
        <ele>265.642503</ele>
        <time>2026-04-30T23:01:49.925Z</time>
      </trkpt>
      <trkpt lat="50.868740" lon="13.048447">
        <ele>265.672210</ele>
        <time>2026-04-30T23:01:55.237Z</time>
      </trkpt>
      <trkpt lat="50.868786" lon="13.048284">
        <ele>265.691910</ele>
        <time>2026-04-30T23:01:56.772Z</time>
      </trkpt>
      <trkpt lat="50.869087" lon="13.047778">
        <ele>265.776573</ele>
        <time>2026-04-30T23:02:02.543Z</time>
      </trkpt>
      <trkpt lat="50.869455" lon="13.047403">
        <ele>265.860983</ele>
        <time>2026-04-30T23:02:08.135Z</time>
      </trkpt>
      <trkpt lat="50.869628" lon="13.047269">
        <ele>265.898133</ele>
        <time>2026-04-30T23:02:10.720Z</time>
      </trkpt>
      <trkpt lat="50.870613" lon="13.046154">
        <ele>265.854046</ele>
        <time>2026-04-30T23:02:25.478Z</time>
      </trkpt>
      <trkpt lat="50.871262" lon="13.044800">
        <ele>265.545135</ele>
        <time>2026-04-30T23:02:36.304Z</time>
      </trkpt>
      <trkpt lat="50.871960" lon="13.043515">
        <ele>266.092563</ele>
        <time>2026-04-30T23:02:50.006Z</time>
      </trkpt>
      <trkpt lat="50.873318" lon="13.042034">
        <ele>266.543174</ele>
        <time>2026-04-30T23:03:15.775Z</time>
      </trkpt>
      <trkpt lat="50.873853" lon="13.040328">
        <ele>266.297595</ele>
        <time>2026-04-30T23:03:27.653Z</time>
      </trkpt>
      <trkpt lat="50.873930" lon="13.040053">
        <ele>266.191297</ele>
        <time>2026-04-30T23:03:29.194Z</time>
      </trkpt>
      <trkpt lat="50.873956" lon="13.039851">
        <ele>266.118458</ele>
        <time>2026-04-30T23:03:30.311Z</time>
      </trkpt>
      <trkpt lat="50.873962" lon="13.039469">
        <ele>265.983450</ele>
        <time>2026-04-30T23:03:32.676Z</time>
      </trkpt>
      <trkpt lat="50.873962" lon="13.039234">
        <ele>265.900421</ele>
        <time>2026-04-30T23:03:34.263Z</time>
      </trkpt>
      <trkpt lat="50.874012" lon="13.038760">
        <ele>265.730625</ele>
        <time>2026-04-30T23:03:38.003Z</time>
      </trkpt>
      <trkpt lat="50.874085" lon="13.038393">
        <ele>265.594669</ele>
        <time>2026-04-30T23:03:41.399Z</time>
      </trkpt>
      <trkpt lat="50.874120" lon="13.038303">
        <ele>265.557318</ele>
        <time>2026-04-30T23:03:42.142Z</time>
      </trkpt>
      <trkpt lat="50.874288" lon="13.038128">
        <ele>265.444752</ele>
        <time>2026-04-30T23:03:44.309Z</time>
      </trkpt>
      <trkpt lat="50.874373" lon="13.037976">
        <ele>265.381338</ele>
        <time>2026-04-30T23:03:45.690Z</time>
      </trkpt>
      <trkpt lat="50.874474" lon="13.037412">
        <ele>265.285271</ele>
        <time>2026-04-30T23:03:50.155Z</time>
      </trkpt>
      <trkpt lat="50.874646" lon="13.037094">
        <ele>265.216640</ele>
        <time>2026-04-30T23:03:54.273Z</time>
      </trkpt>
      <trkpt lat="50.874683" lon="13.037071">
        <ele>265.206320</ele>
        <time>2026-04-30T23:03:54.808Z</time>
      </trkpt>
      <trkpt lat="50.874762" lon="13.036830">
        <ele>265.161819</ele>
        <time>2026-04-30T23:03:57.599Z</time>
      </trkpt>
      <trkpt lat="50.874853" lon="13.036025">
        <ele>265.027811</ele>
        <time>2026-04-30T23:04:02.903Z</time>
      </trkpt>
      <trkpt lat="50.874863" lon="13.035344">
        <ele>264.919050</ele>
        <time>2026-04-30T23:04:06.791Z</time>
      </trkpt>
      <trkpt lat="50.874907" lon="13.035099">
        <ele>264.899829</ele>
        <time>2026-04-30T23:04:08.242Z</time>
      </trkpt>
      <trkpt lat="50.874846" lon="13.034724">
        <ele>264.870609</ele>
        <time>2026-04-30T23:04:10.580Z</time>
      </trkpt>
      <trkpt lat="50.875033" lon="13.032788">
        <ele>264.722827</ele>
        <time>2026-04-30T23:04:24.977Z</time>
      </trkpt>
      <trkpt lat="50.875171" lon="13.031928">
        <ele>265.332144</ele>
        <time>2026-04-30T23:04:34.468Z</time>
      </trkpt>
      <trkpt lat="50.875238" lon="13.031692">
        <ele>265.573889</ele>
        <time>2026-04-30T23:04:37.363Z</time>
      </trkpt>
      <trkpt lat="50.875391" lon="13.030658">
        <ele>266.566001</ele>
        <time>2026-04-30T23:04:49.292Z</time>
      </trkpt>
      <trkpt lat="50.875439" lon="13.029666">
        <ele>267.457958</ele>
        <time>2026-04-30T23:04:59.950Z</time>
      </trkpt>
      <trkpt lat="50.875423" lon="13.028533">
        <ele>268.202721</ele>
        <time>2026-04-30T23:05:10.998Z</time>
      </trkpt>
      <trkpt lat="50.875450" lon="13.027444">
        <ele>268.918934</ele>
        <time>2026-04-30T23:05:21.176Z</time>
      </trkpt>
      <trkpt lat="50.875496" lon="13.026965">
        <ele>269.237344</ele>
        <time>2026-04-30T23:05:25.598Z</time>
      </trkpt>
      <trkpt lat="50.875516" lon="13.026680">
        <ele>269.263100</ele>
        <time>2026-04-30T23:05:28.229Z</time>
      </trkpt>
      <trkpt lat="50.875505" lon="13.025883">
        <ele>269.322355</ele>
        <time>2026-04-30T23:05:35.270Z</time>
      </trkpt>
      <trkpt lat="50.875470" lon="13.024688">
        <ele>269.411273</ele>
        <time>2026-04-30T23:05:44.285Z</time>
      </trkpt>
      <trkpt lat="50.875412" lon="13.023920">
        <ele>269.252816</ele>
        <time>2026-04-30T23:05:49.697Z</time>
      </trkpt>
      <trkpt lat="50.875419" lon="13.022544">
        <ele>267.836391</ele>
        <time>2026-04-30T23:05:57.582Z</time>
      </trkpt>
      <trkpt lat="50.875394" lon="13.022060">
        <ele>267.336521</ele>
        <time>2026-04-30T23:06:00.254Z</time>
      </trkpt>
      <trkpt lat="50.875321" lon="13.021665">
        <ele>266.912850</ele>
        <time>2026-04-30T23:06:02.488Z</time>
      </trkpt>
      <trkpt lat="50.875374" lon="13.021471">
        <ele>266.695244</ele>
        <time>2026-04-30T23:06:03.639Z</time>
      </trkpt>
      <trkpt lat="50.875511" lon="13.019661">
        <ele>265.069659</ele>
        <time>2026-04-30T23:06:13.694Z</time>
      </trkpt>
      <trkpt lat="50.875395" lon="13.018898">
        <ele>264.380922</ele>
        <time>2026-04-30T23:06:18.809Z</time>
      </trkpt>
      <trkpt lat="50.875376" lon="13.018572">
        <ele>264.093620</ele>
        <time>2026-04-30T23:06:20.942Z</time>
      </trkpt>
      <trkpt lat="50.875574" lon="13.017745">
        <ele>264.741426</ele>
        <time>2026-04-30T23:06:27.174Z</time>
      </trkpt>
      <trkpt lat="50.875722" lon="13.017300">
        <ele>265.196298</ele>
        <time>2026-04-30T23:06:31.496Z</time>
      </trkpt>
      <trkpt lat="50.875764" lon="13.017155">
        <ele>265.340571</ele>
        <time>2026-04-30T23:06:33.131Z</time>
      </trkpt>
      <trkpt lat="50.876012" lon="13.015967">
        <ele>266.472098</ele>
        <time>2026-04-30T23:06:48.656Z</time>
      </trkpt>
      <trkpt lat="50.876142" lon="13.015683">
        <ele>266.940243</ele>
        <time>2026-04-30T23:06:53.821Z</time>
      </trkpt>
      <trkpt lat="50.876797" lon="13.014820">
        <ele>269.114851</ele>
        <time>2026-04-30T23:07:14.859Z</time>
      </trkpt>
      <trkpt lat="50.876961" lon="13.014604">
        <ele>269.659249</ele>
        <time>2026-04-30T23:07:19.642Z</time>
      </trkpt>
      <trkpt lat="50.877093" lon="13.014466">
        <ele>270.062959</ele>
        <time>2026-04-30T23:07:22.723Z</time>
      </trkpt>
      <trkpt lat="50.877471" lon="13.014092">
        <ele>271.179238</ele>
        <time>2026-04-30T23:07:29.936Z</time>
      </trkpt>
      <trkpt lat="50.877606" lon="13.013931">
        <ele>270.869179</ele>
        <time>2026-04-30T23:07:31.904Z</time>
      </trkpt>
      <trkpt lat="50.877654" lon="13.013861">
        <ele>270.749471</ele>
        <time>2026-04-30T23:07:32.578Z</time>
      </trkpt>
      <trkpt lat="50.878188" lon="13.013045">
        <ele>269.388153</ele>
        <time>2026-04-30T23:07:38.952Z</time>
      </trkpt>
      <trkpt lat="50.878499" lon="13.012583">
        <ele>268.605888</ele>
        <time>2026-04-30T23:07:42.467Z</time>
      </trkpt>
      <trkpt lat="50.878787" lon="13.012251">
        <ele>267.952332</ele>
        <time>2026-04-30T23:07:45.442Z</time>
      </trkpt>
      <trkpt lat="50.878923" lon="13.012009">
        <ele>267.510847</ele>
        <time>2026-04-30T23:07:47.165Z</time>
      </trkpt>
      <trkpt lat="50.879133" lon="13.011728">
        <ele>266.898803</ele>
        <time>2026-04-30T23:07:49.445Z</time>
      </trkpt>
      <trkpt lat="50.879306" lon="13.011411">
        <ele>266.309886</ele>
        <time>2026-04-30T23:07:51.697Z</time>
      </trkpt>
      <trkpt lat="50.879374" lon="13.011146">
        <ele>265.907920</ele>
        <time>2026-04-30T23:07:53.259Z</time>
      </trkpt>
      <trkpt lat="50.879485" lon="13.010857">
        <ele>265.432527</ele>
        <time>2026-04-30T23:07:55.172Z</time>
      </trkpt>
      <trkpt lat="50.879759" lon="13.010535">
        <ele>264.672907</ele>
        <time>2026-04-30T23:07:58.234Z</time>
      </trkpt>
      <trkpt lat="50.879895" lon="13.010472">
        <ele>264.357372</ele>
        <time>2026-04-30T23:07:59.483Z</time>
      </trkpt>
      <trkpt lat="50.880025" lon="13.010459">
        <ele>264.067294</ele>
        <time>2026-04-30T23:08:00.632Z</time>
      </trkpt>
      <trkpt lat="50.880317" lon="13.010525">
        <ele>263.546105</ele>
        <time>2026-04-30T23:08:03.196Z</time>
      </trkpt>
      <trkpt lat="50.880618" lon="13.010880">
        <ele>262.951004</ele>
        <time>2026-04-30T23:08:06.410Z</time>
      </trkpt>
      <trkpt lat="50.881073" lon="13.011525">
        <ele>261.982776</ele>
        <time>2026-04-30T23:08:11.930Z</time>
      </trkpt>
      <trkpt lat="50.881287" lon="13.011882">
        <ele>261.489980</ele>
        <time>2026-04-30T23:08:15.212Z</time>
      </trkpt>
      <trkpt lat="50.881514" lon="13.012352">
        <ele>260.926675</ele>
        <time>2026-04-30T23:08:18.926Z</time>
      </trkpt>
      <trkpt lat="50.881834" lon="13.013212">
        <ele>260.148307</ele>
        <time>2026-04-30T23:08:24.662Z</time>
      </trkpt>
      <trkpt lat="50.881843" lon="13.013231">
        <ele>260.129785</ele>
        <time>2026-04-30T23:08:24.797Z</time>
      </trkpt>
      <trkpt lat="50.881928" lon="13.013339">
        <ele>259.995173</ele>
        <time>2026-04-30T23:08:25.774Z</time>
      </trkpt>
      <trkpt lat="50.882008" lon="13.013371">
        <ele>259.893222</ele>
        <time>2026-04-30T23:08:26.529Z</time>
      </trkpt>
      <trkpt lat="50.882581" lon="13.013395">
        <ele>259.184949</ele>
        <time>2026-04-30T23:08:31.941Z</time>
      </trkpt>
      <trkpt lat="50.882713" lon="13.013512">
        <ele>258.998073</ele>
        <time>2026-04-30T23:08:33.334Z</time>
      </trkpt>
      <trkpt lat="50.882792" lon="13.013665">
        <ele>258.843944</ele>
        <time>2026-04-30T23:08:34.469Z</time>
      </trkpt>
      <trkpt lat="50.882930" lon="13.013979">
        <ele>259.677042</ele>
        <time>2026-04-30T23:08:36.703Z</time>
      </trkpt>
      <trkpt lat="50.883079" lon="13.014181">
        <ele>260.485392</ele>
        <time>2026-04-30T23:08:38.745Z</time>
      </trkpt>
      <trkpt lat="50.883556" lon="13.014602">
        <ele>262.736294</ele>
        <time>2026-04-30T23:08:48.732Z</time>
      </trkpt>
      <trkpt lat="50.883717" lon="13.014602">
        <ele>263.400065</ele>
        <time>2026-04-30T23:08:53.195Z</time>
      </trkpt>
      <trkpt lat="50.884005" lon="13.014438">
        <ele>264.661731</ele>
        <time>2026-04-30T23:09:03.437Z</time>
      </trkpt>
      <trkpt lat="50.884087" lon="13.014326">
        <ele>265.108001</ele>
        <time>2026-04-30T23:09:07.580Z</time>
      </trkpt>
      <trkpt lat="50.884122" lon="13.014278">
        <ele>265.298813</ele>
        <time>2026-04-30T23:09:09.342Z</time>
      </trkpt>
      <trkpt lat="50.884785" lon="13.013062">
        <ele>273.218921</ele>
        <time>2026-04-30T23:09:56.610Z</time>
      </trkpt>
      <trkpt lat="50.884864" lon="13.012805">
        <ele>274.816263</ele>
        <time>2026-04-30T23:10:06.038Z</time>
      </trkpt>
      <trkpt lat="50.884870" lon="13.012584">
        <ele>276.052217</ele>
        <time>2026-04-30T23:10:13.026Z</time>
      </trkpt>
      <trkpt lat="50.884832" lon="13.012343">
        <ele>277.440195</ele>
        <time>2026-04-30T23:10:20.025Z</time>
      </trkpt>
      <trkpt lat="50.884713" lon="13.011973">
        <ele>279.760673</ele>
        <time>2026-04-30T23:10:29.859Z</time>
      </trkpt>
      <trkpt lat="50.884668" lon="13.011788">
        <ele>280.868512</ele>
        <time>2026-04-30T23:10:33.761Z</time>
      </trkpt>
      <trkpt lat="50.884649" lon="13.011482">
        <ele>282.168631</ele>
        <time>2026-04-30T23:10:39.066Z</time>
      </trkpt>
      <trkpt lat="50.884709" lon="13.011252">
        <ele>282.223074</ele>
        <time>2026-04-30T23:10:42.494Z</time>
      </trkpt>
      <trkpt lat="50.884825" lon="13.011069">
        <ele>282.279820</ele>
        <time>2026-04-30T23:10:45.364Z</time>
      </trkpt>
      <trkpt lat="50.885015" lon="13.010944">
        <ele>282.351148</ele>
        <time>2026-04-30T23:10:47.908Z</time>
      </trkpt>
      <trkpt lat="50.885311" lon="13.010640">
        <ele>282.473441</ele>
        <time>2026-04-30T23:10:51.331Z</time>
      </trkpt>
      <trkpt lat="50.885763" lon="13.009939">
        <ele>282.692700</ele>
        <time>2026-04-30T23:10:56.620Z</time>
      </trkpt>
      <trkpt lat="50.886013" lon="13.009494">
        <ele>283.269611</ele>
        <time>2026-04-30T23:10:59.982Z</time>
      </trkpt>
      <trkpt lat="50.886080" lon="13.009275">
        <ele>283.820318</ele>
        <time>2026-04-30T23:11:01.946Z</time>
      </trkpt>
      <trkpt lat="50.886237" lon="13.008112">
        <ele>286.511317</ele>
        <time>2026-04-30T23:11:21.733Z</time>
      </trkpt>
      <trkpt lat="50.885955" lon="13.007877">
        <ele>287.653974</ele>
        <time>2026-04-30T23:11:34.121Z</time>
      </trkpt>
      <trkpt lat="50.885848" lon="13.007822">
        <ele>288.057407</ele>
        <time>2026-04-30T23:11:38.124Z</time>
      </trkpt>
      <trkpt lat="50.885119" lon="13.007820">
        <ele>288.463980</ele>
        <time>2026-04-30T23:11:56.100Z</time>
      </trkpt>
      <trkpt lat="50.884994" lon="13.007844">
        <ele>288.225918</ele>
        <time>2026-04-30T23:11:57.906Z</time>
      </trkpt>
      <trkpt lat="50.884989" lon="13.007845">
        <ele>288.216389</ele>
        <time>2026-04-30T23:11:57.988Z</time>
      </trkpt>
      <trkpt lat="50.884994" lon="13.007844">
        <ele>288.206861</ele>
        <time>2026-04-30T23:11:58.035Z</time>
      </trkpt>
      <trkpt lat="50.885119" lon="13.007820">
        <ele>287.968799</ele>
        <time>2026-04-30T23:11:59.306Z</time>
      </trkpt>
      <trkpt lat="50.885848" lon="13.007822">
        <ele>286.590494</ele>
        <time>2026-04-30T23:12:05.005Z</time>
      </trkpt>
      <trkpt lat="50.885955" lon="13.007877">
        <ele>286.377821</ele>
        <time>2026-04-30T23:12:05.809Z</time>
      </trkpt>
      <trkpt lat="50.886237" lon="13.008112">
        <ele>285.791810</ele>
        <time>2026-04-30T23:12:08.045Z</time>
      </trkpt>
      <trkpt lat="50.886080" lon="13.009275">
        <ele>284.836614</ele>
        <time>2026-04-30T23:12:13.793Z</time>
      </trkpt>
      <trkpt lat="50.886013" lon="13.009494">
        <ele>284.641135</ele>
        <time>2026-04-30T23:12:15.497Z</time>
      </trkpt>
      <trkpt lat="50.885763" lon="13.009939">
        <ele>284.162564</ele>
        <time>2026-04-30T23:12:22.128Z</time>
      </trkpt>
      <trkpt lat="50.885311" lon="13.010640">
        <ele>283.484544</ele>
        <time>2026-04-30T23:12:35.026Z</time>
      </trkpt>
      <trkpt lat="50.885015" lon="13.010944">
        <ele>283.355635</ele>
        <time>2026-04-30T23:12:41.223Z</time>
      </trkpt>
      <trkpt lat="50.884825" lon="13.011069">
        <ele>283.280449</ele>
        <time>2026-04-30T23:12:45.069Z</time>
      </trkpt>
      <trkpt lat="50.884709" lon="13.011252">
        <ele>283.220632</ele>
        <time>2026-04-30T23:12:47.622Z</time>
      </trkpt>
      <trkpt lat="50.884649" lon="13.011482">
        <ele>283.163244</ele>
        <time>2026-04-30T23:12:49.583Z</time>
      </trkpt>
      <trkpt lat="50.884668" lon="13.011788">
        <ele>283.092345</ele>
        <time>2026-04-30T23:12:51.549Z</time>
      </trkpt>
      <trkpt lat="50.884713" lon="13.011973">
        <ele>283.046627</ele>
        <time>2026-04-30T23:12:52.694Z</time>
      </trkpt>
      <trkpt lat="50.884804" lon="13.011734">
        <ele>282.982259</ele>
        <time>2026-04-30T23:12:54.188Z</time>
      </trkpt>
      <trkpt lat="50.884870" lon="13.011519">
        <ele>282.927128</ele>
        <time>2026-04-30T23:12:55.394Z</time>
      </trkpt>
      <trkpt lat="50.884954" lon="13.011342">
        <ele>282.851865</ele>
        <time>2026-04-30T23:12:56.469Z</time>
      </trkpt>
      <trkpt lat="50.885248" lon="13.011197">
        <ele>281.532948</ele>
        <time>2026-04-30T23:12:58.765Z</time>
      </trkpt>
      <trkpt lat="50.885335" lon="13.011123">
        <ele>281.110015</ele>
        <time>2026-04-30T23:12:59.503Z</time>
      </trkpt>
      <trkpt lat="50.885914" lon="13.010246">
        <ele>277.679556</ele>
        <time>2026-04-30T23:13:05.490Z</time>
      </trkpt>
      <trkpt lat="50.886070" lon="13.010175">
        <ele>276.984323</ele>
        <time>2026-04-30T23:13:06.726Z</time>
      </trkpt>
      <trkpt lat="50.886464" lon="13.009876">
        <ele>275.173159</ele>
        <time>2026-04-30T23:13:10.246Z</time>
      </trkpt>
      <trkpt lat="50.886657" lon="13.009881">
        <ele>275.165280</ele>
        <time>2026-04-30T23:13:11.923Z</time>
      </trkpt>
      <trkpt lat="50.887012" lon="13.009961">
        <ele>275.150643</ele>
        <time>2026-04-30T23:13:15.065Z</time>
      </trkpt>
      <trkpt lat="50.887172" lon="13.010050">
        <ele>275.143721</ele>
        <time>2026-04-30T23:13:16.594Z</time>
      </trkpt>
      <trkpt lat="50.887330" lon="13.010084">
        <ele>275.137213</ele>
        <time>2026-04-30T23:13:18.136Z</time>
      </trkpt>
      <trkpt lat="50.887453" lon="13.010071">
        <ele>275.132180</ele>
        <time>2026-04-30T23:13:19.462Z</time>
      </trkpt>
      <trkpt lat="50.887724" lon="13.009890">
        <ele>275.120176</ele>
        <time>2026-04-30T23:13:23.462Z</time>
      </trkpt>
      <trkpt lat="50.887839" lon="13.009684">
        <ele>275.113093</ele>
        <time>2026-04-30T23:13:26.536Z</time>
      </trkpt>
      <trkpt lat="50.887862" lon="13.009514">
        <ele>275.108616</ele>
        <time>2026-04-30T23:13:28.643Z</time>
      </trkpt>
      <trkpt lat="50.887923" lon="13.009455">
        <ele>275.105699</ele>
        <time>2026-04-30T23:13:30.117Z</time>
      </trkpt>
      <trkpt lat="50.888315" lon="13.008659">
        <ele>278.463607</ele>
        <time>2026-04-30T23:13:46.440Z</time>
      </trkpt>
      <trkpt lat="50.888447" lon="13.008454">
        <ele>279.693925</ele>
        <time>2026-04-30T23:13:52.273Z</time>
      </trkpt>
      <trkpt lat="50.888643" lon="13.008382">
        <ele>281.033448</ele>
        <time>2026-04-30T23:13:59.343Z</time>
      </trkpt>
      <trkpt lat="50.888829" lon="13.008471">
        <ele>282.326998</ele>
        <time>2026-04-30T23:14:07.206Z</time>
      </trkpt>
      <trkpt lat="50.889020" lon="13.008677">
        <ele>283.865068</ele>
        <time>2026-04-30T23:14:16.746Z</time>
      </trkpt>
      <trkpt lat="50.889229" lon="13.008984">
        <ele>285.762110</ele>
        <time>2026-04-30T23:14:28.505Z</time>
      </trkpt>
      <trkpt lat="50.889235" lon="13.008992">
        <ele>285.814308</ele>
        <time>2026-04-30T23:14:28.823Z</time>
      </trkpt>
      <trkpt lat="50.889401" lon="13.009236">
        <ele>287.199941</ele>
        <time>2026-04-30T23:14:37.907Z</time>
      </trkpt>
      <trkpt lat="50.889617" lon="13.009674">
        <ele>288.381261</ele>
        <time>2026-04-30T23:14:50.721Z</time>
      </trkpt>
      <trkpt lat="50.889707" lon="13.009854">
        <ele>288.869302</ele>
        <time>2026-04-30T23:14:55.396Z</time>
      </trkpt>
      <trkpt lat="50.890242" lon="13.010557">
        <ele>291.209978</ele>
        <time>2026-04-30T23:15:11.410Z</time>
      </trkpt>
      <trkpt lat="50.890532" lon="13.010860">
        <ele>292.379888</ele>
        <time>2026-04-30T23:15:16.146Z</time>
      </trkpt>
      <trkpt lat="50.891717" lon="13.011541">
        <ele>288.994592</ele>
        <time>2026-04-30T23:15:26.993Z</time>
      </trkpt>
      <trkpt lat="50.891987" lon="13.011690">
        <ele>287.852956</ele>
        <time>2026-04-30T23:15:29.127Z</time>
      </trkpt>
      <trkpt lat="50.892323" lon="13.011748">
        <ele>286.503290</ele>
        <time>2026-04-30T23:15:31.587Z</time>
      </trkpt>
      <trkpt lat="50.893686" lon="13.011597">
        <ele>276.207177</ele>
        <time>2026-04-30T23:15:41.174Z</time>
      </trkpt>
      <trkpt lat="50.893856" lon="13.011559">
        <ele>274.845027</ele>
        <time>2026-04-30T23:15:42.373Z</time>
      </trkpt>
      <trkpt lat="50.893938" lon="13.011504">
        <ele>274.138595</ele>
        <time>2026-04-30T23:15:42.998Z</time>
      </trkpt>
      <trkpt lat="50.894020" lon="13.011368">
        <ele>273.197041</ele>
        <time>2026-04-30T23:15:43.840Z</time>
      </trkpt>
      <trkpt lat="50.894146" lon="13.010999">
        <ele>271.388192</ele>
        <time>2026-04-30T23:15:45.725Z</time>
      </trkpt>
      <trkpt lat="50.894227" lon="13.010844">
        <ele>270.883216</ele>
        <time>2026-04-30T23:15:46.627Z</time>
      </trkpt>
      <trkpt lat="50.894333" lon="13.010738">
        <ele>270.384754</ele>
        <time>2026-04-30T23:15:47.534Z</time>
      </trkpt>
      <trkpt lat="50.894431" lon="13.010695">
        <ele>269.980319</ele>
        <time>2026-04-30T23:15:48.271Z</time>
      </trkpt>
      <trkpt lat="50.894584" lon="13.010762">
        <ele>269.348994</ele>
        <time>2026-04-30T23:15:49.438Z</time>
      </trkpt>
      <trkpt lat="50.894848" lon="13.011215">
        <ele>267.801716</ele>
        <time>2026-04-30T23:15:52.402Z</time>
      </trkpt>
      <trkpt lat="50.894915" lon="13.011242">
        <ele>267.526758</ele>
        <time>2026-04-30T23:15:52.952Z</time>
      </trkpt>
      <trkpt lat="50.894980" lon="13.011207">
        <ele>267.253725</ele>
        <time>2026-04-30T23:15:53.501Z</time>
      </trkpt>
      <trkpt lat="50.895142" lon="13.011038">
        <ele>266.482416</ele>
        <time>2026-04-30T23:15:55.114Z</time>
      </trkpt>
      <trkpt lat="50.895181" lon="13.010996">
        <ele>266.294898</ele>
        <time>2026-04-30T23:15:55.524Z</time>
      </trkpt>
      <trkpt lat="50.895364" lon="13.010793">
        <ele>265.406569</ele>
        <time>2026-04-30T23:15:57.581Z</time>
      </trkpt>
      <trkpt lat="50.895515" lon="13.010732">
        <ele>264.786796</ele>
        <time>2026-04-30T23:15:59.194Z</time>
      </trkpt>
      <trkpt lat="50.895686" lon="13.010587">
        <ele>264.662935</ele>
        <time>2026-04-30T23:16:01.505Z</time>
      </trkpt>
      <trkpt lat="50.895908" lon="13.010270">
        <ele>264.979063</ele>
        <time>2026-04-30T23:16:05.627Z</time>
      </trkpt>
      <trkpt lat="50.896598" lon="13.008704">
        <ele>266.253941</ele>
        <time>2026-04-30T23:16:28.087Z</time>
      </trkpt>
      <trkpt lat="50.897024" lon="13.007513">
        <ele>264.327353</ele>
        <time>2026-04-30T23:16:38.475Z</time>
      </trkpt>
      <trkpt lat="50.897219" lon="13.006866">
        <ele>262.963201</ele>
        <time>2026-04-30T23:16:41.970Z</time>
      </trkpt>
      <trkpt lat="50.897424" lon="13.006606">
        <ele>262.171383</ele>
        <time>2026-04-30T23:16:43.922Z</time>
      </trkpt>
      <trkpt lat="50.897547" lon="13.006984">
        <ele>261.362225</ele>
        <time>2026-04-30T23:16:45.889Z</time>
      </trkpt>
      <trkpt lat="50.897812" lon="13.007537">
        <ele>259.790424</ele>
        <time>2026-04-30T23:16:49.087Z</time>
      </trkpt>
      <trkpt lat="50.898099" lon="13.008027">
        <ele>258.187599</ele>
        <time>2026-04-30T23:16:52.163Z</time>
      </trkpt>
      <trkpt lat="50.898434" lon="13.008508">
        <ele>256.470035</ele>
        <time>2026-04-30T23:16:55.670Z</time>
      </trkpt>
      <trkpt lat="50.899189" lon="13.009476">
        <ele>254.058126</ele>
        <time>2026-04-30T23:17:05.287Z</time>
      </trkpt>
      <trkpt lat="50.899203" lon="13.009493">
        <ele>254.052758</ele>
        <time>2026-04-30T23:17:05.487Z</time>
      </trkpt>
      <trkpt lat="50.899402" lon="13.009749">
        <ele>253.974743</ele>
        <time>2026-04-30T23:17:08.311Z</time>
      </trkpt>
      <trkpt lat="50.899413" lon="13.009763">
        <ele>253.970448</ele>
        <time>2026-04-30T23:17:08.472Z</time>
      </trkpt>
      <trkpt lat="50.899842" lon="13.010349">
        <ele>253.798063</ele>
        <time>2026-04-30T23:17:15.123Z</time>
      </trkpt>
      <trkpt lat="50.900170" lon="13.010864">
        <ele>253.657533</ele>
        <time>2026-04-30T23:17:20.855Z</time>
      </trkpt>
      <trkpt lat="50.900278" lon="13.011039">
        <ele>253.616523</ele>
        <time>2026-04-30T23:17:22.722Z</time>
      </trkpt>
      <trkpt lat="50.900326" lon="13.011160">
        <ele>253.603619</ele>
        <time>2026-04-30T23:17:23.797Z</time>
      </trkpt>
      <trkpt lat="50.900369" lon="13.011253">
        <ele>253.593208</ele>
        <time>2026-04-30T23:17:24.647Z</time>
      </trkpt>
      <trkpt lat="50.900358" lon="13.011405">
        <ele>253.579396</ele>
        <time>2026-04-30T23:17:25.772Z</time>
      </trkpt>
      <trkpt lat="50.900429" lon="13.011544">
        <ele>253.563248</ele>
        <time>2026-04-30T23:17:27.052Z</time>
      </trkpt>
      <trkpt lat="50.900515" lon="13.011563">
        <ele>253.550819</ele>
        <time>2026-04-30T23:17:28.050Z</time>
      </trkpt>
      <trkpt lat="50.900547" lon="13.011547">
        <ele>253.546016</ele>
        <time>2026-04-30T23:17:28.419Z</time>
      </trkpt>
      <trkpt lat="50.900611" lon="13.011447">
        <ele>253.533154</ele>
        <time>2026-04-30T23:17:29.447Z</time>
      </trkpt>
      <trkpt lat="50.900693" lon="13.011419">
        <ele>253.521148</ele>
        <time>2026-04-30T23:17:30.385Z</time>
      </trkpt>
      <trkpt lat="50.900777" lon="13.011363">
        <ele>253.508104</ele>
        <time>2026-04-30T23:17:31.441Z</time>
      </trkpt>
      <trkpt lat="50.900968" lon="13.011282">
        <ele>253.479803</ele>
        <time>2026-04-30T23:17:33.764Z</time>
      </trkpt>
      <trkpt lat="50.901238" lon="13.011056">
        <ele>253.436100</ele>
        <time>2026-04-30T23:17:37.281Z</time>
      </trkpt>
      <trkpt lat="50.902230" lon="13.010219">
        <ele>253.110915</ele>
        <time>2026-04-30T23:17:49.697Z</time>
      </trkpt>
      <trkpt lat="50.902829" lon="13.009718">
        <ele>252.835253</ele>
        <time>2026-04-30T23:17:56.898Z</time>
      </trkpt>
      <trkpt lat="50.902933" lon="13.009628">
        <ele>252.787026</ele>
        <time>2026-04-30T23:17:58.140Z</time>
      </trkpt>
      <trkpt lat="50.905009" lon="13.007883">
        <ele>251.934727</ele>
        <time>2026-04-30T23:18:23.166Z</time>
      </trkpt>
      <trkpt lat="50.905363" lon="13.007563">
        <ele>252.099046</ele>
        <time>2026-04-30T23:18:28.183Z</time>
      </trkpt>
      <trkpt lat="50.905454" lon="13.007486">
        <ele>252.140640</ele>
        <time>2026-04-30T23:18:29.522Z</time>
      </trkpt>
      <trkpt lat="50.905551" lon="13.007397">
        <ele>252.185832</ele>
        <time>2026-04-30T23:18:31.006Z</time>
      </trkpt>
      <trkpt lat="50.905997" lon="13.007041">
        <ele>252.387186</ele>
        <time>2026-04-30T23:18:37.874Z</time>
      </trkpt>
      <trkpt lat="50.906380" lon="13.006726">
        <ele>252.561172</ele>
        <time>2026-04-30T23:18:44.056Z</time>
      </trkpt>
      <trkpt lat="50.907577" lon="13.005712">
        <ele>254.093268</ele>
        <time>2026-04-30T23:19:04.465Z</time>
      </trkpt>
      <trkpt lat="50.907758" lon="13.005493">
        <ele>254.359886</ele>
        <time>2026-04-30T23:19:08.198Z</time>
      </trkpt>
      <trkpt lat="50.907820" lon="13.005377">
        <ele>254.472180</ele>
        <time>2026-04-30T23:19:09.802Z</time>
      </trkpt>
      <trkpt lat="50.908639" lon="13.003367">
        <ele>256.756679</ele>
        <time>2026-04-30T23:19:36.427Z</time>
      </trkpt>
      <trkpt lat="50.908682" lon="13.003236">
        <ele>256.902328</ele>
        <time>2026-04-30T23:19:38.021Z</time>
      </trkpt>
      <trkpt lat="50.908696" lon="13.003097">
        <ele>257.041147</ele>
        <time>2026-04-30T23:19:39.556Z</time>
      </trkpt>
      <trkpt lat="50.908943" lon="13.003308">
        <ele>257.479936</ele>
        <time>2026-04-30T23:19:44.060Z</time>
      </trkpt>
      <trkpt lat="50.909029" lon="13.003436">
        <ele>257.478055</ele>
        <time>2026-04-30T23:19:45.906Z</time>
      </trkpt>
      <trkpt lat="50.909083" lon="13.003517">
        <ele>257.453379</ele>
        <time>2026-04-30T23:19:47.095Z</time>
      </trkpt>
      <trkpt lat="50.909213" lon="13.003710">
        <ele>257.394261</ele>
        <time>2026-04-30T23:19:49.571Z</time>
      </trkpt>
      <trkpt lat="50.909294" lon="13.003830">
        <ele>257.357463</ele>
        <time>2026-04-30T23:19:51.004Z</time>
      </trkpt>
      <trkpt lat="50.909413" lon="13.004008">
        <ele>257.303156</ele>
        <time>2026-04-30T23:19:52.992Z</time>
      </trkpt>
      <trkpt lat="50.909590" lon="13.004271">
        <ele>257.222633</ele>
        <time>2026-04-30T23:19:55.567Z</time>
      </trkpt>
      <trkpt lat="50.909627" lon="13.004327">
        <ele>257.205654</ele>
        <time>2026-04-30T23:19:56.092Z</time>
      </trkpt>
      <trkpt lat="50.909673" lon="13.004395">
        <ele>257.184777</ele>
        <time>2026-04-30T23:19:56.721Z</time>
      </trkpt>
      <trkpt lat="50.909755" lon="13.004517">
        <ele>257.147450</ele>
        <time>2026-04-30T23:19:57.859Z</time>
      </trkpt>
      <trkpt lat="50.909791" lon="13.004572">
        <ele>257.130855</ele>
        <time>2026-04-30T23:19:58.352Z</time>
      </trkpt>
      <trkpt lat="50.909873" lon="13.004693">
        <ele>257.093671</ele>
        <time>2026-04-30T23:19:59.467Z</time>
      </trkpt>
      <trkpt lat="50.910055" lon="13.004964">
        <ele>257.010792</ele>
        <time>2026-04-30T23:20:01.875Z</time>
      </trkpt>
      <trkpt lat="50.910137" lon="13.005140">
        <ele>256.964983</ele>
        <time>2026-04-30T23:20:03.180Z</time>
      </trkpt>
      <trkpt lat="50.910207" lon="13.005463">
        <ele>256.855431</ele>
        <time>2026-04-30T23:20:05.179Z</time>
      </trkpt>
      <trkpt lat="50.910415" lon="13.006569">
        <ele>256.155732</ele>
        <time>2026-04-30T23:20:11.934Z</time>
      </trkpt>
      <trkpt lat="50.910490" lon="13.006849">
        <ele>255.971301</ele>
        <time>2026-04-30T23:20:13.782Z</time>
      </trkpt>
      <trkpt lat="50.910692" lon="13.007445">
        <ele>255.561089</ele>
        <time>2026-04-30T23:20:18.048Z</time>
      </trkpt>
      <trkpt lat="50.910726" lon="13.007532">
        <ele>255.499037</ele>
        <time>2026-04-30T23:20:18.715Z</time>
      </trkpt>
      <trkpt lat="50.910854" lon="13.007763">
        <ele>255.312602</ele>
        <time>2026-04-30T23:20:20.782Z</time>
      </trkpt>
      <trkpt lat="50.911118" lon="13.008111">
        <ele>255.170275</ele>
        <time>2026-04-30T23:20:24.650Z</time>
      </trkpt>
      <trkpt lat="50.911729" lon="13.008879">
        <ele>255.118518</ele>
        <time>2026-04-30T23:20:33.483Z</time>
      </trkpt>
      <trkpt lat="50.911907" lon="13.009201">
        <ele>255.100592</ele>
        <time>2026-04-30T23:20:36.895Z</time>
      </trkpt>
      <trkpt lat="50.911945" lon="13.009273">
        <ele>255.096662</ele>
        <time>2026-04-30T23:20:37.631Z</time>
      </trkpt>
      <trkpt lat="50.912016" lon="13.009420">
        <ele>255.088911</ele>
        <time>2026-04-30T23:20:39.103Z</time>
      </trkpt>
      <trkpt lat="50.912037" lon="13.009466">
        <ele>255.086534</ele>
        <time>2026-04-30T23:20:39.544Z</time>
      </trkpt>
      <trkpt lat="50.912235" lon="13.009973">
        <ele>255.054129</ele>
        <time>2026-04-30T23:20:44.131Z</time>
      </trkpt>
      <trkpt lat="50.912247" lon="13.010009">
        <ele>255.048486</ele>
        <time>2026-04-30T23:20:44.441Z</time>
      </trkpt>
      <trkpt lat="50.912418" lon="13.010504">
        <ele>254.970264</ele>
        <time>2026-04-30T23:20:48.765Z</time>
      </trkpt>
      <trkpt lat="50.912438" lon="13.010573">
        <ele>254.959739</ele>
        <time>2026-04-30T23:20:49.375Z</time>
      </trkpt>
      <trkpt lat="50.912511" lon="13.010987">
        <ele>254.900164</ele>
        <time>2026-04-30T23:20:52.854Z</time>
      </trkpt>
      <trkpt lat="50.912534" lon="13.011309">
        <ele>254.855254</ele>
        <time>2026-04-30T23:20:55.485Z</time>
      </trkpt>
      <trkpt lat="50.912583" lon="13.011766">
        <ele>254.791011</ele>
        <time>2026-04-30T23:20:58.859Z</time>
      </trkpt>
      <trkpt lat="50.912623" lon="13.012084">
        <ele>254.746072</ele>
        <time>2026-04-30T23:21:00.985Z</time>
      </trkpt>
      <trkpt lat="50.912685" lon="13.012462">
        <ele>254.691944</ele>
        <time>2026-04-30T23:21:03.388Z</time>
      </trkpt>
      <trkpt lat="50.912725" lon="13.012948">
        <ele>254.740760</ele>
        <time>2026-04-30T23:21:06.312Z</time>
      </trkpt>
      <trkpt lat="50.912717" lon="13.013172">
        <ele>254.789569</ele>
        <time>2026-04-30T23:21:07.645Z</time>
      </trkpt>
      <trkpt lat="50.912686" lon="13.013965">
        <ele>254.962414</ele>
        <time>2026-04-30T23:21:12.612Z</time>
      </trkpt>
      <trkpt lat="50.912693" lon="13.014100">
        <ele>254.991882</ele>
        <time>2026-04-30T23:21:13.525Z</time>
      </trkpt>
      <trkpt lat="50.912704" lon="13.014173">
        <ele>255.008210</ele>
        <time>2026-04-30T23:21:14.046Z</time>
      </trkpt>
      <trkpt lat="50.912719" lon="13.014249">
        <ele>255.025534</ele>
        <time>2026-04-30T23:21:14.614Z</time>
      </trkpt>
      <trkpt lat="50.912794" lon="13.014467">
        <ele>255.079560</ele>
        <time>2026-04-30T23:21:16.462Z</time>
      </trkpt>
      <trkpt lat="50.912967" lon="13.014756">
        <ele>255.166253</ele>
        <time>2026-04-30T23:21:19.717Z</time>
      </trkpt>
      <trkpt lat="50.913062" lon="13.014819">
        <ele>255.201781</ele>
        <time>2026-04-30T23:21:21.339Z</time>
      </trkpt>
      <trkpt lat="50.913117" lon="13.014833">
        <ele>255.221001</ele>
        <time>2026-04-30T23:21:22.269Z</time>
      </trkpt>
      <trkpt lat="50.913199" lon="13.014841">
        <ele>255.249348</ele>
        <time>2026-04-30T23:21:23.803Z</time>
      </trkpt>
      <trkpt lat="50.913838" lon="13.014540">
        <ele>258.702708</ele>
        <time>2026-04-30T23:21:40.396Z</time>
      </trkpt>
      <trkpt lat="50.914003" lon="13.014506">
        <ele>259.737671</ele>
        <time>2026-04-30T23:21:45.238Z</time>
      </trkpt>
      <trkpt lat="50.914377" lon="13.014368">
        <ele>262.126159</ele>
        <time>2026-04-30T23:21:58.055Z</time>
      </trkpt>
      <trkpt lat="50.914488" lon="13.014332">
        <ele>262.830891</ele>
        <time>2026-04-30T23:22:02.362Z</time>
      </trkpt>
      <trkpt lat="50.914863" lon="13.014214">
        <ele>265.208937</ele>
        <time>2026-04-30T23:22:17.233Z</time>
      </trkpt>
      <trkpt lat="50.915177" lon="13.014244">
        <ele>267.386044</ele>
        <time>2026-04-30T23:22:30.199Z</time>
      </trkpt>
      <trkpt lat="50.915500" lon="13.014412">
        <ele>270.178216</ele>
        <time>2026-04-30T23:22:44.077Z</time>
      </trkpt>
      <trkpt lat="50.915704" lon="13.014645">
        <ele>272.243136</ele>
        <time>2026-04-30T23:22:53.712Z</time>
      </trkpt>
      <trkpt lat="50.915878" lon="13.015060">
        <ele>274.824155</ele>
        <time>2026-04-30T23:23:05.785Z</time>
      </trkpt>
      <trkpt lat="50.916218" lon="13.016241">
        <ele>281.477040</ele>
        <time>2026-04-30T23:23:36.772Z</time>
      </trkpt>
      <trkpt lat="50.916318" lon="13.016398">
        <ele>282.356511</ele>
        <time>2026-04-30T23:23:41.642Z</time>
      </trkpt>
      <trkpt lat="50.916443" lon="13.016528">
        <ele>283.290801</ele>
        <time>2026-04-30T23:23:46.697Z</time>
      </trkpt>
      <trkpt lat="50.916664" lon="13.016598">
        <ele>284.699446</ele>
        <time>2026-04-30T23:23:54.276Z</time>
      </trkpt>
      <trkpt lat="50.916823" lon="13.016588">
        <ele>285.694064</ele>
        <time>2026-04-30T23:23:59.594Z</time>
      </trkpt>
      <trkpt lat="50.917114" lon="13.016571">
        <ele>287.514208</ele>
        <time>2026-04-30T23:24:09.056Z</time>
      </trkpt>
      <trkpt lat="50.917272" lon="13.016545">
        <ele>288.507095</ele>
        <time>2026-04-30T23:24:14.029Z</time>
      </trkpt>
      <trkpt lat="50.917305" lon="13.016539">
        <ele>288.714714</ele>
        <time>2026-04-30T23:24:15.062Z</time>
      </trkpt>
      <trkpt lat="50.917462" lon="13.016509">
        <ele>289.703145</ele>
        <time>2026-04-30T23:24:19.914Z</time>
      </trkpt>
      <trkpt lat="50.917610" lon="13.016480">
        <ele>290.635258</ele>
        <time>2026-04-30T23:24:24.502Z</time>
      </trkpt>
      <trkpt lat="50.917979" lon="13.016383">
        <ele>292.702527</ele>
        <time>2026-04-30T23:24:35.228Z</time>
      </trkpt>
      <trkpt lat="50.918187" lon="13.016295">
        <ele>293.286812</ele>
        <time>2026-04-30T23:24:40.798Z</time>
      </trkpt>
      <trkpt lat="50.918322" lon="13.016221">
        <ele>293.674487</ele>
        <time>2026-04-30T23:24:44.362Z</time>
      </trkpt>
      <trkpt lat="50.918438" lon="13.016158">
        <ele>294.007275</ele>
        <time>2026-04-30T23:24:47.290Z</time>
      </trkpt>
      <trkpt lat="50.918581" lon="13.016094">
        <ele>294.410555</ele>
        <time>2026-04-30T23:24:50.705Z</time>
      </trkpt>
      <trkpt lat="50.918805" lon="13.016025">
        <ele>295.029888</ele>
        <time>2026-04-30T23:24:55.659Z</time>
      </trkpt>
      <trkpt lat="50.918925" lon="13.016021">
        <ele>295.355661</ele>
        <time>2026-04-30T23:24:58.036Z</time>
      </trkpt>
      <trkpt lat="50.918940" lon="13.016021">
        <ele>295.396373</ele>
        <time>2026-04-30T23:24:58.341Z</time>
      </trkpt>
      <trkpt lat="50.919092" lon="13.016017">
        <ele>295.808985</ele>
        <time>2026-04-30T23:25:01.084Z</time>
      </trkpt>
      <trkpt lat="50.919112" lon="13.016016">
        <ele>295.863295</ele>
        <time>2026-04-30T23:25:01.437Z</time>
      </trkpt>
      <trkpt lat="50.919312" lon="13.016011">
        <ele>296.406198</ele>
        <time>2026-04-30T23:25:04.702Z</time>
      </trkpt>
      <trkpt lat="50.919366" lon="13.016009">
        <ele>296.552804</ele>
        <time>2026-04-30T23:25:05.527Z</time>
      </trkpt>
      <trkpt lat="50.919422" lon="13.016013">
        <ele>296.704951</ele>
        <time>2026-04-30T23:25:06.356Z</time>
      </trkpt>
      <trkpt lat="50.919545" lon="13.016042">
        <ele>297.042463</ele>
        <time>2026-04-30T23:25:08.134Z</time>
      </trkpt>
      <trkpt lat="50.919682" lon="13.016073">
        <ele>297.371823</ele>
        <time>2026-04-30T23:25:10.052Z</time>
      </trkpt>
      <trkpt lat="50.919770" lon="13.016103">
        <ele>297.343399</ele>
        <time>2026-04-30T23:25:11.226Z</time>
      </trkpt>
      <trkpt lat="50.919829" lon="13.016175">
        <ele>297.319892</ele>
        <time>2026-04-30T23:25:12.163Z</time>
      </trkpt>
      <trkpt lat="50.920116" lon="13.016661">
        <ele>297.187322</ele>
        <time>2026-04-30T23:25:18.802Z</time>
      </trkpt>
      <trkpt lat="50.920326" lon="13.016974">
        <ele>297.096325</ele>
        <time>2026-04-30T23:25:22.933Z</time>
      </trkpt>
      <trkpt lat="50.920402" lon="13.017089">
        <ele>297.063157</ele>
        <time>2026-04-30T23:25:24.386Z</time>
      </trkpt>
      <trkpt lat="50.920417" lon="13.017111">
        <ele>297.056706</ele>
        <time>2026-04-30T23:25:24.678Z</time>
      </trkpt>
      <trkpt lat="50.920774" lon="13.017654">
        <ele>296.900518</ele>
        <time>2026-04-30T23:25:31.848Z</time>
      </trkpt>
      <trkpt lat="50.920902" lon="13.017819">
        <ele>296.848434</ele>
        <time>2026-04-30T23:25:34.223Z</time>
      </trkpt>
      <trkpt lat="50.921065" lon="13.017922">
        <ele>296.770155</ele>
        <time>2026-04-30T23:25:36.772Z</time>
      </trkpt>
      <trkpt lat="50.921231" lon="13.018066">
        <ele>296.622941</ele>
        <time>2026-04-30T23:25:39.598Z</time>
      </trkpt>
      <trkpt lat="50.921242" lon="13.018075">
        <ele>296.613310</ele>
        <time>2026-04-30T23:25:39.772Z</time>
      </trkpt>
      <trkpt lat="50.921503" lon="13.018292">
        <ele>296.384025</ele>
        <time>2026-04-30T23:25:44.112Z</time>
      </trkpt>
      <trkpt lat="50.921710" lon="13.018479">
        <ele>296.198673</ele>
        <time>2026-04-30T23:25:47.428Z</time>
      </trkpt>
      <trkpt lat="50.921851" lon="13.018649">
        <ele>296.060871</ele>
        <time>2026-04-30T23:25:49.778Z</time>
      </trkpt>
      <trkpt lat="50.922124" lon="13.019032">
        <ele>295.777298</ele>
        <time>2026-04-30T23:25:54.872Z</time>
      </trkpt>
      <trkpt lat="50.922215" lon="13.019279">
        <ele>295.636973</ele>
        <time>2026-04-30T23:25:56.831Z</time>
      </trkpt>
      <trkpt lat="50.922262" lon="13.019383">
        <ele>295.574207</ele>
        <time>2026-04-30T23:25:57.667Z</time>
      </trkpt>
      <trkpt lat="50.922399" lon="13.019690">
        <ele>295.413332</ele>
        <time>2026-04-30T23:26:00.099Z</time>
      </trkpt>
      <trkpt lat="50.922548" lon="13.020022">
        <ele>295.456539</ele>
        <time>2026-04-30T23:26:02.686Z</time>
      </trkpt>
      <trkpt lat="50.922648" lon="13.020272">
        <ele>295.487930</ele>
        <time>2026-04-30T23:26:04.646Z</time>
      </trkpt>
      <trkpt lat="50.922789" lon="13.020708">
        <ele>295.539882</ele>
        <time>2026-04-30T23:26:07.958Z</time>
      </trkpt>
      <trkpt lat="50.922911" lon="13.021099">
        <ele>295.586136</ele>
        <time>2026-04-30T23:26:11.168Z</time>
      </trkpt>
      <trkpt lat="50.923111" lon="13.021756">
        <ele>295.663486</ele>
        <time>2026-04-30T23:26:18.064Z</time>
      </trkpt>
      <trkpt lat="50.923252" lon="13.022288">
        <ele>295.717990</ele>
        <time>2026-04-30T23:26:23.967Z</time>
      </trkpt>
      <trkpt lat="50.923323" lon="13.022583">
        <ele>295.734305</ele>
        <time>2026-04-30T23:26:27.099Z</time>
      </trkpt>
      <trkpt lat="50.923337" lon="13.022641">
        <ele>295.737514</ele>
        <time>2026-04-30T23:26:27.678Z</time>
      </trkpt>
      <trkpt lat="50.923449" lon="13.023107">
        <ele>295.763281</ele>
        <time>2026-04-30T23:26:31.990Z</time>
      </trkpt>
      <trkpt lat="50.923467" lon="13.023179">
        <ele>295.767282</ele>
        <time>2026-04-30T23:26:32.621Z</time>
      </trkpt>
      <trkpt lat="50.923551" lon="13.023532">
        <ele>295.786777</ele>
        <time>2026-04-30T23:26:35.807Z</time>
      </trkpt>
      <trkpt lat="50.923735" lon="13.023929">
        <ele>295.812236</ele>
        <time>2026-04-30T23:26:39.727Z</time>
      </trkpt>
      <trkpt lat="50.923856" lon="13.024189">
        <ele>295.828933</ele>
        <time>2026-04-30T23:26:42.047Z</time>
      </trkpt>
      <trkpt lat="50.924222" lon="13.024801">
        <ele>295.318631</ele>
        <time>2026-04-30T23:26:47.307Z</time>
      </trkpt>
      <trkpt lat="50.924379" lon="13.025031">
        <ele>294.615191</ele>
        <time>2026-04-30T23:26:49.175Z</time>
      </trkpt>
      <trkpt lat="50.924743" lon="13.025429">
        <ele>293.159994</ele>
        <time>2026-04-30T23:26:52.815Z</time>
      </trkpt>
      <trkpt lat="50.924844" lon="13.025537">
        <ele>292.759063</ele>
        <time>2026-04-30T23:26:53.801Z</time>
      </trkpt>
      <trkpt lat="50.925782" lon="13.026486">
        <ele>288.474792</ele>
        <time>2026-04-30T23:27:02.356Z</time>
      </trkpt>
      <trkpt lat="50.926044" lon="13.026717">
        <ele>286.758516</ele>
        <time>2026-04-30T23:27:04.570Z</time>
      </trkpt>
      <trkpt lat="50.927840" lon="13.028076">
        <ele>275.182853</ele>
        <time>2026-04-30T23:27:19.132Z</time>
      </trkpt>
      <trkpt lat="50.927935" lon="13.028045">
        <ele>274.603831</ele>
        <time>2026-04-30T23:27:19.860Z</time>
      </trkpt>
      <trkpt lat="50.928075" lon="13.027900">
        <ele>273.605704</ele>
        <time>2026-04-30T23:27:21.103Z</time>
      </trkpt>
      <trkpt lat="50.928635" lon="13.026864">
        <ele>268.417589</ele>
        <time>2026-04-30T23:27:27.452Z</time>
      </trkpt>
      <trkpt lat="50.928775" lon="13.026676">
        <ele>267.189221</ele>
        <time>2026-04-30T23:27:28.787Z</time>
      </trkpt>
      <trkpt lat="50.928899" lon="13.026586">
        <ele>266.275994</ele>
        <time>2026-04-30T23:27:29.768Z</time>
      </trkpt>
      <trkpt lat="50.928992" lon="13.026582">
        <ele>265.652923</ele>
        <time>2026-04-30T23:27:30.437Z</time>
      </trkpt>
      <trkpt lat="50.929141" lon="13.026649">
        <ele>264.615733</ele>
        <time>2026-04-30T23:27:31.545Z</time>
      </trkpt>
      <trkpt lat="50.929917" lon="13.027183">
        <ele>258.950917</ele>
        <time>2026-04-30T23:27:37.641Z</time>
      </trkpt>
      <trkpt lat="50.930014" lon="13.027158">
        <ele>258.292771</ele>
        <time>2026-04-30T23:27:38.345Z</time>
      </trkpt>
      <trkpt lat="50.930119" lon="13.027062">
        <ele>257.481164</ele>
        <time>2026-04-30T23:27:39.208Z</time>
      </trkpt>
      <trkpt lat="50.930192" lon="13.026934">
        <ele>256.777346</ele>
        <time>2026-04-30T23:27:39.983Z</time>
      </trkpt>
      <trkpt lat="50.930540" lon="13.025987">
        <ele>253.262109</ele>
        <time>2026-04-30T23:27:45.001Z</time>
      </trkpt>
      <trkpt lat="50.930646" lon="13.025926">
        <ele>252.688414</ele>
        <time>2026-04-30T23:27:45.841Z</time>
      </trkpt>
      <trkpt lat="50.930716" lon="13.025937">
        <ele>252.330519</ele>
        <time>2026-04-30T23:27:46.370Z</time>
      </trkpt>
      <trkpt lat="50.931075" lon="13.026162">
        <ele>250.366629</ele>
        <time>2026-04-30T23:27:49.318Z</time>
      </trkpt>
      <trkpt lat="50.931201" lon="13.026124">
        <ele>249.714077</ele>
        <time>2026-04-30T23:27:50.305Z</time>
      </trkpt>
      <trkpt lat="50.931280" lon="13.026022">
        <ele>249.195869</ele>
        <time>2026-04-30T23:27:51.094Z</time>
      </trkpt>
      <trkpt lat="50.931391" lon="13.025488">
        <ele>247.617776</ele>
        <time>2026-04-30T23:27:53.862Z</time>
      </trkpt>
      <trkpt lat="50.931819" lon="13.023623">
        <ele>245.846059</ele>
        <time>2026-04-30T23:28:05.560Z</time>
      </trkpt>
      <trkpt lat="50.932157" lon="13.022135">
        <ele>245.037255</ele>
        <time>2026-04-30T23:28:16.764Z</time>
      </trkpt>
      <trkpt lat="50.933804" lon="13.017414">
        <ele>244.665807</ele>
        <time>2026-04-30T23:28:55.140Z</time>
      </trkpt>
      <trkpt lat="50.934128" lon="13.016631">
        <ele>245.195434</ele>
        <time>2026-04-30T23:29:01.905Z</time>
      </trkpt>
      <trkpt lat="50.934150" lon="13.016367">
        <ele>245.346003</ele>
        <time>2026-04-30T23:29:04.289Z</time>
      </trkpt>
      <trkpt lat="50.934074" lon="13.015993">
        <ele>245.568191</ele>
        <time>2026-04-30T23:29:08.172Z</time>
      </trkpt>
      <trkpt lat="50.933996" lon="13.015823">
        <ele>245.687089</ele>
        <time>2026-04-30T23:29:10.465Z</time>
      </trkpt>
      <trkpt lat="50.933840" lon="13.015614">
        <ele>245.870266</ele>
        <time>2026-04-30T23:29:14.226Z</time>
      </trkpt>
      <trkpt lat="50.932996" lon="13.014397">
        <ele>249.246160</ele>
        <time>2026-04-30T23:29:39.223Z</time>
      </trkpt>
      <trkpt lat="50.932955" lon="13.014316">
        <ele>249.459234</ele>
        <time>2026-04-30T23:29:40.804Z</time>
      </trkpt>
      <trkpt lat="50.932944" lon="13.014187">
        <ele>249.726216</ele>
        <time>2026-04-30T23:29:42.769Z</time>
      </trkpt>
      <trkpt lat="50.933154" lon="13.013794">
        <ele>250.782958</ele>
        <time>2026-04-30T23:29:50.393Z</time>
      </trkpt>
      <trkpt lat="50.933252" lon="13.013493">
        <ele>251.477801</ele>
        <time>2026-04-30T23:29:55.417Z</time>
      </trkpt>
      <trkpt lat="50.933455" lon="13.012525">
        <ele>253.806950</ele>
        <time>2026-04-30T23:30:10.796Z</time>
      </trkpt>
      <trkpt lat="50.933500" lon="13.012278">
        <ele>254.406922</ele>
        <time>2026-04-30T23:30:14.545Z</time>
      </trkpt>
      <trkpt lat="50.933829" lon="13.011240">
        <ele>257.118151</ele>
        <time>2026-04-30T23:30:32.279Z</time>
      </trkpt>
      <trkpt lat="50.933909" lon="13.010987">
        <ele>257.778663</ele>
        <time>2026-04-30T23:30:36.094Z</time>
      </trkpt>
      <trkpt lat="50.933931" lon="13.010936">
        <ele>257.922878</ele>
        <time>2026-04-30T23:30:36.922Z</time>
      </trkpt>
      <trkpt lat="50.933965" lon="13.010856">
        <ele>258.148038</ele>
        <time>2026-04-30T23:30:38.256Z</time>
      </trkpt>
      <trkpt lat="50.934010" lon="13.010749">
        <ele>258.448208</ele>
        <time>2026-04-30T23:30:40.057Z</time>
      </trkpt>
      <trkpt lat="50.934022" lon="13.010718">
        <ele>258.543803</ele>
        <time>2026-04-30T23:30:40.608Z</time>
      </trkpt>
      <trkpt lat="50.934094" lon="13.010549">
        <ele>259.249964</ele>
        <time>2026-04-30T23:30:43.564Z</time>
      </trkpt>
      <trkpt lat="50.934365" lon="13.009908">
        <ele>261.921948</ele>
        <time>2026-04-30T23:30:55.480Z</time>
      </trkpt>
      <trkpt lat="50.934579" lon="13.009633">
        <ele>263.434548</ele>
        <time>2026-04-30T23:31:02.645Z</time>
      </trkpt>
      <trkpt lat="50.936333" lon="13.007710">
        <ele>274.872818</ele>
        <time>2026-04-30T23:32:16.442Z</time>
      </trkpt>
      <trkpt lat="50.936983" lon="13.006939">
        <ele>277.028450</ele>
        <time>2026-04-30T23:32:33.324Z</time>
      </trkpt>
      <trkpt lat="50.937142" lon="13.006613">
        <ele>276.124563</ele>
        <time>2026-04-30T23:32:35.767Z</time>
      </trkpt>
      <trkpt lat="50.937770" lon="13.004948">
        <ele>271.869862</ele>
        <time>2026-04-30T23:32:44.767Z</time>
      </trkpt>
      <trkpt lat="50.937861" lon="13.004779">
        <ele>271.551063</ele>
        <time>2026-04-30T23:32:45.779Z</time>
      </trkpt>
      <trkpt lat="50.937944" lon="13.004667">
        <ele>271.447984</ele>
        <time>2026-04-30T23:32:46.569Z</time>
      </trkpt>
      <trkpt lat="50.938192" lon="13.004431">
        <ele>271.174398</ele>
        <time>2026-04-30T23:32:48.728Z</time>
      </trkpt>
      <trkpt lat="50.938937" lon="13.003725">
        <ele>270.353441</ele>
        <time>2026-04-30T23:32:56.917Z</time>
      </trkpt>
      <trkpt lat="50.939187" lon="13.003375">
        <ele>270.038030</ele>
        <time>2026-04-30T23:33:04.268Z</time>
      </trkpt>
      <trkpt lat="50.939268" lon="13.003172">
        <ele>270.010470</ele>
        <time>2026-04-30T23:33:08.079Z</time>
      </trkpt>
      <trkpt lat="50.939726" lon="13.000137">
        <ele>279.704324</ele>
        <time>2026-04-30T23:34:09.108Z</time>
      </trkpt>
      <trkpt lat="50.939796" lon="12.999864">
        <ele>279.980404</ele>
        <time>2026-04-30T23:34:13.699Z</time>
      </trkpt>
      <trkpt lat="50.940261" lon="12.998712">
        <ele>281.261885</ele>
        <time>2026-04-30T23:34:29.158Z</time>
      </trkpt>
      <trkpt lat="50.940523" lon="12.998148">
        <ele>281.918220</ele>
        <time>2026-04-30T23:34:33.602Z</time>
      </trkpt>
      <trkpt lat="50.941069" lon="12.996878">
        <ele>278.573223</ele>
        <time>2026-04-30T23:34:41.424Z</time>
      </trkpt>
      <trkpt lat="50.941199" lon="12.996730">
        <ele>277.906040</ele>
        <time>2026-04-30T23:34:42.598Z</time>
      </trkpt>
      <trkpt lat="50.941152" lon="12.996541">
        <ele>277.372133</ele>
        <time>2026-04-30T23:34:43.537Z</time>
      </trkpt>
      <trkpt lat="50.941040" lon="12.995567">
        <ele>274.770501</ele>
        <time>2026-04-30T23:34:48.139Z</time>
      </trkpt>
      <trkpt lat="50.940990" lon="12.995086">
        <ele>273.924755</ele>
        <time>2026-04-30T23:34:50.455Z</time>
      </trkpt>
      <trkpt lat="50.940973" lon="12.994658">
        <ele>273.239449</ele>
        <time>2026-04-30T23:34:52.567Z</time>
      </trkpt>
      <trkpt lat="50.941001" lon="12.993769">
        <ele>271.817045</ele>
        <time>2026-04-30T23:34:57.160Z</time>
      </trkpt>
      <trkpt lat="50.940977" lon="12.993564">
        <ele>271.483846</ele>
        <time>2026-04-30T23:34:58.332Z</time>
      </trkpt>
      <trkpt lat="50.941269" lon="12.993412">
        <ele>270.704504</ele>
        <time>2026-04-30T23:35:01.533Z</time>
      </trkpt>
      <trkpt lat="50.941317" lon="12.993378">
        <ele>270.571200</ele>
        <time>2026-04-30T23:35:02.148Z</time>
      </trkpt>
      <trkpt lat="50.941387" lon="12.993319">
        <ele>270.370194</ele>
        <time>2026-04-30T23:35:03.168Z</time>
      </trkpt>
      <trkpt lat="50.941812" lon="12.992902">
        <ele>269.782747</ele>
        <time>2026-04-30T23:35:10.180Z</time>
      </trkpt>
      <trkpt lat="50.942044" lon="12.992568">
        <ele>269.565373</ele>
        <time>2026-04-30T23:35:14.357Z</time>
      </trkpt>
      <trkpt lat="50.942121" lon="12.992390">
        <ele>269.470962</ele>
        <time>2026-04-30T23:35:15.844Z</time>
      </trkpt>
      <trkpt lat="50.942356" lon="12.991616">
        <ele>269.095274</ele>
        <time>2026-04-30T23:35:20.910Z</time>
      </trkpt>
      <trkpt lat="50.942375" lon="12.991554">
        <ele>269.065128</ele>
        <time>2026-04-30T23:35:21.314Z</time>
      </trkpt>
      <trkpt lat="50.942608" lon="12.991063">
        <ele>268.796353</ele>
        <time>2026-04-30T23:35:24.869Z</time>
      </trkpt>
      <trkpt lat="50.942714" lon="12.990754">
        <ele>268.633766</ele>
        <time>2026-04-30T23:35:26.909Z</time>
      </trkpt>
      <trkpt lat="50.942732" lon="12.990647">
        <ele>268.582480</ele>
        <time>2026-04-30T23:35:27.535Z</time>
      </trkpt>
      <trkpt lat="50.942720" lon="12.990482">
        <ele>268.505564</ele>
        <time>2026-04-30T23:35:28.504Z</time>
      </trkpt>
      <trkpt lat="50.942635" lon="12.990097">
        <ele>268.316650</ele>
        <time>2026-04-30T23:35:30.842Z</time>
      </trkpt>
      <trkpt lat="50.942594" lon="12.989950">
        <ele>268.242205</ele>
        <time>2026-04-30T23:35:31.764Z</time>
      </trkpt>
      <trkpt lat="50.942349" lon="12.989075">
        <ele>267.798800</ele>
        <time>2026-04-30T23:35:37.721Z</time>
      </trkpt>
      <trkpt lat="50.942231" lon="12.988393">
        <ele>267.471284</ele>
        <time>2026-04-30T23:35:43.908Z</time>
      </trkpt>
      <trkpt lat="50.942198" lon="12.988075">
        <ele>267.361805</ele>
        <time>2026-04-30T23:35:47.019Z</time>
      </trkpt>
      <trkpt lat="50.942252" lon="12.987072">
        <ele>267.022008</ele>
        <time>2026-04-30T23:35:55.602Z</time>
      </trkpt>
      <trkpt lat="50.942365" lon="12.986800">
        <ele>266.912035</ele>
        <time>2026-04-30T23:35:57.798Z</time>
      </trkpt>
      <trkpt lat="50.942655" lon="12.986329">
        <ele>266.689748</ele>
        <time>2026-04-30T23:36:01.693Z</time>
      </trkpt>
      <trkpt lat="50.942899" lon="12.986197">
        <ele>266.551650</ele>
        <time>2026-04-30T23:36:04.001Z</time>
      </trkpt>
      <trkpt lat="50.943073" lon="12.986183">
        <ele>266.520838</ele>
        <time>2026-04-30T23:36:05.526Z</time>
      </trkpt>
      <trkpt lat="50.943321" lon="12.986263">
        <ele>266.566104</ele>
        <time>2026-04-30T23:36:07.714Z</time>
      </trkpt>
      <trkpt lat="50.943654" lon="12.986289">
        <ele>266.625739</ele>
        <time>2026-04-30T23:36:10.643Z</time>
      </trkpt>
      <trkpt lat="50.943748" lon="12.986305">
        <ele>266.642649</ele>
        <time>2026-04-30T23:36:11.482Z</time>
      </trkpt>
      <trkpt lat="50.943802" lon="12.986332">
        <ele>266.652776</ele>
        <time>2026-04-30T23:36:12.015Z</time>
      </trkpt>
      <trkpt lat="50.943951" lon="12.986488">
        <ele>266.684703</ele>
        <time>2026-04-30T23:36:13.708Z</time>
      </trkpt>
      <trkpt lat="50.944105" lon="12.986710">
        <ele>266.721916</ele>
        <time>2026-04-30T23:36:16.003Z</time>
      </trkpt>
      <trkpt lat="50.944213" lon="12.986961">
        <ele>266.756170</ele>
        <time>2026-04-30T23:36:18.814Z</time>
      </trkpt>
      <trkpt lat="50.944367" lon="12.987661">
        <ele>267.438826</ele>
        <time>2026-04-30T23:36:28.642Z</time>
      </trkpt>
      <trkpt lat="50.944440" lon="12.987984">
        <ele>269.284177</ele>
        <time>2026-04-30T23:36:34.993Z</time>
      </trkpt>
      <trkpt lat="50.944510" lon="12.988125">
        <ele>270.249521</ele>
        <time>2026-04-30T23:36:38.573Z</time>
      </trkpt>
      <trkpt lat="50.944638" lon="12.988271">
        <ele>271.594863</ele>
        <time>2026-04-30T23:36:44.010Z</time>
      </trkpt>
      <trkpt lat="50.944857" lon="12.988341">
        <ele>273.501552</ele>
        <time>2026-04-30T23:36:52.503Z</time>
      </trkpt>
      <trkpt lat="50.945199" lon="12.988379">
        <ele>276.427658</ele>
        <time>2026-04-30T23:37:07.223Z</time>
      </trkpt>
      <trkpt lat="50.945323" lon="12.988284">
        <ele>277.602846</ele>
        <time>2026-04-30T23:37:13.753Z</time>
      </trkpt>
      <trkpt lat="50.945784" lon="12.986961">
        <ele>285.790554</ele>
        <time>2026-04-30T23:38:01.653Z</time>
      </trkpt>
      <trkpt lat="50.945839" lon="12.986861">
        <ele>286.515958</ele>
        <time>2026-04-30T23:38:05.714Z</time>
      </trkpt>
      <trkpt lat="50.945904" lon="12.986841">
        <ele>287.090232</ele>
        <time>2026-04-30T23:38:08.863Z</time>
      </trkpt>
      <trkpt lat="50.946276" lon="12.987260">
        <ele>291.046681</ele>
        <time>2026-04-30T23:38:28.724Z</time>
      </trkpt>
      <trkpt lat="50.947079" lon="12.987830">
        <ele>297.986877</ele>
        <time>2026-04-30T23:38:57.728Z</time>
      </trkpt>
      <trkpt lat="50.947480" lon="12.988046">
        <ele>298.838254</ele>
        <time>2026-04-30T23:39:07.046Z</time>
      </trkpt>
      <trkpt lat="50.947644" lon="12.988170">
        <ele>299.203478</ele>
        <time>2026-04-30T23:39:10.506Z</time>
      </trkpt>
      <trkpt lat="50.947845" lon="12.988346">
        <ele>299.665006</ele>
        <time>2026-04-30T23:39:14.516Z</time>
      </trkpt>
      <trkpt lat="50.948511" lon="12.989043">
        <ele>301.268870</ele>
        <time>2026-04-30T23:39:25.645Z</time>
      </trkpt>
      <trkpt lat="50.948708" lon="12.989213">
        <ele>300.939666</ele>
        <time>2026-04-30T23:39:28.061Z</time>
      </trkpt>
      <trkpt lat="50.948928" lon="12.989353">
        <ele>300.271258</ele>
        <time>2026-04-30T23:39:30.350Z</time>
      </trkpt>
      <trkpt lat="50.948992" lon="12.989384">
        <ele>300.082560</ele>
        <time>2026-04-30T23:39:30.965Z</time>
      </trkpt>
      <trkpt lat="50.949627" lon="12.989727">
        <ele>298.190997</ele>
        <time>2026-04-30T23:39:36.605Z</time>
      </trkpt>
      <trkpt lat="50.951259" lon="12.990924">
        <ele>293.184515</ele>
        <time>2026-04-30T23:39:50.209Z</time>
      </trkpt>
      <trkpt lat="50.951527" lon="12.991354">
        <ele>292.131185</ele>
        <time>2026-04-30T23:39:53.629Z</time>
      </trkpt>
      <trkpt lat="50.951586" lon="12.991371">
        <ele>291.965431</ele>
        <time>2026-04-30T23:39:54.211Z</time>
      </trkpt>
      <trkpt lat="50.953352" lon="12.991825">
        <ele>295.192146</ele>
        <time>2026-04-30T23:40:31.623Z</time>
      </trkpt>
      <trkpt lat="50.953411" lon="12.991785">
        <ele>295.349438</ele>
        <time>2026-04-30T23:40:32.949Z</time>
      </trkpt>
      <trkpt lat="50.953464" lon="12.991587">
        <ele>295.681703</ele>
        <time>2026-04-30T23:40:35.744Z</time>
      </trkpt>
      <trkpt lat="50.953540" lon="12.991483">
        <ele>295.874898</ele>
        <time>2026-04-30T23:40:37.882Z</time>
      </trkpt>
      <trkpt lat="50.953842" lon="12.991556">
        <ele>296.386949</ele>
        <time>2026-04-30T23:40:44.243Z</time>
      </trkpt>
      <trkpt lat="50.954422" lon="12.991704">
        <ele>297.371633</ele>
        <time>2026-04-30T23:40:54.901Z</time>
      </trkpt>
      <trkpt lat="50.954479" lon="12.991674">
        <ele>297.472292</ele>
        <time>2026-04-30T23:40:55.858Z</time>
      </trkpt>
      <trkpt lat="50.954716" lon="12.991271">
        <ele>298.054438</ele>
        <time>2026-04-30T23:41:01.076Z</time>
      </trkpt>
      <trkpt lat="50.955701" lon="12.989520">
        <ele>299.537741</ele>
        <time>2026-04-30T23:41:22.616Z</time>
      </trkpt>
      <trkpt lat="50.955892" lon="12.989249">
        <ele>299.723927</ele>
        <time>2026-04-30T23:41:26.143Z</time>
      </trkpt>
      <trkpt lat="50.956160" lon="12.988944">
        <ele>299.963594</ele>
        <time>2026-04-30T23:41:30.735Z</time>
      </trkpt>
      <trkpt lat="50.959202" lon="12.986587">
        <ele>301.525521</ele>
        <time>2026-04-30T23:42:16.662Z</time>
      </trkpt>
      <trkpt lat="50.959329" lon="12.986448">
        <ele>301.577776</ele>
        <time>2026-04-30T23:42:18.276Z</time>
      </trkpt>
      <trkpt lat="50.959443" lon="12.986064">
        <ele>301.696552</ele>
        <time>2026-04-30T23:42:21.097Z</time>
      </trkpt>
      <trkpt lat="50.959710" lon="12.984956">
        <ele>302.416538</ele>
        <time>2026-04-30T23:42:29.943Z</time>
      </trkpt>
      <trkpt lat="50.959890" lon="12.984419">
        <ele>302.785722</ele>
        <time>2026-04-30T23:42:35.729Z</time>
      </trkpt>
      <trkpt lat="50.960046" lon="12.984057">
        <ele>303.051920</ele>
        <time>2026-04-30T23:42:40.461Z</time>
      </trkpt>
      <trkpt lat="50.960233" lon="12.983716">
        <ele>303.326320</ele>
        <time>2026-04-30T23:42:45.882Z</time>
      </trkpt>
      <trkpt lat="50.960411" lon="12.983437">
        <ele>303.536983</ele>
        <time>2026-04-30T23:42:51.057Z</time>
      </trkpt>
      <trkpt lat="50.960613" lon="12.983188">
        <ele>303.742123</ele>
        <time>2026-04-30T23:42:56.280Z</time>
      </trkpt>
      <trkpt lat="50.961200" lon="12.982662">
        <ele>304.282806</ele>
        <time>2026-04-30T23:43:08.073Z</time>
      </trkpt>
      <trkpt lat="50.961406" lon="12.982536">
        <ele>304.459887</ele>
        <time>2026-04-30T23:43:11.080Z</time>
      </trkpt>
      <trkpt lat="50.963031" lon="12.981671">
        <ele>301.666487</ele>
        <time>2026-04-30T23:43:26.371Z</time>
      </trkpt>
      <trkpt lat="50.964225" lon="12.981246">
        <ele>297.537047</ele>
        <time>2026-04-30T23:43:35.857Z</time>
      </trkpt>
      <trkpt lat="50.964684" lon="12.981015">
        <ele>295.582648</ele>
        <time>2026-04-30T23:43:39.503Z</time>
      </trkpt>
      <trkpt lat="50.965885" lon="12.980309">
        <ele>292.926822</ele>
        <time>2026-04-30T23:43:49.700Z</time>
      </trkpt>
      <trkpt lat="50.966337" lon="12.980070">
        <ele>292.878662</ele>
        <time>2026-04-30T23:43:55.063Z</time>
      </trkpt>
      <trkpt lat="50.966820" lon="12.980249">
        <ele>292.828523</ele>
        <time>2026-04-30T23:44:04.422Z</time>
      </trkpt>
      <trkpt lat="50.966903" lon="12.980283">
        <ele>292.819857</ele>
        <time>2026-04-30T23:44:06.425Z</time>
      </trkpt>
      <trkpt lat="50.967058" lon="12.980248">
        <ele>293.044401</ele>
        <time>2026-04-30T23:44:10.447Z</time>
      </trkpt>
      <trkpt lat="50.967125" lon="12.980169">
        <ele>293.379662</ele>
        <time>2026-04-30T23:44:12.701Z</time>
      </trkpt>
      <trkpt lat="50.967261" lon="12.979837">
        <ele>294.381695</ele>
        <time>2026-04-30T23:44:19.465Z</time>
      </trkpt>
      <trkpt lat="50.967473" lon="12.979268">
        <ele>296.054352</ele>
        <time>2026-04-30T23:44:31.164Z</time>
      </trkpt>
      <trkpt lat="50.967538" lon="12.979146">
        <ele>296.458657</ele>
        <time>2026-04-30T23:44:34.006Z</time>
      </trkpt>
      <trkpt lat="50.967670" lon="12.978988">
        <ele>297.122743</ele>
        <time>2026-04-30T23:44:38.624Z</time>
      </trkpt>
      <trkpt lat="50.967813" lon="12.978865">
        <ele>297.776104</ele>
        <time>2026-04-30T23:44:43.022Z</time>
      </trkpt>
      <trkpt lat="50.968049" lon="12.978689">
        <ele>298.823571</ele>
        <time>2026-04-30T23:44:49.713Z</time>
      </trkpt>
      <trkpt lat="50.968243" lon="12.978475">
        <ele>299.772551</ele>
        <time>2026-04-30T23:44:55.340Z</time>
      </trkpt>
      <trkpt lat="50.968989" lon="12.977532">
        <ele>300.204143</ele>
        <time>2026-04-30T23:45:11.828Z</time>
      </trkpt>
      <trkpt lat="50.969670" lon="12.976651">
        <ele>300.370632</ele>
        <time>2026-04-30T23:45:20.307Z</time>
      </trkpt>
      <trkpt lat="50.970133" lon="12.975896">
        <ele>297.617150</ele>
        <time>2026-04-30T23:45:25.612Z</time>
      </trkpt>
      <trkpt lat="50.970369" lon="12.975420">
        <ele>295.949619</ele>
        <time>2026-04-30T23:45:28.513Z</time>
      </trkpt>
      <trkpt lat="50.971021" lon="12.974539">
        <ele>292.210116</ele>
        <time>2026-04-30T23:45:34.863Z</time>
      </trkpt>
      <trkpt lat="50.971613" lon="12.973770">
        <ele>288.893287</ele>
        <time>2026-04-30T23:45:40.550Z</time>
      </trkpt>
      <trkpt lat="50.972360" lon="12.972982">
        <ele>285.004181</ele>
        <time>2026-04-30T23:45:47.605Z</time>
      </trkpt>
      <trkpt lat="50.972472" lon="12.972876">
        <ele>284.661557</ele>
        <time>2026-04-30T23:45:48.707Z</time>
      </trkpt>
      <trkpt lat="50.972534" lon="12.972816">
        <ele>284.600832</ele>
        <time>2026-04-30T23:45:49.334Z</time>
      </trkpt>
      <trkpt lat="50.972715" lon="12.972530">
        <ele>284.387280</ele>
        <time>2026-04-30T23:45:51.572Z</time>
      </trkpt>
      <trkpt lat="50.972895" lon="12.972076">
        <ele>284.104732</ele>
        <time>2026-04-30T23:45:54.698Z</time>
      </trkpt>
      <trkpt lat="50.972719" lon="12.971741">
        <ele>283.874959</ele>
        <time>2026-04-30T23:45:57.459Z</time>
      </trkpt>
      <trkpt lat="50.972612" lon="12.971538">
        <ele>283.735536</ele>
        <time>2026-04-30T23:45:59.383Z</time>
      </trkpt>
      <trkpt lat="50.972402" lon="12.971073">
        <ele>283.434168</ele>
        <time>2026-04-30T23:46:04.272Z</time>
      </trkpt>
      <trkpt lat="50.972105" lon="12.970387">
        <ele>283.546150</ele>
        <time>2026-04-30T23:46:11.650Z</time>
      </trkpt>
      <trkpt lat="50.971979" lon="12.970095">
        <ele>283.837589</ele>
        <time>2026-04-30T23:46:15.039Z</time>
      </trkpt>
      <trkpt lat="50.971233" lon="12.968328">
        <ele>285.597671</ele>
        <time>2026-04-30T23:46:37.360Z</time>
      </trkpt>
      <trkpt lat="50.970824" lon="12.967378">
        <ele>286.845432</ele>
        <time>2026-04-30T23:46:50.205Z</time>
      </trkpt>
      <trkpt lat="50.970757" lon="12.967230">
        <ele>287.043065</ele>
        <time>2026-04-30T23:46:52.296Z</time>
      </trkpt>
      <trkpt lat="50.970512" lon="12.966711">
        <ele>287.746357</ele>
        <time>2026-04-30T23:46:59.354Z</time>
      </trkpt>
      <trkpt lat="50.969960" lon="12.966085">
        <ele>288.885891</ele>
        <time>2026-04-30T23:47:10.998Z</time>
      </trkpt>
      <trkpt lat="50.969462" lon="12.965526">
        <ele>289.819135</ele>
        <time>2026-04-30T23:47:21.523Z</time>
      </trkpt>
      <trkpt lat="50.969287" lon="12.965262">
        <ele>290.188512</ele>
        <time>2026-04-30T23:47:25.597Z</time>
      </trkpt>
      <trkpt lat="50.968925" lon="12.964575">
        <ele>291.051746</ele>
        <time>2026-04-30T23:47:34.668Z</time>
      </trkpt>
      <trkpt lat="50.968815" lon="12.964346">
        <ele>291.329299</ele>
        <time>2026-04-30T23:47:37.619Z</time>
      </trkpt>
      <trkpt lat="50.968670" lon="12.963986">
        <ele>291.491530</ele>
        <time>2026-04-30T23:47:42.139Z</time>
      </trkpt>
      <trkpt lat="50.968511" lon="12.963475">
        <ele>291.624892</ele>
        <time>2026-04-30T23:47:48.118Z</time>
      </trkpt>
      <trkpt lat="50.968402" lon="12.963040">
        <ele>291.734435</ele>
        <time>2026-04-30T23:47:52.380Z</time>
      </trkpt>
      <trkpt lat="50.968371" lon="12.962473">
        <ele>291.867601</ele>
        <time>2026-04-30T23:47:56.504Z</time>
      </trkpt>
      <trkpt lat="50.968309" lon="12.962127">
        <ele>291.951771</ele>
        <time>2026-04-30T23:47:58.771Z</time>
      </trkpt>
      <trkpt lat="50.968231" lon="12.961837">
        <ele>292.025556</ele>
        <time>2026-04-30T23:48:00.766Z</time>
      </trkpt>
      <trkpt lat="50.967806" lon="12.960699">
        <ele>292.245132</ele>
        <time>2026-04-30T23:48:09.600Z</time>
      </trkpt>
      <trkpt lat="50.967770" lon="12.960598">
        <ele>292.262716</ele>
        <time>2026-04-30T23:48:10.383Z</time>
      </trkpt>
      <trkpt lat="50.967580" lon="12.959899">
        <ele>292.378071</ele>
        <time>2026-04-30T23:48:15.703Z</time>
      </trkpt>
      <trkpt lat="50.967500" lon="12.959233">
        <ele>292.480801</ele>
        <time>2026-04-30T23:48:22.478Z</time>
      </trkpt>
      <trkpt lat="50.967500" lon="12.958799">
        <ele>292.770578</ele>
        <time>2026-04-30T23:48:27.576Z</time>
      </trkpt>
      <trkpt lat="50.967505" lon="12.958628">
        <ele>292.967238</ele>
        <time>2026-04-30T23:48:29.531Z</time>
      </trkpt>
      <trkpt lat="50.967570" lon="12.957968">
        <ele>293.734675</ele>
        <time>2026-04-30T23:48:37.074Z</time>
      </trkpt>
      <trkpt lat="50.967756" lon="12.958076">
        <ele>294.095952</ele>
        <time>2026-04-30T23:48:40.498Z</time>
      </trkpt>
      <trkpt lat="50.967911" lon="12.958335">
        <ele>294.506417</ele>
        <time>2026-04-30T23:48:44.479Z</time>
      </trkpt>
      <trkpt lat="50.967942" lon="12.958448">
        <ele>294.648015</ele>
        <time>2026-04-30T23:48:45.842Z</time>
      </trkpt>
      <trkpt lat="50.968014" lon="12.958745">
        <ele>295.013619</ele>
        <time>2026-04-30T23:48:49.591Z</time>
      </trkpt>
      <trkpt lat="50.968072" lon="12.958973">
        <ele>295.296109</ele>
        <time>2026-04-30T23:48:52.530Z</time>
      </trkpt>
      <trkpt lat="50.968201" lon="12.959116">
        <ele>295.583102</ele>
        <time>2026-04-30T23:48:55.444Z</time>
      </trkpt>
      <trkpt lat="50.968429" lon="12.959117">
        <ele>296.009693</ele>
        <time>2026-04-30T23:48:59.536Z</time>
      </trkpt>
      <trkpt lat="50.968539" lon="12.959052">
        <ele>296.234921</ele>
        <time>2026-04-30T23:49:01.556Z</time>
      </trkpt>
      <trkpt lat="50.968611" lon="12.958928">
        <ele>296.438746</ele>
        <time>2026-04-30T23:49:03.342Z</time>
      </trkpt>
      <trkpt lat="50.968907" lon="12.958166">
        <ele>297.520687</ele>
        <time>2026-04-30T23:49:13.520Z</time>
      </trkpt>
      <trkpt lat="50.969178" lon="12.957421">
        <ele>298.560386</ele>
        <time>2026-04-30T23:49:23.759Z</time>
      </trkpt>
      <trkpt lat="50.969393" lon="12.956838">
        <ele>299.301059</ele>
        <time>2026-04-30T23:49:31.560Z</time>
      </trkpt>
      <trkpt lat="50.969872" lon="12.955555">
        <ele>300.066144</ele>
        <time>2026-04-30T23:49:46.062Z</time>
      </trkpt>
      <trkpt lat="50.970077" lon="12.955079">
        <ele>300.361947</ele>
        <time>2026-04-30T23:49:50.451Z</time>
      </trkpt>
      <trkpt lat="50.970681" lon="12.953720">
        <ele>301.265989</ele>
        <time>2026-04-30T23:50:03.052Z</time>
      </trkpt>
      <trkpt lat="50.972020" lon="12.950288">
        <ele>303.860255</ele>
        <time>2026-04-30T23:50:44.240Z</time>
      </trkpt>
      <trkpt lat="50.972741" lon="12.948226">
        <ele>303.758923</ele>
        <time>2026-04-30T23:51:04.247Z</time>
      </trkpt>
      <trkpt lat="50.972899" lon="12.947774">
        <ele>303.575428</ele>
        <time>2026-04-30T23:51:07.495Z</time>
      </trkpt>
      <trkpt lat="50.973526" lon="12.944388">
        <ele>298.146803</ele>
        <time>2026-04-30T23:51:26.054Z</time>
      </trkpt>
      <trkpt lat="50.973807" lon="12.943296">
        <ele>294.979368</ele>
        <time>2026-04-30T23:51:31.706Z</time>
      </trkpt>
      <trkpt lat="50.974342" lon="12.941564">
        <ele>290.232146</ele>
        <time>2026-04-30T23:51:40.915Z</time>
      </trkpt>
      <trkpt lat="50.974462" lon="12.941194">
        <ele>289.824869</ele>
        <time>2026-04-30T23:51:43.055Z</time>
      </trkpt>
      <trkpt lat="50.975380" lon="12.938018">
        <ele>286.808632</ele>
        <time>2026-04-30T23:52:05.988Z</time>
      </trkpt>
      <trkpt lat="50.975809" lon="12.936213">
        <ele>285.841552</ele>
        <time>2026-04-30T23:52:17.154Z</time>
      </trkpt>
      <trkpt lat="50.975957" lon="12.935777">
        <ele>285.933458</ele>
        <time>2026-04-30T23:52:20.201Z</time>
      </trkpt>
      <trkpt lat="50.976055" lon="12.935432">
        <ele>286.003684</ele>
        <time>2026-04-30T23:52:22.753Z</time>
      </trkpt>
      <trkpt lat="50.976488" lon="12.933985">
        <ele>286.300945</ele>
        <time>2026-04-30T23:52:38.256Z</time>
      </trkpt>
      <trkpt lat="50.976610" lon="12.933653">
        <ele>286.699747</ele>
        <time>2026-04-30T23:52:42.997Z</time>
      </trkpt>
      <trkpt lat="50.977159" lon="12.932736">
        <ele>288.012734</ele>
        <time>2026-04-30T23:52:58.553Z</time>
      </trkpt>
      <trkpt lat="50.977666" lon="12.931436">
        <ele>289.174407</ele>
        <time>2026-04-30T23:53:14.268Z</time>
      </trkpt>
      <trkpt lat="50.978298" lon="12.929655">
        <ele>288.598927</ele>
        <time>2026-04-30T23:53:27.677Z</time>
      </trkpt>
      <trkpt lat="50.979381" lon="12.930369">
        <ele>287.026200</ele>
        <time>2026-04-30T23:53:38.294Z</time>
      </trkpt>
      <trkpt lat="50.979869" lon="12.930665">
        <ele>286.158755</ele>
        <time>2026-04-30T23:53:42.972Z</time>
      </trkpt>
      <trkpt lat="50.980671" lon="12.931101">
        <ele>284.573916</ele>
        <time>2026-04-30T23:53:50.615Z</time>
      </trkpt>
      <trkpt lat="50.980864" lon="12.931228">
        <ele>284.141991</ele>
        <time>2026-04-30T23:53:52.494Z</time>
      </trkpt>
      <trkpt lat="50.980964" lon="12.931347">
        <ele>283.883646</ele>
        <time>2026-04-30T23:53:53.603Z</time>
      </trkpt>
      <trkpt lat="50.981050" lon="12.931509">
        <ele>283.607814</ele>
        <time>2026-04-30T23:53:54.781Z</time>
      </trkpt>
      <trkpt lat="50.981451" lon="12.932634">
        <ele>281.925013</ele>
        <time>2026-04-30T23:54:01.757Z</time>
      </trkpt>
      <trkpt lat="50.981658" lon="12.933246">
        <ele>280.936668</ele>
        <time>2026-04-30T23:54:05.484Z</time>
      </trkpt>
      <trkpt lat="50.981784" lon="12.933639">
        <ele>280.296936</ele>
        <time>2026-04-30T23:54:07.815Z</time>
      </trkpt>
      <trkpt lat="50.982396" lon="12.933256">
        <ele>278.781363</ele>
        <time>2026-04-30T23:54:13.269Z</time>
      </trkpt>
      <trkpt lat="50.982784" lon="12.932710">
        <ele>277.606369</ele>
        <time>2026-04-30T23:54:17.782Z</time>
      </trkpt>
      <trkpt lat="50.982882" lon="12.932608">
        <ele>277.552186</ele>
        <time>2026-04-30T23:54:18.891Z</time>
      </trkpt>
      <trkpt lat="50.982913" lon="12.932581">
        <ele>277.535836</ele>
        <time>2026-04-30T23:54:19.225Z</time>
      </trkpt>
      <trkpt lat="50.983354" lon="12.932375">
        <ele>277.323259</ele>
        <time>2026-04-30T23:54:23.829Z</time>
      </trkpt>
      <trkpt lat="50.983393" lon="12.932357">
        <ele>277.304478</ele>
        <time>2026-04-30T23:54:24.260Z</time>
      </trkpt>
      <trkpt lat="50.984224" lon="12.931749">
        <ele>276.881374</ele>
        <time>2026-04-30T23:54:35.571Z</time>
      </trkpt>
      <trkpt lat="50.984272" lon="12.931715">
        <ele>276.857070</ele>
        <time>2026-04-30T23:54:36.263Z</time>
      </trkpt>
      <trkpt lat="50.984439" lon="12.931573">
        <ele>276.755397</ele>
        <time>2026-04-30T23:54:38.827Z</time>
      </trkpt>
      <trkpt lat="50.984718" lon="12.931236">
        <ele>276.364413</ele>
        <time>2026-04-30T23:54:43.208Z</time>
      </trkpt>
      <trkpt lat="50.985393" lon="12.930408">
        <ele>275.413074</ele>
        <time>2026-04-30T23:54:51.250Z</time>
      </trkpt>
      <trkpt lat="50.985529" lon="12.930258">
        <ele>275.228383</ele>
        <time>2026-04-30T23:54:52.717Z</time>
      </trkpt>
      <trkpt lat="50.985732" lon="12.930136">
        <ele>274.986271</ele>
        <time>2026-04-30T23:54:54.598Z</time>
      </trkpt>
      <trkpt lat="50.986186" lon="12.929953">
        <ele>274.371885</ele>
        <time>2026-04-30T23:54:58.757Z</time>
      </trkpt>
      <trkpt lat="50.986224" lon="12.929938">
        <ele>274.315227</ele>
        <time>2026-04-30T23:54:59.103Z</time>
      </trkpt>
      <trkpt lat="50.986807" lon="12.929672">
        <ele>273.437533</ele>
        <time>2026-04-30T23:55:04.502Z</time>
      </trkpt>
      <trkpt lat="50.986946" lon="12.929555">
        <ele>273.209913</ele>
        <time>2026-04-30T23:55:05.995Z</time>
      </trkpt>
      <trkpt lat="50.987094" lon="12.929347">
        <ele>272.923982</ele>
        <time>2026-04-30T23:55:07.929Z</time>
      </trkpt>
      <trkpt lat="50.987328" lon="12.928984">
        <ele>272.450727</ele>
        <time>2026-04-30T23:55:11.202Z</time>
      </trkpt>
      <trkpt lat="50.987351" lon="12.928949">
        <ele>272.404640</ele>
        <time>2026-04-30T23:55:11.496Z</time>
      </trkpt>
      <trkpt lat="50.987595" lon="12.928402">
        <ele>271.967653</ele>
        <time>2026-04-30T23:55:15.668Z</time>
      </trkpt>
      <trkpt lat="50.987752" lon="12.928030">
        <ele>271.747900</ele>
        <time>2026-04-30T23:55:18.394Z</time>
      </trkpt>
      <trkpt lat="50.987867" lon="12.927733">
        <ele>271.576812</ele>
        <time>2026-04-30T23:55:20.510Z</time>
      </trkpt>
      <trkpt lat="50.987952" lon="12.927506">
        <ele>271.447216</ele>
        <time>2026-04-30T23:55:22.316Z</time>
      </trkpt>
      <trkpt lat="50.988008" lon="12.927323">
        <ele>271.347378</ele>
        <time>2026-04-30T23:55:23.799Z</time>
      </trkpt>
      <trkpt lat="50.988125" lon="12.926930">
        <ele>271.134072</ele>
        <time>2026-04-30T23:55:26.795Z</time>
      </trkpt>
      <trkpt lat="50.988351" lon="12.926248">
        <ele>270.744800</ele>
        <time>2026-04-30T23:55:31.746Z</time>
      </trkpt>
      <trkpt lat="50.988422" lon="12.926039">
        <ele>270.525202</ele>
        <time>2026-04-30T23:55:33.213Z</time>
      </trkpt>
      <trkpt lat="50.988546" lon="12.925599">
        <ele>270.079445</ele>
        <time>2026-04-30T23:55:36.127Z</time>
      </trkpt>
      <trkpt lat="50.988779" lon="12.924546">
        <ele>269.047392</ele>
        <time>2026-04-30T23:55:42.644Z</time>
      </trkpt>
      <trkpt lat="50.988908" lon="12.923545">
        <ele>268.109885</ele>
        <time>2026-04-30T23:55:48.206Z</time>
      </trkpt>
      <trkpt lat="50.988961" lon="12.923150">
        <ele>267.850363</ele>
        <time>2026-04-30T23:55:50.483Z</time>
      </trkpt>
      <trkpt lat="50.988995" lon="12.922842">
        <ele>267.649428</ele>
        <time>2026-04-30T23:55:52.288Z</time>
      </trkpt>
      <trkpt lat="50.989005" lon="12.922748">
        <ele>267.588169</ele>
        <time>2026-04-30T23:55:52.849Z</time>
      </trkpt>
      <trkpt lat="50.989038" lon="12.922482">
        <ele>267.413954</ele>
        <time>2026-04-30T23:55:54.461Z</time>
      </trkpt>
      <trkpt lat="50.989028" lon="12.922047">
        <ele>267.134245</ele>
        <time>2026-04-30T23:55:57.124Z</time>
      </trkpt>
      <trkpt lat="50.988939" lon="12.921736">
        <ele>266.914720</ele>
        <time>2026-04-30T23:55:59.258Z</time>
      </trkpt>
      <trkpt lat="50.988837" lon="12.921508">
        <ele>266.734979</ele>
        <time>2026-04-30T23:56:01.057Z</time>
      </trkpt>
      <trkpt lat="50.988485" lon="12.920823">
        <ele>266.313753</ele>
        <time>2026-04-30T23:56:07.291Z</time>
      </trkpt>
      <trkpt lat="50.988331" lon="12.920510">
        <ele>266.362193</ele>
        <time>2026-04-30T23:56:10.192Z</time>
      </trkpt>
      <trkpt lat="50.988180" lon="12.920178">
        <ele>266.412136</ele>
        <time>2026-04-30T23:56:13.403Z</time>
      </trkpt>
      <trkpt lat="50.987690" lon="12.918916">
        <ele>266.592937</ele>
        <time>2026-04-30T23:56:25.464Z</time>
      </trkpt>
      <trkpt lat="50.987567" lon="12.918531">
        <ele>266.618278</ele>
        <time>2026-04-30T23:56:29.068Z</time>
      </trkpt>
      <trkpt lat="50.987546" lon="12.918281">
        <ele>266.526699</ele>
        <time>2026-04-30T23:56:31.210Z</time>
      </trkpt>
      <trkpt lat="50.987568" lon="12.918090">
        <ele>266.456197</ele>
        <time>2026-04-30T23:56:32.927Z</time>
      </trkpt>
      <trkpt lat="50.987667" lon="12.917815">
        <ele>266.341170</ele>
        <time>2026-04-30T23:56:35.637Z</time>
      </trkpt>
      <trkpt lat="50.987807" lon="12.917618">
        <ele>266.233293</ele>
        <time>2026-04-30T23:56:38.068Z</time>
      </trkpt>
      <trkpt lat="50.988014" lon="12.917318">
        <ele>266.071671</ele>
        <time>2026-04-30T23:56:41.555Z</time>
      </trkpt>
      <trkpt lat="50.988371" lon="12.916663">
        <ele>265.757087</ele>
        <time>2026-04-30T23:56:46.601Z</time>
      </trkpt>
      <trkpt lat="50.988622" lon="12.916218">
        <ele>265.359985</ele>
        <time>2026-04-30T23:56:49.975Z</time>
      </trkpt>
      <trkpt lat="50.988714" lon="12.916052">
        <ele>265.042934</ele>
        <time>2026-04-30T23:56:51.224Z</time>
      </trkpt>
      <trkpt lat="50.989162" lon="12.915213">
        <ele>263.465790</ele>
        <time>2026-04-30T23:56:57.032Z</time>
      </trkpt>
      <trkpt lat="50.989351" lon="12.915019">
        <ele>262.953352</ele>
        <time>2026-04-30T23:56:58.878Z</time>
      </trkpt>
      <trkpt lat="50.989538" lon="12.914862">
        <ele>262.471683</ele>
        <time>2026-04-30T23:57:00.619Z</time>
      </trkpt>
      <trkpt lat="50.989619" lon="12.914794">
        <ele>262.263049</ele>
        <time>2026-04-30T23:57:01.377Z</time>
      </trkpt>
      <trkpt lat="50.989824" lon="12.914601">
        <ele>261.720381</ele>
        <time>2026-04-30T23:57:03.409Z</time>
      </trkpt>
      <trkpt lat="50.989899" lon="12.914522">
        <ele>261.515451</ele>
        <time>2026-04-30T23:57:04.196Z</time>
      </trkpt>
      <trkpt lat="50.990391" lon="12.913763">
        <ele>260.835741</ele>
        <time>2026-04-30T23:57:10.727Z</time>
      </trkpt>
      <trkpt lat="50.990712" lon="12.912769">
        <ele>260.144759</ele>
        <time>2026-04-30T23:57:17.915Z</time>
      </trkpt>
      <trkpt lat="50.990800" lon="12.912566">
        <ele>259.992309</ele>
        <time>2026-04-30T23:57:19.541Z</time>
      </trkpt>
      <trkpt lat="50.991075" lon="12.912135">
        <ele>259.618375</ele>
        <time>2026-04-30T23:57:23.935Z</time>
      </trkpt>
      <trkpt lat="50.991071" lon="12.912049">
        <ele>259.567446</ele>
        <time>2026-04-30T23:57:24.503Z</time>
      </trkpt>
      <trkpt lat="50.991064" lon="12.911904">
        <ele>259.481558</ele>
        <time>2026-04-30T23:57:25.498Z</time>
      </trkpt>
      <trkpt lat="50.991067" lon="12.911878">
        <ele>259.465947</ele>
        <time>2026-04-30T23:57:25.674Z</time>
      </trkpt>
      <trkpt lat="50.991100" lon="12.911736">
        <ele>259.376549</ele>
        <time>2026-04-30T23:57:26.679Z</time>
      </trkpt>
      <trkpt lat="50.991298" lon="12.911412">
        <ele>259.109848</ele>
        <time>2026-04-30T23:57:29.614Z</time>
      </trkpt>
      <trkpt lat="50.991529" lon="12.911056">
        <ele>258.807883</ele>
        <time>2026-04-30T23:57:32.800Z</time>
      </trkpt>
      <trkpt lat="50.991633" lon="12.910989">
        <ele>258.702584</ele>
        <time>2026-04-30T23:57:33.866Z</time>
      </trkpt>
      <trkpt lat="50.991818" lon="12.910971">
        <ele>258.528677</ele>
        <time>2026-04-30T23:57:35.613Z</time>
      </trkpt>
      <trkpt lat="50.992132" lon="12.911130">
        <ele>258.219453</ele>
        <time>2026-04-30T23:57:38.675Z</time>
      </trkpt>
      <trkpt lat="50.992407" lon="12.911265">
        <ele>257.899752</ele>
        <time>2026-04-30T23:57:41.476Z</time>
      </trkpt>
      <trkpt lat="50.992885" lon="12.911373">
        <ele>257.223637</ele>
        <time>2026-04-30T23:57:45.827Z</time>
      </trkpt>
      <trkpt lat="50.993116" lon="12.911415">
        <ele>256.898039</ele>
        <time>2026-04-30T23:57:47.930Z</time>
      </trkpt>
      <trkpt lat="50.993236" lon="12.911537">
        <ele>256.698533</ele>
        <time>2026-04-30T23:57:49.219Z</time>
      </trkpt>
      <trkpt lat="50.993321" lon="12.911734">
        <ele>256.488013</ele>
        <time>2026-04-30T23:57:50.575Z</time>
      </trkpt>
      <trkpt lat="50.994283" lon="12.910590">
        <ele>255.135061</ele>
        <time>2026-04-30T23:58:02.108Z</time>
      </trkpt>
      <trkpt lat="50.995010" lon="12.909787">
        <ele>254.458269</ele>
        <time>2026-04-30T23:58:11.303Z</time>
      </trkpt>
      <trkpt lat="50.995058" lon="12.909734">
        <ele>254.413589</ele>
        <time>2026-04-30T23:58:11.910Z</time>
      </trkpt>
      <trkpt lat="50.995569" lon="12.909170">
        <ele>253.982134</ele>
        <time>2026-04-30T23:58:18.538Z</time>
      </trkpt>
      <trkpt lat="50.995722" lon="12.909050">
        <ele>253.878049</ele>
        <time>2026-04-30T23:58:20.322Z</time>
      </trkpt>
      <trkpt lat="50.996225" lon="12.908683">
        <ele>253.540406</ele>
        <time>2026-04-30T23:58:26.002Z</time>
      </trkpt>
      <trkpt lat="50.996618" lon="12.908251">
        <ele>253.248890</ele>
        <time>2026-04-30T23:58:30.866Z</time>
      </trkpt>
      <trkpt lat="50.996907" lon="12.907873">
        <ele>253.047350</ele>
        <time>2026-04-30T23:58:34.731Z</time>
      </trkpt>
      <trkpt lat="50.996946" lon="12.907823">
        <ele>253.037894</ele>
        <time>2026-04-30T23:58:35.256Z</time>
      </trkpt>
      <trkpt lat="50.996985" lon="12.907772">
        <ele>253.028363</ele>
        <time>2026-04-30T23:58:35.783Z</time>
      </trkpt>
      <trkpt lat="50.997061" lon="12.907581">
        <ele>253.001526</ele>
        <time>2026-04-30T23:58:37.314Z</time>
      </trkpt>
      <trkpt lat="50.997206" lon="12.907158">
        <ele>252.944321</ele>
        <time>2026-04-30T23:58:40.648Z</time>
      </trkpt>
      <trkpt lat="50.997398" lon="12.906428">
        <ele>252.850360</ele>
        <time>2026-04-30T23:58:46.288Z</time>
      </trkpt>
      <trkpt lat="50.997538" lon="12.906004">
        <ele>252.793496</ele>
        <time>2026-04-30T23:58:49.852Z</time>
      </trkpt>
      <trkpt lat="50.997568" lon="12.905932">
        <ele>252.783241</ele>
        <time>2026-04-30T23:58:50.541Z</time>
      </trkpt>
      <trkpt lat="50.997799" lon="12.905426">
        <ele>252.700447</ele>
        <time>2026-04-30T23:58:55.402Z</time>
      </trkpt>
      <trkpt lat="50.997878" lon="12.905197">
        <ele>252.645186</ele>
        <time>2026-04-30T23:58:57.424Z</time>
      </trkpt>
      <trkpt lat="50.998077" lon="12.904350">
        <ele>252.453871</ele>
        <time>2026-04-30T23:59:04.225Z</time>
      </trkpt>
      <trkpt lat="50.998240" lon="12.903865">
        <ele>252.337524</ele>
        <time>2026-04-30T23:59:07.996Z</time>
      </trkpt>
      <trkpt lat="50.998598" lon="12.903062">
        <ele>252.129288</ele>
        <time>2026-04-30T23:59:14.343Z</time>
      </trkpt>
      <trkpt lat="50.998981" lon="12.902427">
        <ele>251.774085</ele>
        <time>2026-04-30T23:59:19.751Z</time>
      </trkpt>
      <trkpt lat="50.999671" lon="12.901404">
        <ele>251.144857</ele>
        <time>2026-04-30T23:59:29.409Z</time>
      </trkpt>
      <trkpt lat="50.999942" lon="12.900999">
        <ele>250.896096</ele>
        <time>2026-04-30T23:59:33.520Z</time>
      </trkpt>
      <trkpt lat="51.000144" lon="12.900608">
        <ele>250.675948</ele>
        <time>2026-04-30T23:59:37.008Z</time>
      </trkpt>
      <trkpt lat="51.000175" lon="12.900439">
        <ele>250.599342</ele>
        <time>2026-04-30T23:59:38.196Z</time>
      </trkpt>
      <trkpt lat="51.000200" lon="12.900003">
        <ele>250.408818</ele>
        <time>2026-04-30T23:59:41.097Z</time>
      </trkpt>
      <trkpt lat="51.000349" lon="12.900060">
        <ele>250.302840</ele>
        <time>2026-04-30T23:59:54.480Z</time>
      </trkpt>
      <trkpt lat="51.000200" lon="12.900003">
        <ele>250.196861</ele>
        <time>2026-05-01T00:00:07.756Z</time>
      </trkpt>
      <trkpt lat="51.000193" lon="12.899762">
        <ele>250.091871</ele>
        <time>2026-05-01T00:00:09.241Z</time>
      </trkpt>
      <trkpt lat="51.000185" lon="12.899607">
        <ele>250.024192</ele>
        <time>2026-05-01T00:00:10.192Z</time>
      </trkpt>
      <trkpt lat="51.000107" lon="12.898402">
        <ele>249.558435</ele>
        <time>2026-05-01T00:00:17.763Z</time>
      </trkpt>
      <trkpt lat="51.000112" lon="12.898209">
        <ele>249.503851</ele>
        <time>2026-05-01T00:00:18.988Z</time>
      </trkpt>
      <trkpt lat="51.000222" lon="12.897653">
        <ele>249.339157</ele>
        <time>2026-05-01T00:00:22.799Z</time>
      </trkpt>
      <trkpt lat="51.000236" lon="12.897393">
        <ele>249.265419</ele>
        <time>2026-05-01T00:00:24.583Z</time>
      </trkpt>
      <trkpt lat="51.000182" lon="12.894253">
        <ele>248.447036</ele>
        <time>2026-05-01T00:00:47.085Z</time>
      </trkpt>
      <trkpt lat="51.000226" lon="12.893650">
        <ele>248.299904</ele>
        <time>2026-05-01T00:00:50.997Z</time>
      </trkpt>
      <trkpt lat="51.000310" lon="12.893170">
        <ele>248.179149</ele>
        <time>2026-05-01T00:00:54.181Z</time>
      </trkpt>
      <trkpt lat="51.000379" lon="12.892854">
        <ele>248.031989</ele>
        <time>2026-05-01T00:00:56.309Z</time>
      </trkpt>
      <trkpt lat="51.000481" lon="12.892627">
        <ele>247.903756</ele>
        <time>2026-05-01T00:00:58.081Z</time>
      </trkpt>
      <trkpt lat="51.000817" lon="12.892048">
        <ele>247.541666</ele>
        <time>2026-05-01T00:01:03.149Z</time>
      </trkpt>
      <trkpt lat="51.000982" lon="12.891644">
        <ele>247.320246</ele>
        <time>2026-05-01T00:01:06.241Z</time>
      </trkpt>
      <trkpt lat="51.001199" lon="12.890910">
        <ele>246.947418</ele>
        <time>2026-05-01T00:01:11.436Z</time>
      </trkpt>
      <trkpt lat="51.001268" lon="12.890343">
        <ele>246.666437</ele>
        <time>2026-05-01T00:01:15.096Z</time>
      </trkpt>
      <trkpt lat="51.001283" lon="12.890004">
        <ele>246.496447</ele>
        <time>2026-05-01T00:01:17.234Z</time>
      </trkpt>
      <trkpt lat="51.001343" lon="12.889769">
        <ele>246.369591</ele>
        <time>2026-05-01T00:01:18.829Z</time>
      </trkpt>
      <trkpt lat="51.001438" lon="12.889573">
        <ele>246.245841</ele>
        <time>2026-05-01T00:01:20.374Z</time>
      </trkpt>
      <trkpt lat="51.002260" lon="12.888447">
        <ele>245.425513</ele>
        <time>2026-05-01T00:01:31.216Z</time>
      </trkpt>
      <trkpt lat="51.002523" lon="12.888011">
        <ele>245.408044</ele>
        <time>2026-05-01T00:01:35.285Z</time>
      </trkpt>
      <trkpt lat="51.002618" lon="12.887803">
        <ele>245.400610</ele>
        <time>2026-05-01T00:01:37.036Z</time>
      </trkpt>
      <trkpt lat="51.002734" lon="12.887459">
        <ele>245.389322</ele>
        <time>2026-05-01T00:01:39.741Z</time>
      </trkpt>
      <trkpt lat="51.002916" lon="12.886711">
        <ele>245.366126</ele>
        <time>2026-05-01T00:01:45.777Z</time>
      </trkpt>
      <trkpt lat="51.002966" lon="12.886487">
        <ele>245.359252</ele>
        <time>2026-05-01T00:01:47.746Z</time>
      </trkpt>
      <trkpt lat="51.003009" lon="12.885990">
        <ele>245.346478</ele>
        <time>2026-05-01T00:01:52.189Z</time>
      </trkpt>
      <trkpt lat="51.003005" lon="12.885157">
        <ele>245.382448</ele>
        <time>2026-05-01T00:01:59.828Z</time>
      </trkpt>
      <trkpt lat="51.002975" lon="12.884597">
        <ele>245.406717</ele>
        <time>2026-05-01T00:02:04.563Z</time>
      </trkpt>
      <trkpt lat="51.002919" lon="12.884179">
        <ele>245.425171</ele>
        <time>2026-05-01T00:02:07.643Z</time>
      </trkpt>
      <trkpt lat="51.002793" lon="12.883600">
        <ele>245.451625</ele>
        <time>2026-05-01T00:02:11.719Z</time>
      </trkpt>
      <trkpt lat="51.002725" lon="12.883144">
        <ele>245.468281</ele>
        <time>2026-05-01T00:02:14.746Z</time>
      </trkpt>
      <trkpt lat="51.002806" lon="12.882451">
        <ele>245.462414</ele>
        <time>2026-05-01T00:02:19.222Z</time>
      </trkpt>
      <trkpt lat="51.002877" lon="12.881953">
        <ele>245.458164</ele>
        <time>2026-05-01T00:02:22.521Z</time>
      </trkpt>
      <trkpt lat="51.002920" lon="12.881418">
        <ele>245.453674</ele>
        <time>2026-05-01T00:02:26.103Z</time>
      </trkpt>
      <trkpt lat="51.002925" lon="12.881015">
        <ele>245.450320</ele>
        <time>2026-05-01T00:02:29.064Z</time>
      </trkpt>
      <trkpt lat="51.002904" lon="12.880574">
        <ele>245.446638</ele>
        <time>2026-05-01T00:02:33.254Z</time>
      </trkpt>
      <trkpt lat="51.002858" lon="12.880287">
        <ele>245.495017</ele>
        <time>2026-05-01T00:02:36.491Z</time>
      </trkpt>
      <trkpt lat="51.002668" lon="12.879452">
        <ele>245.907222</ele>
        <time>2026-05-01T00:02:47.056Z</time>
      </trkpt>
      <trkpt lat="51.002318" lon="12.878203">
        <ele>246.541955</ele>
        <time>2026-05-01T00:02:59.802Z</time>
      </trkpt>
      <trkpt lat="51.002113" lon="12.877483">
        <ele>246.476544</ele>
        <time>2026-05-01T00:03:05.016Z</time>
      </trkpt>
      <trkpt lat="51.001872" lon="12.876503">
        <ele>245.422014</ele>
        <time>2026-05-01T00:03:10.805Z</time>
      </trkpt>
      <trkpt lat="51.001904" lon="12.875703">
        <ele>244.618602</ele>
        <time>2026-05-01T00:03:15.157Z</time>
      </trkpt>
      <trkpt lat="51.001901" lon="12.875470">
        <ele>244.385031</ele>
        <time>2026-05-01T00:03:16.496Z</time>
      </trkpt>
      <trkpt lat="51.001864" lon="12.875265">
        <ele>244.171287</ele>
        <time>2026-05-01T00:03:17.727Z</time>
      </trkpt>
      <trkpt lat="51.001827" lon="12.875109">
        <ele>244.004201</ele>
        <time>2026-05-01T00:03:18.680Z</time>
      </trkpt>
      <trkpt lat="51.001668" lon="12.874682">
        <ele>243.544492</ele>
        <time>2026-05-01T00:03:21.496Z</time>
      </trkpt>
      <trkpt lat="51.001382" lon="12.874050">
        <ele>242.837473</ele>
        <time>2026-05-01T00:03:26.082Z</time>
      </trkpt>
      <trkpt lat="51.001303" lon="12.873813">
        <ele>242.593884</ele>
        <time>2026-05-01T00:03:27.705Z</time>
      </trkpt>
      <trkpt lat="51.001289" lon="12.873680">
        <ele>242.471408</ele>
        <time>2026-05-01T00:03:28.511Z</time>
      </trkpt>
      <trkpt lat="51.001284" lon="12.873363">
        <ele>242.183400</ele>
        <time>2026-05-01T00:03:30.407Z</time>
      </trkpt>
      <trkpt lat="51.001343" lon="12.872951">
        <ele>241.799633</ele>
        <time>2026-05-01T00:03:32.887Z</time>
      </trkpt>
      <trkpt lat="51.001428" lon="12.872666">
        <ele>241.513182</ele>
        <time>2026-05-01T00:03:34.708Z</time>
      </trkpt>
      <trkpt lat="51.001697" lon="12.871982">
        <ele>240.896782</ele>
        <time>2026-05-01T00:03:39.275Z</time>
      </trkpt>
      <trkpt lat="51.002164" lon="12.870100">
        <ele>239.461509</ele>
        <time>2026-05-01T00:03:51.807Z</time>
      </trkpt>
      <trkpt lat="51.002208" lon="12.869606">
        <ele>239.194751</ele>
        <time>2026-05-01T00:03:54.904Z</time>
      </trkpt>
      <trkpt lat="51.002177" lon="12.868757">
        <ele>238.890168</ele>
        <time>2026-05-01T00:04:00.143Z</time>
      </trkpt>
      <trkpt lat="51.002209" lon="12.868203">
        <ele>238.690918</ele>
        <time>2026-05-01T00:04:03.538Z</time>
      </trkpt>
      <trkpt lat="51.002259" lon="12.867791">
        <ele>238.540641</ele>
        <time>2026-05-01T00:04:06.295Z</time>
      </trkpt>
      <trkpt lat="51.002353" lon="12.867312">
        <ele>238.360938</ele>
        <time>2026-05-01T00:04:10.048Z</time>
      </trkpt>
      <trkpt lat="51.002175" lon="12.867061">
        <ele>238.349485</ele>
        <time>2026-05-01T00:04:12.990Z</time>
      </trkpt>
      <trkpt lat="51.002065" lon="12.866997">
        <ele>238.522493</ele>
        <time>2026-05-01T00:04:14.464Z</time>
      </trkpt>
      <trkpt lat="51.001708" lon="12.866945">
        <ele>239.051965</ele>
        <time>2026-05-01T00:04:19.351Z</time>
      </trkpt>
      <trkpt lat="51.001551" lon="12.866913">
        <ele>239.285742</ele>
        <time>2026-05-01T00:04:21.817Z</time>
      </trkpt>
      <trkpt lat="51.001312" lon="12.866812">
        <ele>239.650996</ele>
        <time>2026-05-01T00:04:25.941Z</time>
      </trkpt>
      <trkpt lat="51.000947" lon="12.866538">
        <ele>240.247200</ele>
        <time>2026-05-01T00:04:33.590Z</time>
      </trkpt>
      <trkpt lat="51.000710" lon="12.866411">
        <ele>240.616598</ele>
        <time>2026-05-01T00:04:38.681Z</time>
      </trkpt>
      <trkpt lat="50.999859" lon="12.866005">
        <ele>242.734108</ele>
        <time>2026-05-01T00:04:55.702Z</time>
      </trkpt>
      <trkpt lat="50.999788" lon="12.865971">
        <ele>242.930732</ele>
        <time>2026-05-01T00:04:57.233Z</time>
      </trkpt>
      <trkpt lat="50.999769" lon="12.865961">
        <ele>242.983803</ele>
        <time>2026-05-01T00:04:57.649Z</time>
      </trkpt>
      <trkpt lat="50.999186" lon="12.865676">
        <ele>244.601165</ele>
        <time>2026-05-01T00:05:09.753Z</time>
      </trkpt>
      <trkpt lat="50.998697" lon="12.865446">
        <ele>246.177365</ele>
        <time>2026-05-01T00:05:20.164Z</time>
      </trkpt>
      <trkpt lat="50.998540" lon="12.865448">
        <ele>246.941941</ele>
        <time>2026-05-01T00:05:23.945Z</time>
      </trkpt>
      <trkpt lat="50.998547" lon="12.865318">
        <ele>247.341812</ele>
        <time>2026-05-01T00:05:26.115Z</time>
      </trkpt>
      <trkpt lat="50.998553" lon="12.865188">
        <ele>247.741298</ele>
        <time>2026-05-01T00:05:28.228Z</time>
      </trkpt>
      <trkpt lat="50.998684" lon="12.864776">
        <ele>249.155969</ele>
        <time>2026-05-01T00:05:36.363Z</time>
      </trkpt>
      <trkpt lat="50.998863" lon="12.863849">
        <ele>252.127683</ele>
        <time>2026-05-01T00:05:54.091Z</time>
      </trkpt>
      <trkpt lat="50.998940" lon="12.863375">
        <ele>253.627970</ele>
        <time>2026-05-01T00:06:03.257Z</time>
      </trkpt>
      <trkpt lat="50.999040" lon="12.862621">
        <ele>255.821923</ele>
        <time>2026-05-01T00:06:18.667Z</time>
      </trkpt>
      <trkpt lat="50.999117" lon="12.861833">
        <ele>258.000727</ele>
        <time>2026-05-01T00:06:32.872Z</time>
      </trkpt>
      <trkpt lat="50.999251" lon="12.859695">
        <ele>262.742059</ele>
        <time>2026-05-01T00:07:03.837Z</time>
      </trkpt>
      <trkpt lat="50.999263" lon="12.859208">
        <ele>263.144288</ele>
        <time>2026-05-01T00:07:09.355Z</time>
      </trkpt>
      <trkpt lat="50.999231" lon="12.858213">
        <ele>263.966534</ele>
        <time>2026-05-01T00:07:18.655Z</time>
      </trkpt>
      <trkpt lat="50.999137" lon="12.857073">
        <ele>264.426306</ele>
        <time>2026-05-01T00:07:26.749Z</time>
      </trkpt>
      <trkpt lat="50.999026" lon="12.856389">
        <ele>264.069111</ele>
        <time>2026-05-01T00:07:31.411Z</time>
      </trkpt>
      <trkpt lat="50.998655" lon="12.855066">
        <ele>263.336691</ele>
        <time>2026-05-01T00:07:40.397Z</time>
      </trkpt>
      <trkpt lat="50.998455" lon="12.854432">
        <ele>262.666648</ele>
        <time>2026-05-01T00:07:44.613Z</time>
      </trkpt>
      <trkpt lat="50.998121" lon="12.853148">
        <ele>260.805448</ele>
        <time>2026-05-01T00:07:52.285Z</time>
      </trkpt>
      <trkpt lat="50.997288" lon="12.849418">
        <ele>254.797398</ele>
        <time>2026-05-01T00:08:13.076Z</time>
      </trkpt>
      <trkpt lat="50.997038" lon="12.848094">
        <ele>253.779932</ele>
        <time>2026-05-01T00:08:21.170Z</time>
      </trkpt>
      <trkpt lat="50.996925" lon="12.847517">
        <ele>253.335134</ele>
        <time>2026-05-01T00:08:25.159Z</time>
      </trkpt>
      <trkpt lat="50.996824" lon="12.846781">
        <ele>252.780659</ele>
        <time>2026-05-01T00:08:30.412Z</time>
      </trkpt>
      <trkpt lat="50.996679" lon="12.845696">
        <ele>251.310966</ele>
        <time>2026-05-01T00:08:37.190Z</time>
      </trkpt>
      <trkpt lat="50.996547" lon="12.844995">
        <ele>250.292460</ele>
        <time>2026-05-01T00:08:41.147Z</time>
      </trkpt>
      <trkpt lat="50.996516" lon="12.844627">
        <ele>249.775647</ele>
        <time>2026-05-01T00:08:43.089Z</time>
      </trkpt>
      <trkpt lat="50.996576" lon="12.844368">
        <ele>249.391480</ele>
        <time>2026-05-01T00:08:44.504Z</time>
      </trkpt>
      <trkpt lat="50.997368" lon="12.843485">
        <ele>247.095295</ele>
        <time>2026-05-01T00:08:52.110Z</time>
      </trkpt>
      <trkpt lat="50.997751" lon="12.842854">
        <ele>245.745086</ele>
        <time>2026-05-01T00:08:56.683Z</time>
      </trkpt>
      <trkpt lat="50.997807" lon="12.842723">
        <ele>245.501178</ele>
        <time>2026-05-01T00:08:57.559Z</time>
      </trkpt>
      <trkpt lat="50.997832" lon="12.842570">
        <ele>245.257716</ele>
        <time>2026-05-01T00:08:58.461Z</time>
      </trkpt>
      <trkpt lat="50.997816" lon="12.842437">
        <ele>245.049162</ele>
        <time>2026-05-01T00:08:59.250Z</time>
      </trkpt>
      <trkpt lat="50.997653" lon="12.841857">
        <ele>244.507734</ele>
        <time>2026-05-01T00:09:03.151Z</time>
      </trkpt>
      <trkpt lat="50.997618" lon="12.841765">
        <ele>244.635421</ele>
        <time>2026-05-01T00:09:03.940Z</time>
      </trkpt>
      <trkpt lat="50.997404" lon="12.841356">
        <ele>245.267176</ele>
        <time>2026-05-01T00:09:08.570Z</time>
      </trkpt>
      <trkpt lat="50.997262" lon="12.841143">
        <ele>245.635723</ele>
        <time>2026-05-01T00:09:11.984Z</time>
      </trkpt>
      <trkpt lat="50.997081" lon="12.840896">
        <ele>246.086012</ele>
        <time>2026-05-01T00:09:16.566Z</time>
      </trkpt>
      <trkpt lat="50.996907" lon="12.840658">
        <ele>246.519315</ele>
        <time>2026-05-01T00:09:21.230Z</time>
      </trkpt>
      <trkpt lat="50.996730" lon="12.840448">
        <ele>246.936214</ele>
        <time>2026-05-01T00:09:25.907Z</time>
      </trkpt>
      <trkpt lat="50.996450" lon="12.840035">
        <ele>247.657249</ele>
        <time>2026-05-01T00:09:34.613Z</time>
      </trkpt>
      <trkpt lat="50.996401" lon="12.839911">
        <ele>247.906423</ele>
        <time>2026-05-01T00:09:36.803Z</time>
      </trkpt>
      <trkpt lat="50.996243" lon="12.839257">
        <ele>249.264234</ele>
        <time>2026-05-01T00:09:47.856Z</time>
      </trkpt>
      <trkpt lat="50.996193" lon="12.838989">
        <ele>249.806033</ele>
        <time>2026-05-01T00:09:52.191Z</time>
      </trkpt>
      <trkpt lat="50.996141" lon="12.838843">
        <ele>250.131192</ele>
        <time>2026-05-01T00:09:54.743Z</time>
      </trkpt>
      <trkpt lat="50.996015" lon="12.838632">
        <ele>250.694963</ele>
        <time>2026-05-01T00:09:58.879Z</time>
      </trkpt>
      <trkpt lat="50.995895" lon="12.838409">
        <ele>251.263651</ele>
        <time>2026-05-01T00:10:02.797Z</time>
      </trkpt>
      <trkpt lat="50.995863" lon="12.838271">
        <ele>251.548712</ele>
        <time>2026-05-01T00:10:04.700Z</time>
      </trkpt>
      <trkpt lat="50.995811" lon="12.837883">
        <ele>252.317629</ele>
        <time>2026-05-01T00:10:09.650Z</time>
      </trkpt>
      <trkpt lat="50.995619" lon="12.837395">
        <ele>253.361234</ele>
        <time>2026-05-01T00:10:16.700Z</time>
      </trkpt>
      <trkpt lat="50.995576" lon="12.837294">
        <ele>253.504128</ele>
        <time>2026-05-01T00:10:18.119Z</time>
      </trkpt>
      <trkpt lat="50.995518" lon="12.837001">
        <ele>253.864067</ele>
        <time>2026-05-01T00:10:21.599Z</time>
      </trkpt>
      <trkpt lat="50.995523" lon="12.836853">
        <ele>254.037753</ele>
        <time>2026-05-01T00:10:23.125Z</time>
      </trkpt>
      <trkpt lat="50.995536" lon="12.836441">
        <ele>254.521168</ele>
        <time>2026-05-01T00:10:27.035Z</time>
      </trkpt>
      <trkpt lat="50.995447" lon="12.835340">
        <ele>255.821990</ele>
        <time>2026-05-01T00:10:38.277Z</time>
      </trkpt>
      <trkpt lat="50.995375" lon="12.834835">
        <ele>256.428778</ele>
        <time>2026-05-01T00:10:44.290Z</time>
      </trkpt>
      <trkpt lat="50.995293" lon="12.834402">
        <ele>257.212011</ele>
        <time>2026-05-01T00:10:50.177Z</time>
      </trkpt>
      <trkpt lat="50.995117" lon="12.833619">
        <ele>258.875062</ele>
        <time>2026-05-01T00:11:01.936Z</time>
      </trkpt>
      <trkpt lat="50.994780" lon="12.832345">
        <ele>261.639264</ele>
        <time>2026-05-01T00:11:22.642Z</time>
      </trkpt>
      <trkpt lat="50.994562" lon="12.831407">
        <ele>262.656165</ele>
        <time>2026-05-01T00:11:36.183Z</time>
      </trkpt>
      <trkpt lat="50.994517" lon="12.831051">
        <ele>262.842691</ele>
        <time>2026-05-01T00:11:40.224Z</time>
      </trkpt>
      <trkpt lat="50.994518" lon="12.830846">
        <ele>262.948002</ele>
        <time>2026-05-01T00:11:42.270Z</time>
      </trkpt>
      <trkpt lat="50.994613" lon="12.830044">
        <ele>263.367216</ele>
        <time>2026-05-01T00:11:48.889Z</time>
      </trkpt>
      <trkpt lat="50.994821" lon="12.828821">
        <ele>263.447296</ele>
        <time>2026-05-01T00:11:56.623Z</time>
      </trkpt>
      <trkpt lat="50.995058" lon="12.827953">
        <ele>262.745756</ele>
        <time>2026-05-01T00:12:01.920Z</time>
      </trkpt>
      <trkpt lat="50.995463" lon="12.826628">
        <ele>261.656981</ele>
        <time>2026-05-01T00:12:10.969Z</time>
      </trkpt>
      <trkpt lat="50.995856" lon="12.825209">
        <ele>260.833822</ele>
        <time>2026-05-01T00:12:21.011Z</time>
      </trkpt>
      <trkpt lat="50.995895" lon="12.824934">
        <ele>260.684147</ele>
        <time>2026-05-01T00:12:22.770Z</time>
      </trkpt>
      <trkpt lat="50.995996" lon="12.823304">
        <ele>259.606549</ele>
        <time>2026-05-01T00:12:32.885Z</time>
      </trkpt>
      <trkpt lat="50.996037" lon="12.822726">
        <ele>259.105210</ele>
        <time>2026-05-01T00:12:36.307Z</time>
      </trkpt>
      <trkpt lat="50.996052" lon="12.822610">
        <ele>259.003140</ele>
        <time>2026-05-01T00:12:36.991Z</time>
      </trkpt>
      <trkpt lat="50.996181" lon="12.822000">
        <ele>258.448489</ele>
        <time>2026-05-01T00:12:40.728Z</time>
      </trkpt>
      <trkpt lat="50.996261" lon="12.821658">
        <ele>258.134016</ele>
        <time>2026-05-01T00:12:42.855Z</time>
      </trkpt>
      <trkpt lat="50.996382" lon="12.821169">
        <ele>257.680331</ele>
        <time>2026-05-01T00:12:45.918Z</time>
      </trkpt>
      <trkpt lat="50.996412" lon="12.820937">
        <ele>257.432583</ele>
        <time>2026-05-01T00:12:47.283Z</time>
      </trkpt>
      <trkpt lat="50.996553" lon="12.819087">
        <ele>255.483295</ele>
        <time>2026-05-01T00:12:57.737Z</time>
      </trkpt>
      <trkpt lat="50.996535" lon="12.818764">
        <ele>255.144107</ele>
        <time>2026-05-01T00:12:59.612Z</time>
      </trkpt>
      <trkpt lat="50.996443" lon="12.818115">
        <ele>254.500731</ele>
        <time>2026-05-01T00:13:03.461Z</time>
      </trkpt>
      <trkpt lat="50.995905" lon="12.815139">
        <ele>252.584857</ele>
        <time>2026-05-01T00:13:21.752Z</time>
      </trkpt>
      <trkpt lat="50.995888" lon="12.815011">
        <ele>252.652091</ele>
        <time>2026-05-01T00:13:22.652Z</time>
      </trkpt>
      <trkpt lat="50.995850" lon="12.814723">
        <ele>252.803325</ele>
        <time>2026-05-01T00:13:24.772Z</time>
      </trkpt>
      <trkpt lat="50.995791" lon="12.814139">
        <ele>253.107312</ele>
        <time>2026-05-01T00:13:29.698Z</time>
      </trkpt>
      <trkpt lat="50.995782" lon="12.814054">
        <ele>253.151612</ele>
        <time>2026-05-01T00:13:30.484Z</time>
      </trkpt>
      <trkpt lat="50.995731" lon="12.813594">
        <ele>253.391668</ele>
        <time>2026-05-01T00:13:35.214Z</time>
      </trkpt>
      <trkpt lat="50.995689" lon="12.813411">
        <ele>253.491778</ele>
        <time>2026-05-01T00:13:37.418Z</time>
      </trkpt>
      <trkpt lat="50.995471" lon="12.812838">
        <ele>253.896168</ele>
        <time>2026-05-01T00:13:45.784Z</time>
      </trkpt>
      <trkpt lat="50.995404" lon="12.812604">
        <ele>254.330436</ele>
        <time>2026-05-01T00:13:49.294Z</time>
      </trkpt>
      <trkpt lat="50.995346" lon="12.812187">
        <ele>255.051853</ele>
        <time>2026-05-01T00:13:55.284Z</time>
      </trkpt>
      <trkpt lat="50.995370" lon="12.811884">
        <ele>255.567735</ele>
        <time>2026-05-01T00:13:59.663Z</time>
      </trkpt>
      <trkpt lat="50.995584" lon="12.810839">
        <ele>257.424099</ele>
        <time>2026-05-01T00:14:15.096Z</time>
      </trkpt>
      <trkpt lat="50.995727" lon="12.809669">
        <ele>258.669632</ele>
        <time>2026-05-01T00:14:28.991Z</time>
      </trkpt>
      <trkpt lat="50.995859" lon="12.809102">
        <ele>258.711168</ele>
        <time>2026-05-01T00:14:34.193Z</time>
      </trkpt>
      <trkpt lat="50.995965" lon="12.808888">
        <ele>258.729878</ele>
        <time>2026-05-01T00:14:36.186Z</time>
      </trkpt>
      <trkpt lat="50.995902" lon="12.808620">
        <ele>258.749534</ele>
        <time>2026-05-01T00:14:38.168Z</time>
      </trkpt>
      <trkpt lat="50.995778" lon="12.807775">
        <ele>258.809147</ele>
        <time>2026-05-01T00:14:43.607Z</time>
      </trkpt>
      <trkpt lat="50.995585" lon="12.806930">
        <ele>258.508368</ele>
        <time>2026-05-01T00:14:48.902Z</time>
      </trkpt>
      <trkpt lat="50.995205" lon="12.805937">
        <ele>257.815884</ele>
        <time>2026-05-01T00:14:55.839Z</time>
      </trkpt>
      <trkpt lat="50.994903" lon="12.804913">
        <ele>257.142045</ele>
        <time>2026-05-01T00:15:03.372Z</time>
      </trkpt>
      <trkpt lat="50.994681" lon="12.804377">
        <ele>256.759363</ele>
        <time>2026-05-01T00:15:07.705Z</time>
      </trkpt>
      <trkpt lat="50.994376" lon="12.803771">
        <ele>256.296578</ele>
        <time>2026-05-01T00:15:12.605Z</time>
      </trkpt>
      <trkpt lat="50.994325" lon="12.803623">
        <ele>256.195942</ele>
        <time>2026-05-01T00:15:13.667Z</time>
      </trkpt>
      <trkpt lat="50.994300" lon="12.803414">
        <ele>256.069057</ele>
        <time>2026-05-01T00:15:15.019Z</time>
      </trkpt>
      <trkpt lat="50.994315" lon="12.803247">
        <ele>255.968444</ele>
        <time>2026-05-01T00:15:16.102Z</time>
      </trkpt>
      <trkpt lat="50.994379" lon="12.803034">
        <ele>255.827671</ele>
        <time>2026-05-01T00:15:17.593Z</time>
      </trkpt>
      <trkpt lat="50.994703" lon="12.802402">
        <ele>255.217891</ele>
        <time>2026-05-01T00:15:22.374Z</time>
      </trkpt>
      <trkpt lat="50.994855" lon="12.802062">
        <ele>254.605809</ele>
        <time>2026-05-01T00:15:24.689Z</time>
      </trkpt>
      <trkpt lat="50.994908" lon="12.801698">
        <ele>254.057467</ele>
        <time>2026-05-01T00:15:26.691Z</time>
      </trkpt>
      <trkpt lat="50.994906" lon="12.801560">
        <ele>253.854874</ele>
        <time>2026-05-01T00:15:27.432Z</time>
      </trkpt>
      <trkpt lat="50.994898" lon="12.801341">
        <ele>253.532913</ele>
        <time>2026-05-01T00:15:28.614Z</time>
      </trkpt>
      <trkpt lat="50.994890" lon="12.801204">
        <ele>253.330978</ele>
        <time>2026-05-01T00:15:29.371Z</time>
      </trkpt>
      <trkpt lat="50.994941" lon="12.800527">
        <ele>252.330273</ele>
        <time>2026-05-01T00:15:33.155Z</time>
      </trkpt>
      <trkpt lat="50.995000" lon="12.800092">
        <ele>251.677180</ele>
        <time>2026-05-01T00:15:35.506Z</time>
      </trkpt>
      <trkpt lat="50.995081" lon="12.799809">
        <ele>251.211009</ele>
        <time>2026-05-01T00:15:37.090Z</time>
      </trkpt>
      <trkpt lat="50.995128" lon="12.799697">
        <ele>250.835564</ele>
        <time>2026-05-01T00:15:37.767Z</time>
      </trkpt>
      <trkpt lat="50.995299" lon="12.799444">
        <ele>249.800118</ele>
        <time>2026-05-01T00:15:39.625Z</time>
      </trkpt>
      <trkpt lat="50.995616" lon="12.799127">
        <ele>248.140282</ele>
        <time>2026-05-01T00:15:42.540Z</time>
      </trkpt>
      <trkpt lat="50.995818" lon="12.798863">
        <ele>246.981212</ele>
        <time>2026-05-01T00:15:44.543Z</time>
      </trkpt>
      <trkpt lat="50.996072" lon="12.798372">
        <ele>245.208574</ele>
        <time>2026-05-01T00:15:47.589Z</time>
      </trkpt>
      <trkpt lat="50.996362" lon="12.797725">
        <ele>242.940829</ele>
        <time>2026-05-01T00:15:51.311Z</time>
      </trkpt>
      <trkpt lat="50.996841" lon="12.796647">
        <ele>238.541013</ele>
        <time>2026-05-01T00:15:57.473Z</time>
      </trkpt>
      <trkpt lat="50.996993" lon="12.796255">
        <ele>237.005859</ele>
        <time>2026-05-01T00:15:59.615Z</time>
      </trkpt>
      <trkpt lat="50.997065" lon="12.795983">
        <ele>236.022010</ele>
        <time>2026-05-01T00:16:00.999Z</time>
      </trkpt>
      <trkpt lat="50.997159" lon="12.795366">
        <ele>233.905404</ele>
        <time>2026-05-01T00:16:04.001Z</time>
      </trkpt>
      <trkpt lat="50.997226" lon="12.794738">
        <ele>232.423689</ele>
        <time>2026-05-01T00:16:07.072Z</time>
      </trkpt>
      <trkpt lat="50.997306" lon="12.794379">
        <ele>231.571775</ele>
        <time>2026-05-01T00:16:08.952Z</time>
      </trkpt>
      <trkpt lat="50.997391" lon="12.794113">
        <ele>230.904446</ele>
        <time>2026-05-01T00:16:10.440Z</time>
      </trkpt>
      <trkpt lat="50.997686" lon="12.793450">
        <ele>229.088150</ele>
        <time>2026-05-01T00:16:14.605Z</time>
      </trkpt>
      <trkpt lat="50.999072" lon="12.790529">
        <ele>222.262619</ele>
        <time>2026-05-01T00:16:33.752Z</time>
      </trkpt>
      <trkpt lat="50.999776" lon="12.789045">
        <ele>219.935266</ele>
        <time>2026-05-01T00:16:43.331Z</time>
      </trkpt>
      <trkpt lat="51.000117" lon="12.788322">
        <ele>218.803770</ele>
        <time>2026-05-01T00:16:48.772Z</time>
      </trkpt>
      <trkpt lat="51.000548" lon="12.787420">
        <ele>219.206767</ele>
        <time>2026-05-01T00:17:00.228Z</time>
      </trkpt>
      <trkpt lat="51.001201" lon="12.786032">
        <ele>220.028411</ele>
        <time>2026-05-01T00:17:18.447Z</time>
      </trkpt>
      <trkpt lat="51.002679" lon="12.782900">
        <ele>216.402800</ele>
        <time>2026-05-01T00:17:41.631Z</time>
      </trkpt>
      <trkpt lat="51.002824" lon="12.782584">
        <ele>215.661441</ele>
        <time>2026-05-01T00:17:43.665Z</time>
      </trkpt>
      <trkpt lat="51.003153" lon="12.781543">
        <ele>213.453206</ele>
        <time>2026-05-01T00:17:49.480Z</time>
      </trkpt>
      <trkpt lat="51.003362" lon="12.780785">
        <ele>211.250170</ele>
        <time>2026-05-01T00:17:53.392Z</time>
      </trkpt>
      <trkpt lat="51.003645" lon="12.779737">
        <ele>207.674946</ele>
        <time>2026-05-01T00:17:58.752Z</time>
      </trkpt>
      <trkpt lat="51.003668" lon="12.779575">
        <ele>207.154311</ele>
        <time>2026-05-01T00:17:59.539Z</time>
      </trkpt>
      <trkpt lat="51.003684" lon="12.779456">
        <ele>206.772826</ele>
        <time>2026-05-01T00:18:00.118Z</time>
      </trkpt>
      <trkpt lat="51.003729" lon="12.779112">
        <ele>205.671332</ele>
        <time>2026-05-01T00:18:01.783Z</time>
      </trkpt>
      <trkpt lat="51.003738" lon="12.778998">
        <ele>205.311142</ele>
        <time>2026-05-01T00:18:02.332Z</time>
      </trkpt>
      <trkpt lat="51.003744" lon="12.778900">
        <ele>205.002462</ele>
        <time>2026-05-01T00:18:02.800Z</time>
      </trkpt>
      <trkpt lat="51.003753" lon="12.778717">
        <ele>204.427009</ele>
        <time>2026-05-01T00:18:03.677Z</time>
      </trkpt>
      <trkpt lat="51.003760" lon="12.778572">
        <ele>203.971100</ele>
        <time>2026-05-01T00:18:04.370Z</time>
      </trkpt>
      <trkpt lat="51.003766" lon="12.778474">
        <ele>203.683516</ele>
        <time>2026-05-01T00:18:04.840Z</time>
      </trkpt>
      <trkpt lat="51.003857" lon="12.778138">
        <ele>202.641299</ele>
        <time>2026-05-01T00:18:06.582Z</time>
      </trkpt>
      <trkpt lat="51.004219" lon="12.777445">
        <ele>200.075191</ele>
        <time>2026-05-01T00:18:10.902Z</time>
      </trkpt>
      <trkpt lat="51.004589" lon="12.776572">
        <ele>197.076348</ele>
        <time>2026-05-01T00:18:15.966Z</time>
      </trkpt>
      <trkpt lat="51.004879" lon="12.775669">
        <ele>194.362788</ele>
        <time>2026-05-01T00:18:20.930Z</time>
      </trkpt>
      <trkpt lat="51.004945" lon="12.775491">
        <ele>193.840051</ele>
        <time>2026-05-01T00:18:21.996Z</time>
      </trkpt>
      <trkpt lat="51.005026" lon="12.775248">
        <ele>193.144290</ele>
        <time>2026-05-01T00:18:23.413Z</time>
      </trkpt>
      <trkpt lat="51.005043" lon="12.774676">
        <ele>191.695438</ele>
        <time>2026-05-01T00:18:26.281Z</time>
      </trkpt>
      <trkpt lat="51.005043" lon="12.774374">
        <ele>190.931337</ele>
        <time>2026-05-01T00:18:27.769Z</time>
      </trkpt>
      <trkpt lat="51.005029" lon="12.773688">
        <ele>189.194749</ele>
        <time>2026-05-01T00:18:31.129Z</time>
      </trkpt>
      <trkpt lat="51.004978" lon="12.773608">
        <ele>188.906615</ele>
        <time>2026-05-01T00:18:31.675Z</time>
      </trkpt>
      <trkpt lat="51.004912" lon="12.773596">
        <ele>188.639506</ele>
        <time>2026-05-01T00:18:32.182Z</time>
      </trkpt>
      <trkpt lat="51.004854" lon="12.773635">
        <ele>188.341244</ele>
        <time>2026-05-01T00:18:32.658Z</time>
      </trkpt>
      <trkpt lat="51.004792" lon="12.773818">
        <ele>187.635505</ele>
        <time>2026-05-01T00:18:33.652Z</time>
      </trkpt>
      <trkpt lat="51.004625" lon="12.774810">
        <ele>184.148592</ele>
        <time>2026-05-01T00:18:38.471Z</time>
      </trkpt>
      <trkpt lat="51.004565" lon="12.774982">
        <ele>183.480804</ele>
        <time>2026-05-01T00:18:39.375Z</time>
      </trkpt>
      <trkpt lat="51.004487" lon="12.775047">
        <ele>183.005539</ele>
        <time>2026-05-01T00:18:40.013Z</time>
      </trkpt>
      <trkpt lat="51.004424" lon="12.775018">
        <ele>182.651601</ele>
        <time>2026-05-01T00:18:40.483Z</time>
      </trkpt>
      <trkpt lat="51.004363" lon="12.774883">
        <ele>182.087249</ele>
        <time>2026-05-01T00:18:41.248Z</time>
      </trkpt>
      <trkpt lat="51.004296" lon="12.774629">
        <ele>181.152042</ele>
        <time>2026-05-01T00:18:42.520Z</time>
      </trkpt>
      <trkpt lat="51.004220" lon="12.774084">
        <ele>179.256517</ele>
        <time>2026-05-01T00:18:45.117Z</time>
      </trkpt>
      <trkpt lat="51.004199" lon="12.773944">
        <ele>178.774800</ele>
        <time>2026-05-01T00:18:45.795Z</time>
      </trkpt>
      <trkpt lat="51.004151" lon="12.773655">
        <ele>177.920335</ele>
        <time>2026-05-01T00:18:47.222Z</time>
      </trkpt>
      <trkpt lat="51.004046" lon="12.773105">
        <ele>176.277267</ele>
        <time>2026-05-01T00:18:50.013Z</time>
      </trkpt>
      <trkpt lat="51.003963" lon="12.772808">
        <ele>175.348259</ele>
        <time>2026-05-01T00:18:51.597Z</time>
      </trkpt>
      <trkpt lat="51.003916" lon="12.772613">
        <ele>174.751312</ele>
        <time>2026-05-01T00:18:52.604Z</time>
      </trkpt>
      <trkpt lat="51.003897" lon="12.772403">
        <ele>174.144803</ele>
        <time>2026-05-01T00:18:53.626Z</time>
      </trkpt>
      <trkpt lat="51.003897" lon="12.771877">
        <ele>172.641104</ele>
        <time>2026-05-01T00:18:56.149Z</time>
      </trkpt>
      <trkpt lat="51.003897" lon="12.771772">
        <ele>172.340936</ele>
        <time>2026-05-01T00:18:56.657Z</time>
      </trkpt>
      <trkpt lat="51.003838" lon="12.771080">
        <ele>170.468014</ele>
        <time>2026-05-01T00:19:00.040Z</time>
      </trkpt>
      <trkpt lat="51.003788" lon="12.770768">
        <ele>169.931011</ele>
        <time>2026-05-01T00:19:01.640Z</time>
      </trkpt>
      <trkpt lat="51.003664" lon="12.770332">
        <ele>169.132970</ele>
        <time>2026-05-01T00:19:04.039Z</time>
      </trkpt>
      <trkpt lat="51.003628" lon="12.770205">
        <ele>168.900643</ele>
        <time>2026-05-01T00:19:04.737Z</time>
      </trkpt>
      <trkpt lat="51.003384" lon="12.769401">
        <ele>167.411815</ele>
        <time>2026-05-01T00:19:09.278Z</time>
      </trkpt>
      <trkpt lat="51.003028" lon="12.768240">
        <ele>166.042905</ele>
        <time>2026-05-01T00:19:17.110Z</time>
      </trkpt>
      <trkpt lat="51.003020" lon="12.768209">
        <ele>166.058288</ele>
        <time>2026-05-01T00:19:17.375Z</time>
      </trkpt>
      <trkpt lat="51.002912" lon="12.767918">
        <ele>166.213391</ele>
        <time>2026-05-01T00:19:20.349Z</time>
      </trkpt>
      <trkpt lat="51.003277" lon="12.767323">
        <ele>166.594876</ele>
        <time>2026-05-01T00:19:28.511Z</time>
      </trkpt>
      <trkpt lat="51.003466" lon="12.766965">
        <ele>166.809414</ele>
        <time>2026-05-01T00:19:33.184Z</time>
      </trkpt>
      <trkpt lat="51.003631" lon="12.766615">
        <ele>167.010188</ele>
        <time>2026-05-01T00:19:37.648Z</time>
      </trkpt>
      <trkpt lat="51.003711" lon="12.766230">
        <ele>167.223032</ele>
        <time>2026-05-01T00:19:41.650Z</time>
      </trkpt>
      <trkpt lat="51.003761" lon="12.765379">
        <ele>168.596959</ele>
        <time>2026-05-01T00:19:50.901Z</time>
      </trkpt>
      <trkpt lat="51.003763" lon="12.765215">
        <ele>168.860638</ele>
        <time>2026-05-01T00:19:52.764Z</time>
      </trkpt>
      <trkpt lat="51.003754" lon="12.764517">
        <ele>169.982903</ele>
        <time>2026-05-01T00:20:00.968Z</time>
      </trkpt>
      <trkpt lat="51.003748" lon="12.764348">
        <ele>170.255002</ele>
        <time>2026-05-01T00:20:03.046Z</time>
      </trkpt>
      <trkpt lat="51.003662" lon="12.762403">
        <ele>174.515507</ele>
        <time>2026-05-01T00:20:32.835Z</time>
      </trkpt>
      <trkpt lat="51.003610" lon="12.761341">
        <ele>177.426419</ele>
        <time>2026-05-01T00:20:50.161Z</time>
      </trkpt>
      <trkpt lat="51.003545" lon="12.760937">
        <ele>178.565951</ele>
        <time>2026-05-01T00:20:57.167Z</time>
      </trkpt>
      <trkpt lat="51.003342" lon="12.760183">
        <ele>180.985449</ele>
        <time>2026-05-01T00:21:11.587Z</time>
      </trkpt>
      <trkpt lat="51.003307" lon="12.759815">
        <ele>182.151716</ele>
        <time>2026-05-01T00:21:18.343Z</time>
      </trkpt>
      <trkpt lat="51.003321" lon="12.759660">
        <ele>182.642405</ele>
        <time>2026-05-01T00:21:21.232Z</time>
      </trkpt>
      <trkpt lat="51.003483" lon="12.758913">
        <ele>185.118322</ele>
        <time>2026-05-01T00:21:35.840Z</time>
      </trkpt>
      <trkpt lat="51.003572" lon="12.757770">
        <ele>188.701486</ele>
        <time>2026-05-01T00:21:56.490Z</time>
      </trkpt>
      <trkpt lat="51.003570" lon="12.756251">
        <ele>192.775118</ele>
        <time>2026-05-01T00:22:17.875Z</time>
      </trkpt>
      <trkpt lat="51.003494" lon="12.755005">
        <ele>196.132279</ele>
        <time>2026-05-01T00:22:37.081Z</time>
      </trkpt>
      <trkpt lat="51.003459" lon="12.754438">
        <ele>199.004041</ele>
        <time>2026-05-01T00:22:48.907Z</time>
      </trkpt>
      <trkpt lat="51.003476" lon="12.754083">
        <ele>200.845676</ele>
        <time>2026-05-01T00:22:57.169Z</time>
      </trkpt>
      <trkpt lat="51.003534" lon="12.753830">
        <ele>202.238521</ele>
        <time>2026-05-01T00:23:03.850Z</time>
      </trkpt>
      <trkpt lat="51.003635" lon="12.753545">
        <ele>203.930458</ele>
        <time>2026-05-01T00:23:12.382Z</time>
      </trkpt>
      <trkpt lat="51.003781" lon="12.753245">
        <ele>205.892214</ele>
        <time>2026-05-01T00:23:22.764Z</time>
      </trkpt>
      <trkpt lat="51.003988" lon="12.753028">
        <ele>207.930676</ele>
        <time>2026-05-01T00:23:33.775Z</time>
      </trkpt>
      <trkpt lat="51.004422" lon="12.752812">
        <ele>211.584897</ele>
        <time>2026-05-01T00:23:53.467Z</time>
      </trkpt>
      <trkpt lat="51.004539" lon="12.752705">
        <ele>212.555207</ele>
        <time>2026-05-01T00:23:58.893Z</time>
      </trkpt>
      <trkpt lat="51.004633" lon="12.752512">
        <ele>213.659103</ele>
        <time>2026-05-01T00:24:04.864Z</time>
      </trkpt>
      <trkpt lat="51.004823" lon="12.751852">
        <ele>216.941908</ele>
        <time>2026-05-01T00:24:21.143Z</time>
      </trkpt>
      <trkpt lat="51.004930" lon="12.751643">
        <ele>218.160583</ele>
        <time>2026-05-01T00:24:26.754Z</time>
      </trkpt>
      <trkpt lat="51.005611" lon="12.750814">
        <ele>224.249040</ele>
        <time>2026-05-01T00:24:53.602Z</time>
      </trkpt>
      <trkpt lat="51.006557" lon="12.749962">
        <ele>230.546318</ele>
        <time>2026-05-01T00:25:26.973Z</time>
      </trkpt>
      <trkpt lat="51.006729" lon="12.749672">
        <ele>231.998583</ele>
        <time>2026-05-01T00:25:34.518Z</time>
      </trkpt>
      <trkpt lat="51.007057" lon="12.748939">
        <ele>235.340702</ele>
        <time>2026-05-01T00:25:51.079Z</time>
      </trkpt>
      <trkpt lat="51.007103" lon="12.748725">
        <ele>236.221715</ele>
        <time>2026-05-01T00:25:55.156Z</time>
      </trkpt>
      <trkpt lat="51.007112" lon="12.748528">
        <ele>236.991212</ele>
        <time>2026-05-01T00:25:58.719Z</time>
      </trkpt>
      <trkpt lat="51.006948" lon="12.746904">
        <ele>243.399005</ele>
        <time>2026-05-01T00:26:32.442Z</time>
      </trkpt>
      <trkpt lat="51.006963" lon="12.746670">
        <ele>244.315349</ele>
        <time>2026-05-01T00:26:37.364Z</time>
      </trkpt>
      <trkpt lat="51.007012" lon="12.746474">
        <ele>245.136994</ele>
        <time>2026-05-01T00:26:41.842Z</time>
      </trkpt>
      <trkpt lat="51.007189" lon="12.746201">
        <ele>246.491297</ele>
        <time>2026-05-01T00:26:50.248Z</time>
      </trkpt>
      <trkpt lat="51.008122" lon="12.745340">
        <ele>252.196178</ele>
        <time>2026-05-01T00:27:23.760Z</time>
      </trkpt>
      <trkpt lat="51.008370" lon="12.744983">
        <ele>253.965499</ele>
        <time>2026-05-01T00:27:31.765Z</time>
      </trkpt>
      <trkpt lat="51.008821" lon="12.743895">
        <ele>257.046602</ele>
        <time>2026-05-01T00:27:49.485Z</time>
      </trkpt>
      <trkpt lat="51.008986" lon="12.743441">
        <ele>258.130156</ele>
        <time>2026-05-01T00:27:56.416Z</time>
      </trkpt>
      <trkpt lat="51.009102" lon="12.742965">
        <ele>259.185105</ele>
        <time>2026-05-01T00:28:03.491Z</time>
      </trkpt>
      <trkpt lat="51.009287" lon="12.741966">
        <ele>261.377647</ele>
        <time>2026-05-01T00:28:18.596Z</time>
      </trkpt>
      <trkpt lat="51.009380" lon="12.741568">
        <ele>262.335834</ele>
        <time>2026-05-01T00:28:25.020Z</time>
      </trkpt>
      <trkpt lat="51.009511" lon="12.741143">
        <ele>263.403926</ele>
        <time>2026-05-01T00:28:32.198Z</time>
      </trkpt>
      <trkpt lat="51.009661" lon="12.740804">
        <ele>264.339257</ele>
        <time>2026-05-01T00:28:38.401Z</time>
      </trkpt>
      <trkpt lat="51.009813" lon="12.740451">
        <ele>265.304636</ele>
        <time>2026-05-01T00:28:44.744Z</time>
      </trkpt>
      <trkpt lat="51.010006" lon="12.739791">
        <ele>266.947183</ele>
        <time>2026-05-01T00:28:55.331Z</time>
      </trkpt>
      <trkpt lat="51.010084" lon="12.739602">
        <ele>267.435384</ele>
        <time>2026-05-01T00:28:58.578Z</time>
      </trkpt>
      <trkpt lat="51.010215" lon="12.739319">
        <ele>268.065768</ele>
        <time>2026-05-01T00:29:03.613Z</time>
      </trkpt>
      <trkpt lat="51.010447" lon="12.739065">
        <ele>268.869135</ele>
        <time>2026-05-01T00:29:09.911Z</time>
      </trkpt>
      <trkpt lat="51.010751" lon="12.738907">
        <ele>269.781224</ele>
        <time>2026-05-01T00:29:16.656Z</time>
      </trkpt>
      <trkpt lat="51.011317" lon="12.738761">
        <ele>271.416401</ele>
        <time>2026-05-01T00:29:28.632Z</time>
      </trkpt>
      <trkpt lat="51.012057" lon="12.738483">
        <ele>272.841111</ele>
        <time>2026-05-01T00:29:43.404Z</time>
      </trkpt>
      <trkpt lat="51.012382" lon="12.738308">
        <ele>273.161218</ele>
        <time>2026-05-01T00:29:49.003Z</time>
      </trkpt>
      <trkpt lat="51.012676" lon="12.738106">
        <ele>273.460008</ele>
        <time>2026-05-01T00:29:53.627Z</time>
      </trkpt>
      <trkpt lat="51.013805" lon="12.736996">
        <ele>273.873225</ele>
        <time>2026-05-01T00:30:08.727Z</time>
      </trkpt>
      <trkpt lat="51.014125" lon="12.736572">
        <ele>273.669036</ele>
        <time>2026-05-01T00:30:12.962Z</time>
      </trkpt>
      <trkpt lat="51.014341" lon="12.736125">
        <ele>273.495236</ele>
        <time>2026-05-01T00:30:16.516Z</time>
      </trkpt>
      <trkpt lat="51.014601" lon="12.735055">
        <ele>273.403789</ele>
        <time>2026-05-01T00:30:24.157Z</time>
      </trkpt>
      <trkpt lat="51.014754" lon="12.734718">
        <ele>273.525807</ele>
        <time>2026-05-01T00:30:27.147Z</time>
      </trkpt>
      <trkpt lat="51.014911" lon="12.734486">
        <ele>273.625849</ele>
        <time>2026-05-01T00:30:29.767Z</time>
      </trkpt>
      <trkpt lat="51.015651" lon="12.733560">
        <ele>274.065373</ele>
        <time>2026-05-01T00:30:43.577Z</time>
      </trkpt>
      <trkpt lat="51.016078" lon="12.733012">
        <ele>274.518927</ele>
        <time>2026-05-01T00:30:52.368Z</time>
      </trkpt>
      <trkpt lat="51.016357" lon="12.732630">
        <ele>274.855314</ele>
        <time>2026-05-01T00:30:58.217Z</time>
      </trkpt>
      <trkpt lat="51.016543" lon="12.732379">
        <ele>275.078202</ele>
        <time>2026-05-01T00:31:02.026Z</time>
      </trkpt>
      <trkpt lat="51.016638" lon="12.732238">
        <ele>275.196936</ele>
        <time>2026-05-01T00:31:04.007Z</time>
      </trkpt>
      <trkpt lat="51.016888" lon="12.731913">
        <ele>275.491967</ele>
        <time>2026-05-01T00:31:08.744Z</time>
      </trkpt>
      <trkpt lat="51.017096" lon="12.731791">
        <ele>275.694503</ele>
        <time>2026-05-01T00:31:11.766Z</time>
      </trkpt>
      <trkpt lat="51.017796" lon="12.731635">
        <ele>275.424282</ele>
        <time>2026-05-01T00:31:20.120Z</time>
      </trkpt>
      <trkpt lat="51.017874" lon="12.731645">
        <ele>275.383232</ele>
        <time>2026-05-01T00:31:20.990Z</time>
      </trkpt>
      <trkpt lat="51.017384" lon="12.731242">
        <ele>275.093821</ele>
        <time>2026-05-01T00:31:26.683Z</time>
      </trkpt>
      <trkpt lat="51.017060" lon="12.730974">
        <ele>274.902223</ele>
        <time>2026-05-01T00:31:30.253Z</time>
      </trkpt>
      <trkpt lat="51.016345" lon="12.730375">
        <ele>273.862716</ele>
        <time>2026-05-01T00:31:37.718Z</time>
      </trkpt>
      <trkpt lat="51.016111" lon="12.730058">
        <ele>273.406512</ele>
        <time>2026-05-01T00:31:40.544Z</time>
      </trkpt>
      <trkpt lat="51.015920" lon="12.729634">
        <ele>272.919710</ele>
        <time>2026-05-01T00:31:43.590Z</time>
      </trkpt>
      <trkpt lat="51.015606" lon="12.728476">
        <ele>271.647719</ele>
        <time>2026-05-01T00:31:50.792Z</time>
      </trkpt>
      <trkpt lat="51.015431" lon="12.728145">
        <ele>271.149178</ele>
        <time>2026-05-01T00:31:53.248Z</time>
      </trkpt>
      <trkpt lat="51.015383" lon="12.727926">
        <ele>270.881773</ele>
        <time>2026-05-01T00:31:54.563Z</time>
      </trkpt>
      <trkpt lat="51.015374" lon="12.727703">
        <ele>270.624112</ele>
        <time>2026-05-01T00:31:55.824Z</time>
      </trkpt>
      <trkpt lat="51.015597" lon="12.727126">
        <ele>269.843283</ele>
        <time>2026-05-01T00:31:59.599Z</time>
      </trkpt>
      <trkpt lat="51.015663" lon="12.726858">
        <ele>269.511432</ele>
        <time>2026-05-01T00:32:01.189Z</time>
      </trkpt>
      <trkpt lat="51.015821" lon="12.724266">
        <ele>266.273562</ele>
        <time>2026-05-01T00:32:15.522Z</time>
      </trkpt>
      <trkpt lat="51.015915" lon="12.723503">
        <ele>265.287005</ele>
        <time>2026-05-01T00:32:19.889Z</time>
      </trkpt>
      <trkpt lat="51.016056" lon="12.722806">
        <ele>264.446428</ele>
        <time>2026-05-01T00:32:23.866Z</time>
      </trkpt>
      <trkpt lat="51.016120" lon="12.722181">
        <ele>263.725227</ele>
        <time>2026-05-01T00:32:27.382Z</time>
      </trkpt>
      <trkpt lat="51.016133" lon="12.721575">
        <ele>263.034633</ele>
        <time>2026-05-01T00:32:30.820Z</time>
      </trkpt>
      <trkpt lat="51.016108" lon="12.721091">
        <ele>262.481535</ele>
        <time>2026-05-01T00:32:33.623Z</time>
      </trkpt>
      <trkpt lat="51.016101" lon="12.721018">
        <ele>262.397433</ele>
        <time>2026-05-01T00:32:34.051Z</time>
      </trkpt>
      <trkpt lat="51.016061" lon="12.720583">
        <ele>261.903165</ele>
        <time>2026-05-01T00:32:36.550Z</time>
      </trkpt>
      <trkpt lat="51.016021" lon="12.720011">
        <ele>261.309218</ele>
        <time>2026-05-01T00:32:39.809Z</time>
      </trkpt>
      <trkpt lat="51.016042" lon="12.719683">
        <ele>260.968969</ele>
        <time>2026-05-01T00:32:41.722Z</time>
      </trkpt>
      <trkpt lat="51.016049" lon="12.719596">
        <ele>260.878453</ele>
        <time>2026-05-01T00:32:42.236Z</time>
      </trkpt>
      <trkpt lat="51.016055" lon="12.719536">
        <ele>260.815754</ele>
        <time>2026-05-01T00:32:42.591Z</time>
      </trkpt>
      <trkpt lat="51.016061" lon="12.719509">
        <ele>260.786203</ele>
        <time>2026-05-01T00:32:42.764Z</time>
      </trkpt>
      <trkpt lat="51.016069" lon="12.719410">
        <ele>260.683194</ele>
        <time>2026-05-01T00:32:43.351Z</time>
      </trkpt>
      <trkpt lat="51.016116" lon="12.718757">
        <ele>260.004895</ele>
        <time>2026-05-01T00:32:47.205Z</time>
      </trkpt>
      <trkpt lat="51.016116" lon="12.718722">
        <ele>259.968774</ele>
        <time>2026-05-01T00:32:47.407Z</time>
      </trkpt>
      <trkpt lat="51.016076" lon="12.717883">
        <ele>259.100434</ele>
        <time>2026-05-01T00:32:52.126Z</time>
      </trkpt>
      <trkpt lat="51.016068" lon="12.717701">
        <ele>258.918316</ele>
        <time>2026-05-01T00:32:53.134Z</time>
      </trkpt>
      <trkpt lat="51.016093" lon="12.717453">
        <ele>258.674704</ele>
        <time>2026-05-01T00:32:54.520Z</time>
      </trkpt>
      <trkpt lat="51.016328" lon="12.716912">
        <ele>258.037037</ele>
        <time>2026-05-01T00:32:58.218Z</time>
      </trkpt>
      <trkpt lat="51.016416" lon="12.716689">
        <ele>257.781711</ele>
        <time>2026-05-01T00:32:59.719Z</time>
      </trkpt>
      <trkpt lat="51.016513" lon="12.716218">
        <ele>257.301019</ele>
        <time>2026-05-01T00:33:02.594Z</time>
      </trkpt>
      <trkpt lat="51.016585" lon="12.715479">
        <ele>256.575699</ele>
        <time>2026-05-01T00:33:07.028Z</time>
      </trkpt>
      <trkpt lat="51.016634" lon="12.714895">
        <ele>256.051842</ele>
        <time>2026-05-01T00:33:10.537Z</time>
      </trkpt>
      <trkpt lat="51.016691" lon="12.714459">
        <ele>255.706545</ele>
        <time>2026-05-01T00:33:13.210Z</time>
      </trkpt>
      <trkpt lat="51.016719" lon="12.714316">
        <ele>255.590416</ele>
        <time>2026-05-01T00:33:14.110Z</time>
      </trkpt>
      <trkpt lat="51.016807" lon="12.714045">
        <ele>255.353941</ele>
        <time>2026-05-01T00:33:15.927Z</time>
      </trkpt>
      <trkpt lat="51.016886" lon="12.713889">
        <ele>255.198657</ele>
        <time>2026-05-01T00:33:17.105Z</time>
      </trkpt>
      <trkpt lat="51.017008" lon="12.713673">
        <ele>254.973572</ele>
        <time>2026-05-01T00:33:18.814Z</time>
      </trkpt>
      <trkpt lat="51.017549" lon="12.712926">
        <ele>254.090320</ele>
        <time>2026-05-01T00:33:25.653Z</time>
      </trkpt>
      <trkpt lat="51.017720" lon="12.712685">
        <ele>253.923428</ele>
        <time>2026-05-01T00:33:27.815Z</time>
      </trkpt>
      <trkpt lat="51.017778" lon="12.712577">
        <ele>253.871842</ele>
        <time>2026-05-01T00:33:28.650Z</time>
      </trkpt>
      <trkpt lat="51.017873" lon="12.712353">
        <ele>253.773701</ele>
        <time>2026-05-01T00:33:30.249Z</time>
      </trkpt>
      <trkpt lat="51.018023" lon="12.711784">
        <ele>253.549580</ele>
        <time>2026-05-01T00:33:34.073Z</time>
      </trkpt>
      <trkpt lat="51.018164" lon="12.711315">
        <ele>253.360745</ele>
        <time>2026-05-01T00:33:37.588Z</time>
      </trkpt>
      <trkpt lat="51.018259" lon="12.711035">
        <ele>253.245177</ele>
        <time>2026-05-01T00:33:39.884Z</time>
      </trkpt>
      <trkpt lat="51.018316" lon="12.710843">
        <ele>253.168051</ele>
        <time>2026-05-01T00:33:41.488Z</time>
      </trkpt>
      <trkpt lat="51.018480" lon="12.710249">
        <ele>252.990757</ele>
        <time>2026-05-01T00:33:46.466Z</time>
      </trkpt>
      <trkpt lat="51.018599" lon="12.709825">
        <ele>253.005940</ele>
        <time>2026-05-01T00:33:50.044Z</time>
      </trkpt>
      <trkpt lat="51.018619" lon="12.709741">
        <ele>253.008877</ele>
        <time>2026-05-01T00:33:50.711Z</time>
      </trkpt>
      <trkpt lat="51.018673" lon="12.709461">
        <ele>253.018454</ele>
        <time>2026-05-01T00:33:52.979Z</time>
      </trkpt>
      <trkpt lat="51.018689" lon="12.709125">
        <ele>253.029473</ele>
        <time>2026-05-01T00:33:55.889Z</time>
      </trkpt>
      <trkpt lat="51.018708" lon="12.708739">
        <ele>253.042135</ele>
        <time>2026-05-01T00:33:59.151Z</time>
      </trkpt>
      <trkpt lat="51.018771" lon="12.708393">
        <ele>253.053914</ele>
        <time>2026-05-01T00:34:02.041Z</time>
      </trkpt>
      <trkpt lat="51.018833" lon="12.708018">
        <ele>253.066594</ele>
        <time>2026-05-01T00:34:04.852Z</time>
      </trkpt>
      <trkpt lat="51.018847" lon="12.707544">
        <ele>253.024990</ele>
        <time>2026-05-01T00:34:08.078Z</time>
      </trkpt>
      <trkpt lat="51.018825" lon="12.707042">
        <ele>252.689712</ele>
        <time>2026-05-01T00:34:11.324Z</time>
      </trkpt>
      <trkpt lat="51.018873" lon="12.706447">
        <ele>252.290035</ele>
        <time>2026-05-01T00:34:15.006Z</time>
      </trkpt>
      <trkpt lat="51.018962" lon="12.705844">
        <ele>251.877365</ele>
        <time>2026-05-01T00:34:18.744Z</time>
      </trkpt>
      <trkpt lat="51.018971" lon="12.705777">
        <ele>251.831719</ele>
        <time>2026-05-01T00:34:19.130Z</time>
      </trkpt>
      <trkpt lat="51.019003" lon="12.705517">
        <ele>251.655205</ele>
        <time>2026-05-01T00:34:20.651Z</time>
      </trkpt>
      <trkpt lat="51.019036" lon="12.704869">
        <ele>251.222052</ele>
        <time>2026-05-01T00:34:24.412Z</time>
      </trkpt>
      <trkpt lat="51.019062" lon="12.704618">
        <ele>251.097047</ele>
        <time>2026-05-01T00:34:25.913Z</time>
      </trkpt>
      <trkpt lat="51.019097" lon="12.704406">
        <ele>251.004321</ele>
        <time>2026-05-01T00:34:27.205Z</time>
      </trkpt>
      <trkpt lat="51.019165" lon="12.704129">
        <ele>250.878527</ele>
        <time>2026-05-01T00:34:28.961Z</time>
      </trkpt>
      <trkpt lat="51.019224" lon="12.703815">
        <ele>250.739888</ele>
        <time>2026-05-01T00:34:30.972Z</time>
      </trkpt>
      <trkpt lat="51.019228" lon="12.703767">
        <ele>250.719404</ele>
        <time>2026-05-01T00:34:31.275Z</time>
      </trkpt>
      <trkpt lat="51.019233" lon="12.703679">
        <ele>250.682023</ele>
        <time>2026-05-01T00:34:31.814Z</time>
      </trkpt>
      <trkpt lat="51.019215" lon="12.703098">
        <ele>250.435930</ele>
        <time>2026-05-01T00:34:35.645Z</time>
      </trkpt>
      <trkpt lat="51.019189" lon="12.702701">
        <ele>250.267068</ele>
        <time>2026-05-01T00:34:38.410Z</time>
      </trkpt>
      <trkpt lat="51.019170" lon="12.702203">
        <ele>250.055999</ele>
        <time>2026-05-01T00:34:42.140Z</time>
      </trkpt>
      <trkpt lat="51.019151" lon="12.701373">
        <ele>249.688797</ele>
        <time>2026-05-01T00:34:48.327Z</time>
      </trkpt>
      <trkpt lat="51.019076" lon="12.700869">
        <ele>249.456357</ele>
        <time>2026-05-01T00:34:51.807Z</time>
      </trkpt>
      <trkpt lat="51.019055" lon="12.700739">
        <ele>249.396120</ele>
        <time>2026-05-01T00:34:52.700Z</time>
      </trkpt>
      <trkpt lat="51.018992" lon="12.700357">
        <ele>249.218883</ele>
        <time>2026-05-01T00:34:55.258Z</time>
      </trkpt>
      <trkpt lat="51.018932" lon="12.699922">
        <ele>249.019015</ele>
        <time>2026-05-01T00:34:58.060Z</time>
      </trkpt>
      <trkpt lat="51.018937" lon="12.699409">
        <ele>248.788750</ele>
        <time>2026-05-01T00:35:01.154Z</time>
      </trkpt>
      <trkpt lat="51.019034" lon="12.698622">
        <ele>248.274154</ele>
        <time>2026-05-01T00:35:05.737Z</time>
      </trkpt>
      <trkpt lat="51.019043" lon="12.698269">
        <ele>248.018556</ele>
        <time>2026-05-01T00:35:07.789Z</time>
      </trkpt>
      <trkpt lat="51.019020" lon="12.697880">
        <ele>247.735883</ele>
        <time>2026-05-01T00:35:10.134Z</time>
      </trkpt>
      <trkpt lat="51.018962" lon="12.697473">
        <ele>247.433966</ele>
        <time>2026-05-01T00:35:12.726Z</time>
      </trkpt>
      <trkpt lat="51.018905" lon="12.697052">
        <ele>247.122407</ele>
        <time>2026-05-01T00:35:15.350Z</time>
      </trkpt>
      <trkpt lat="51.018785" lon="12.696169">
        <ele>246.557177</ele>
        <time>2026-05-01T00:35:20.908Z</time>
      </trkpt>
      <trkpt lat="51.018735" lon="12.695785">
        <ele>246.447380</ele>
        <time>2026-05-01T00:35:23.376Z</time>
      </trkpt>
      <trkpt lat="51.018715" lon="12.695641">
        <ele>246.406089</ele>
        <time>2026-05-01T00:35:24.365Z</time>
      </trkpt>
      <trkpt lat="51.018700" lon="12.695529">
        <ele>246.374027</ele>
        <time>2026-05-01T00:35:25.146Z</time>
      </trkpt>
      <trkpt lat="51.018676" lon="12.695351">
        <ele>246.323055</ele>
        <time>2026-05-01T00:35:26.405Z</time>
      </trkpt>
      <trkpt lat="51.018587" lon="12.694882">
        <ele>246.185892</ele>
        <time>2026-05-01T00:35:29.795Z</time>
      </trkpt>
      <trkpt lat="51.018440" lon="12.694425">
        <ele>246.042175</ele>
        <time>2026-05-01T00:35:33.225Z</time>
      </trkpt>
      <trkpt lat="51.018393" lon="12.694094">
        <ele>245.947164</ele>
        <time>2026-05-01T00:35:35.493Z</time>
      </trkpt>
      <trkpt lat="51.018391" lon="12.693901">
        <ele>245.893117</ele>
        <time>2026-05-01T00:35:36.808Z</time>
      </trkpt>
      <trkpt lat="51.018439" lon="12.693469">
        <ele>245.828977</ele>
        <time>2026-05-01T00:35:40.051Z</time>
      </trkpt>
      <trkpt lat="51.018535" lon="12.692963">
        <ele>245.887327</ele>
        <time>2026-05-01T00:35:44.105Z</time>
      </trkpt>
      <trkpt lat="51.018590" lon="12.692797">
        <ele>245.908041</ele>
        <time>2026-05-01T00:35:45.598Z</time>
      </trkpt>
      <trkpt lat="51.019089" lon="12.691791">
        <ele>246.049482</ele>
        <time>2026-05-01T00:35:56.214Z</time>
      </trkpt>
      <trkpt lat="51.019232" lon="12.691122">
        <ele>246.127489</ele>
        <time>2026-05-01T00:36:02.220Z</time>
      </trkpt>
      <trkpt lat="51.019313" lon="12.690718">
        <ele>245.906705</ele>
        <time>2026-05-01T00:36:05.278Z</time>
      </trkpt>
      <trkpt lat="51.019340" lon="12.690579">
        <ele>245.829843</ele>
        <time>2026-05-01T00:36:06.246Z</time>
      </trkpt>
      <trkpt lat="51.019415" lon="12.690191">
        <ele>245.615386</ele>
        <time>2026-05-01T00:36:08.994Z</time>
      </trkpt>
      <trkpt lat="51.019557" lon="12.689684">
        <ele>245.322166</ele>
        <time>2026-05-01T00:36:12.419Z</time>
      </trkpt>
      <trkpt lat="51.019678" lon="12.689376">
        <ele>245.130309</ele>
        <time>2026-05-01T00:36:14.650Z</time>
      </trkpt>
      <trkpt lat="51.019710" lon="12.689288">
        <ele>245.076606</ele>
        <time>2026-05-01T00:36:15.261Z</time>
      </trkpt>
      <trkpt lat="51.019946" lon="12.687971">
        <ele>244.187786</ele>
        <time>2026-05-01T00:36:23.128Z</time>
      </trkpt>
      <trkpt lat="51.020090" lon="12.687669">
        <ele>243.862325</ele>
        <time>2026-05-01T00:36:25.305Z</time>
      </trkpt>
      <trkpt lat="51.020271" lon="12.687394">
        <ele>243.520495</ele>
        <time>2026-05-01T00:36:27.646Z</time>
      </trkpt>
      <trkpt lat="51.020532" lon="12.686848">
        <ele>242.931540</ele>
        <time>2026-05-01T00:36:31.618Z</time>
      </trkpt>
      <trkpt lat="51.020871" lon="12.685979">
        <ele>242.151303</ele>
        <time>2026-05-01T00:36:37.808Z</time>
      </trkpt>
      <trkpt lat="51.020986" lon="12.685685">
        <ele>242.122783</ele>
        <time>2026-05-01T00:36:39.895Z</time>
      </trkpt>
      <trkpt lat="51.021232" lon="12.684955">
        <ele>242.054560</ele>
        <time>2026-05-01T00:36:44.978Z</time>
      </trkpt>
      <trkpt lat="51.021530" lon="12.683762">
        <ele>241.948817</ele>
        <time>2026-05-01T00:36:54.695Z</time>
      </trkpt>
      <trkpt lat="51.021718" lon="12.683185">
        <ele>242.605941</ele>
        <time>2026-05-01T00:37:01.569Z</time>
      </trkpt>
      <trkpt lat="51.022030" lon="12.682526">
        <ele>244.102890</ele>
        <time>2026-05-01T00:37:11.995Z</time>
      </trkpt>
      <trkpt lat="51.022664" lon="12.681494">
        <ele>246.720953</ele>
        <time>2026-05-01T00:37:33.679Z</time>
      </trkpt>
      <trkpt lat="51.022859" lon="12.681044">
        <ele>247.579731</ele>
        <time>2026-05-01T00:37:41.975Z</time>
      </trkpt>
      <trkpt lat="51.023047" lon="12.680442">
        <ele>248.527838</ele>
        <time>2026-05-01T00:37:51.324Z</time>
      </trkpt>
      <trkpt lat="51.023197" lon="12.679623">
        <ele>249.731125</ele>
        <time>2026-05-01T00:38:01.634Z</time>
      </trkpt>
      <trkpt lat="51.023548" lon="12.676549">
        <ele>251.956613</ele>
        <time>2026-05-01T00:38:30.849Z</time>
      </trkpt>
      <trkpt lat="51.022929" lon="12.676744">
        <ele>251.910328</ele>
        <time>2026-05-01T00:38:38.494Z</time>
      </trkpt>
      <trkpt lat="51.022782" lon="12.676751">
        <ele>251.617762</ele>
        <time>2026-05-01T00:38:40.034Z</time>
      </trkpt>
      <trkpt lat="51.022567" lon="12.676705">
        <ele>251.186196</ele>
        <time>2026-05-01T00:38:42.184Z</time>
      </trkpt>
      <trkpt lat="51.021850" lon="12.676381">
        <ele>249.703331</ele>
        <time>2026-05-01T00:38:48.692Z</time>
      </trkpt>
      <trkpt lat="51.021065" lon="12.676371">
        <ele>247.811040</ele>
        <time>2026-05-01T00:38:54.951Z</time>
      </trkpt>
      <trkpt lat="51.020748" lon="12.676306">
        <ele>246.770181</ele>
        <time>2026-05-01T00:38:57.439Z</time>
      </trkpt>
      <trkpt lat="51.020551" lon="12.676176">
        <ele>246.075577</ele>
        <time>2026-05-01T00:38:59.085Z</time>
      </trkpt>
      <trkpt lat="51.020100" lon="12.675617">
        <ele>244.213250</ele>
        <time>2026-05-01T00:39:03.580Z</time>
      </trkpt>
      <trkpt lat="51.019776" lon="12.675299">
        <ele>242.973253</ele>
        <time>2026-05-01T00:39:06.770Z</time>
      </trkpt>
      <trkpt lat="51.019665" lon="12.675054">
        <ele>242.864423</ele>
        <time>2026-05-01T00:39:08.511Z</time>
      </trkpt>
      <trkpt lat="51.019544" lon="12.674645">
        <ele>242.990343</ele>
        <time>2026-05-01T00:39:11.418Z</time>
      </trkpt>
      <trkpt lat="51.019447" lon="12.674545">
        <ele>243.041545</ele>
        <time>2026-05-01T00:39:12.750Z</time>
      </trkpt>
      <trkpt lat="51.019276" lon="12.674449">
        <ele>243.121863</ele>
        <time>2026-05-01T00:39:15.077Z</time>
      </trkpt>
      <trkpt lat="51.019175" lon="12.674391">
        <ele>243.169423</ele>
        <time>2026-05-01T00:39:16.557Z</time>
      </trkpt>
      <trkpt lat="51.018695" lon="12.674110">
        <ele>243.395965</ele>
        <time>2026-05-01T00:39:24.959Z</time>
      </trkpt>
      <trkpt lat="51.018527" lon="12.674074">
        <ele>243.471043</ele>
        <time>2026-05-01T00:39:28.008Z</time>
      </trkpt>
      <trkpt lat="51.018392" lon="12.674167">
        <ele>243.536205</ele>
        <time>2026-05-01T00:39:30.677Z</time>
      </trkpt>
      <trkpt lat="51.017999" lon="12.674789">
        <ele>244.074278</ele>
        <time>2026-05-01T00:39:40.455Z</time>
      </trkpt>
      <trkpt lat="51.017911" lon="12.674900">
        <ele>244.204059</ele>
        <time>2026-05-01T00:39:42.222Z</time>
      </trkpt>
      <trkpt lat="51.017732" lon="12.675048">
        <ele>244.437153</ele>
        <time>2026-05-01T00:39:45.202Z</time>
      </trkpt>
      <trkpt lat="51.017527" lon="12.675121">
        <ele>244.679854</ele>
        <time>2026-05-01T00:39:48.143Z</time>
      </trkpt>
      <trkpt lat="51.016914" lon="12.675141">
        <ele>245.388186</ele>
        <time>2026-05-01T00:39:56.833Z</time>
      </trkpt>
      <trkpt lat="51.016379" lon="12.675221">
        <ele>246.068853</ele>
        <time>2026-05-01T00:40:05.312Z</time>
      </trkpt>
      <trkpt lat="51.016426" lon="12.674393">
        <ele>246.782333</ele>
        <time>2026-05-01T00:40:14.388Z</time>
      </trkpt>
      <trkpt lat="51.016775" lon="12.672679">
        <ele>248.196401</ele>
        <time>2026-05-01T00:40:33.231Z</time>
      </trkpt>
      <trkpt lat="51.017170" lon="12.671686">
        <ele>248.528346</ele>
        <time>2026-05-01T00:40:43.179Z</time>
      </trkpt>
      <trkpt lat="51.017490" lon="12.670739">
        <ele>248.832065</ele>
        <time>2026-05-01T00:40:51.171Z</time>
      </trkpt>
      <trkpt lat="51.017622" lon="12.670317">
        <ele>248.938819</ele>
        <time>2026-05-01T00:40:54.800Z</time>
      </trkpt>
      <trkpt lat="51.017802" lon="12.669600">
        <ele>248.933755</ele>
        <time>2026-05-01T00:41:00.872Z</time>
      </trkpt>
      <trkpt lat="51.017954" lon="12.668715">
        <ele>248.927737</ele>
        <time>2026-05-01T00:41:08.027Z</time>
      </trkpt>
      <trkpt lat="51.018096" lon="12.667088">
        <ele>248.608465</ele>
        <time>2026-05-01T00:41:19.612Z</time>
      </trkpt>
      <trkpt lat="51.018262" lon="12.666240">
        <ele>248.116960</ele>
        <time>2026-05-01T00:41:25.280Z</time>
      </trkpt>
      <trkpt lat="51.018337" lon="12.665562">
        <ele>247.735979</ele>
        <time>2026-05-01T00:41:29.492Z</time>
      </trkpt>
      <trkpt lat="51.018443" lon="12.664717">
        <ele>247.185294</ele>
        <time>2026-05-01T00:41:34.582Z</time>
      </trkpt>
      <trkpt lat="51.018550" lon="12.663115">
        <ele>245.462319</ele>
        <time>2026-05-01T00:41:43.805Z</time>
      </trkpt>
      <trkpt lat="51.018627" lon="12.662415">
        <ele>244.702309</ele>
        <time>2026-05-01T00:41:47.785Z</time>
      </trkpt>
      <trkpt lat="51.018620" lon="12.661841">
        <ele>244.018690</ele>
        <time>2026-05-01T00:41:50.961Z</time>
      </trkpt>
      <trkpt lat="51.018603" lon="12.661061">
        <ele>242.881449</ele>
        <time>2026-05-01T00:41:55.247Z</time>
      </trkpt>
      <trkpt lat="51.018595" lon="12.660756">
        <ele>242.436640</ele>
        <time>2026-05-01T00:41:56.908Z</time>
      </trkpt>
      <trkpt lat="51.018585" lon="12.660398">
        <ele>241.914474</ele>
        <time>2026-05-01T00:41:58.838Z</time>
      </trkpt>
      <trkpt lat="51.018575" lon="12.660174">
        <ele>241.587257</ele>
        <time>2026-05-01T00:42:00.040Z</time>
      </trkpt>
      <trkpt lat="51.018566" lon="12.659734">
        <ele>240.945782</ele>
        <time>2026-05-01T00:42:02.371Z</time>
      </trkpt>
      <trkpt lat="51.018556" lon="12.658917">
        <ele>239.780847</ele>
        <time>2026-05-01T00:42:06.670Z</time>
      </trkpt>
      <trkpt lat="51.018593" lon="12.658204">
        <ele>238.813191</ele>
        <time>2026-05-01T00:42:10.418Z</time>
      </trkpt>
      <trkpt lat="51.018769" lon="12.656753">
        <ele>236.814471</ele>
        <time>2026-05-01T00:42:18.304Z</time>
      </trkpt>
      <trkpt lat="51.018913" lon="12.656084">
        <ele>236.275850</ele>
        <time>2026-05-01T00:42:22.449Z</time>
      </trkpt>
      <trkpt lat="51.019922" lon="12.652591">
        <ele>236.463262</ele>
        <time>2026-05-01T00:42:55.559Z</time>
      </trkpt>
      <trkpt lat="51.020179" lon="12.651060">
        <ele>236.373325</ele>
        <time>2026-05-01T00:43:07.825Z</time>
      </trkpt>
      <trkpt lat="51.020200" lon="12.650763">
        <ele>235.567088</ele>
        <time>2026-05-01T00:43:09.459Z</time>
      </trkpt>
      <trkpt lat="51.020167" lon="12.650629">
        <ele>235.175168</ele>
        <time>2026-05-01T00:43:10.212Z</time>
      </trkpt>
      <trkpt lat="51.019828" lon="12.649983">
        <ele>232.883955</ele>
        <time>2026-05-01T00:43:14.338Z</time>
      </trkpt>
      <trkpt lat="51.019705" lon="12.649792">
        <ele>232.139512</ele>
        <time>2026-05-01T00:43:15.616Z</time>
      </trkpt>
      <trkpt lat="51.019493" lon="12.649556">
        <ele>231.018970</ele>
        <time>2026-05-01T00:43:17.501Z</time>
      </trkpt>
      <trkpt lat="51.019174" lon="12.649364">
        <ele>229.542158</ele>
        <time>2026-05-01T00:43:19.981Z</time>
      </trkpt>
      <trkpt lat="51.018678" lon="12.649205">
        <ele>227.614330</ele>
        <time>2026-05-01T00:43:23.750Z</time>
      </trkpt>
      <trkpt lat="51.018489" lon="12.649099">
        <ele>226.931395</ele>
        <time>2026-05-01T00:43:25.285Z</time>
      </trkpt>
      <trkpt lat="51.018307" lon="12.648950">
        <ele>226.233807</ele>
        <time>2026-05-01T00:43:26.884Z</time>
      </trkpt>
      <trkpt lat="51.018078" lon="12.648622">
        <ele>225.183443</ele>
        <time>2026-05-01T00:43:29.349Z</time>
      </trkpt>
      <trkpt lat="51.018027" lon="12.648542">
        <ele>224.939293</ele>
        <time>2026-05-01T00:43:29.925Z</time>
      </trkpt>
      <trkpt lat="51.017548" lon="12.647846">
        <ele>222.727942</ele>
        <time>2026-05-01T00:43:35.543Z</time>
      </trkpt>
      <trkpt lat="51.017266" lon="12.647255">
        <ele>222.158955</ele>
        <time>2026-05-01T00:43:39.919Z</time>
      </trkpt>
      <trkpt lat="51.017164" lon="12.646949">
        <ele>221.991298</ele>
        <time>2026-05-01T00:43:42.158Z</time>
      </trkpt>
      <trkpt lat="51.017082" lon="12.646599">
        <ele>221.810480</ele>
        <time>2026-05-01T00:43:44.731Z</time>
      </trkpt>
      <trkpt lat="51.016961" lon="12.646344">
        <ele>221.655843</ele>
        <time>2026-05-01T00:43:47.118Z</time>
      </trkpt>
      <trkpt lat="51.016848" lon="12.646145">
        <ele>221.526056</ele>
        <time>2026-05-01T00:43:49.155Z</time>
      </trkpt>
      <trkpt lat="51.016798" lon="12.646050">
        <ele>221.466089</ele>
        <time>2026-05-01T00:43:50.025Z</time>
      </trkpt>
      <trkpt lat="51.016711" lon="12.645905">
        <ele>221.369079</ele>
        <time>2026-05-01T00:43:51.409Z</time>
      </trkpt>
      <trkpt lat="51.016329" lon="12.645205">
        <ele>220.895619</ele>
        <time>2026-05-01T00:43:57.388Z</time>
      </trkpt>
      <trkpt lat="51.016195" lon="12.644852">
        <ele>220.663463</ele>
        <time>2026-05-01T00:43:59.943Z</time>
      </trkpt>
      <trkpt lat="51.016104" lon="12.644504">
        <ele>220.451252</ele>
        <time>2026-05-01T00:44:02.230Z</time>
      </trkpt>
      <trkpt lat="51.016062" lon="12.644246">
        <ele>220.301187</ele>
        <time>2026-05-01T00:44:03.843Z</time>
      </trkpt>
      <trkpt lat="51.016042" lon="12.643567">
        <ele>219.918425</ele>
        <time>2026-05-01T00:44:07.810Z</time>
      </trkpt>
      <trkpt lat="51.016056" lon="12.642632">
        <ele>219.486047</ele>
        <time>2026-05-01T00:44:13.661Z</time>
      </trkpt>
      <trkpt lat="51.015985" lon="12.641954">
        <ele>219.613413</ele>
        <time>2026-05-01T00:44:18.790Z</time>
      </trkpt>
      <trkpt lat="51.015879" lon="12.641460">
        <ele>219.710133</ele>
        <time>2026-05-01T00:44:23.042Z</time>
      </trkpt>
      <trkpt lat="51.015829" lon="12.641235">
        <ele>219.754352</ele>
        <time>2026-05-01T00:44:25.018Z</time>
      </trkpt>
      <trkpt lat="51.015776" lon="12.640926">
        <ele>219.813702</ele>
        <time>2026-05-01T00:44:27.746Z</time>
      </trkpt>
      <trkpt lat="51.015763" lon="12.640714">
        <ele>219.853173</ele>
        <time>2026-05-01T00:44:29.688Z</time>
      </trkpt>
      <trkpt lat="51.015778" lon="12.640426">
        <ele>219.906724</ele>
        <time>2026-05-01T00:44:32.335Z</time>
      </trkpt>
      <trkpt lat="51.016046" lon="12.639453">
        <ele>220.358324</ele>
        <time>2026-05-01T00:44:42.007Z</time>
      </trkpt>
      <trkpt lat="51.016160" lon="12.639135">
        <ele>220.581757</ele>
        <time>2026-05-01T00:44:45.486Z</time>
      </trkpt>
      <trkpt lat="51.016560" lon="12.638586">
        <ele>221.094571</ele>
        <time>2026-05-01T00:44:53.254Z</time>
      </trkpt>
      <trkpt lat="51.016633" lon="12.638305">
        <ele>221.280160</ele>
        <time>2026-05-01T00:44:55.976Z</time>
      </trkpt>
      <trkpt lat="51.016633" lon="12.638151">
        <ele>221.374170</ele>
        <time>2026-05-01T00:44:57.310Z</time>
      </trkpt>
      <trkpt lat="51.016636" lon="12.637793">
        <ele>221.592732</ele>
        <time>2026-05-01T00:45:00.431Z</time>
      </trkpt>
      <trkpt lat="51.016674" lon="12.637489">
        <ele>221.891119</ele>
        <time>2026-05-01T00:45:03.343Z</time>
      </trkpt>
      <trkpt lat="51.016605" lon="12.636209">
        <ele>224.617776</ele>
        <time>2026-05-01T00:45:18.365Z</time>
      </trkpt>
      <trkpt lat="51.016541" lon="12.635614">
        <ele>225.898945</ele>
        <time>2026-05-01T00:45:27.106Z</time>
      </trkpt>
      <trkpt lat="51.016357" lon="12.634850">
        <ele>227.635248</ele>
        <time>2026-05-01T00:45:41.426Z</time>
      </trkpt>
      <trkpt lat="51.016253" lon="12.633280">
        <ele>233.537719</ele>
        <time>2026-05-01T00:46:14.504Z</time>
      </trkpt>
      <trkpt lat="51.016259" lon="12.632813">
        <ele>235.324696</ele>
        <time>2026-05-01T00:46:24.442Z</time>
      </trkpt>
      <trkpt lat="51.016311" lon="12.632024">
        <ele>238.359696</ele>
        <time>2026-05-01T00:46:40.173Z</time>
      </trkpt>
      <trkpt lat="51.016271" lon="12.631622">
        <ele>239.376758</ele>
        <time>2026-05-01T00:46:47.729Z</time>
      </trkpt>
      <trkpt lat="51.016078" lon="12.629654">
        <ele>243.487964</ele>
        <time>2026-05-01T00:47:16.797Z</time>
      </trkpt>
      <trkpt lat="51.016069" lon="12.629255">
        <ele>244.312070</ele>
        <time>2026-05-01T00:47:20.812Z</time>
      </trkpt>
      <trkpt lat="51.016140" lon="12.628923">
        <ele>244.555029</ele>
        <time>2026-05-01T00:47:24.055Z</time>
      </trkpt>
      <trkpt lat="51.016721" lon="12.628090">
        <ele>243.960484</ele>
        <time>2026-05-01T00:47:32.837Z</time>
      </trkpt>
      <trkpt lat="51.016778" lon="12.627969">
        <ele>243.888222</ele>
        <time>2026-05-01T00:47:33.749Z</time>
      </trkpt>
      <trkpt lat="51.016853" lon="12.627671">
        <ele>243.734790</ele>
        <time>2026-05-01T00:47:35.643Z</time>
      </trkpt>
      <trkpt lat="51.016916" lon="12.627043">
        <ele>243.430791</ele>
        <time>2026-05-01T00:47:39.268Z</time>
      </trkpt>
      <trkpt lat="51.016896" lon="12.625019">
        <ele>239.989603</ele>
        <time>2026-05-01T00:47:49.885Z</time>
      </trkpt>
      <trkpt lat="51.016888" lon="12.623604">
        <ele>237.138458</ele>
        <time>2026-05-01T00:47:56.938Z</time>
      </trkpt>
      <trkpt lat="51.016908" lon="12.622599">
        <ele>234.727586</ele>
        <time>2026-05-01T00:48:01.881Z</time>
      </trkpt>
      <trkpt lat="51.017257" lon="12.617842">
        <ele>223.734923</ele>
        <time>2026-05-01T00:48:25.635Z</time>
      </trkpt>
      <trkpt lat="51.017138" lon="12.615223">
        <ele>219.312757</ele>
        <time>2026-05-01T00:48:39.815Z</time>
      </trkpt>
      <trkpt lat="51.017302" lon="12.613246">
        <ele>215.251608</ele>
        <time>2026-05-01T00:48:50.108Z</time>
      </trkpt>
      <trkpt lat="51.017313" lon="12.612526">
        <ele>213.784850</ele>
        <time>2026-05-01T00:48:53.628Z</time>
      </trkpt>
      <trkpt lat="51.017276" lon="12.612402">
        <ele>213.481741</ele>
        <time>2026-05-01T00:48:54.295Z</time>
      </trkpt>
      <trkpt lat="51.017238" lon="12.612364">
        <ele>213.319150</ele>
        <time>2026-05-01T00:48:54.642Z</time>
      </trkpt>
      <trkpt lat="51.017058" lon="12.612325">
        <ele>212.661222</ele>
        <time>2026-05-01T00:48:56.046Z</time>
      </trkpt>
      <trkpt lat="51.017040" lon="12.611677">
        <ele>211.183409</ele>
        <time>2026-05-01T00:48:59.189Z</time>
      </trkpt>
      <trkpt lat="51.017110" lon="12.610153">
        <ele>207.701956</ele>
        <time>2026-05-01T00:49:06.847Z</time>
      </trkpt>
      <trkpt lat="51.017115" lon="12.609134">
        <ele>206.144401</ele>
        <time>2026-05-01T00:49:12.287Z</time>
      </trkpt>
      <trkpt lat="51.016927" lon="12.609182">
        <ele>205.745962</ele>
        <time>2026-05-01T00:49:14.668Z</time>
      </trkpt>
      <trkpt lat="51.016778" lon="12.609136">
        <ele>205.428349</ele>
        <time>2026-05-01T00:49:16.038Z</time>
      </trkpt>
      <trkpt lat="51.017174" lon="12.608262">
        <ele>204.010478</ele>
        <time>2026-05-01T00:49:22.664Z</time>
      </trkpt>
      <trkpt lat="51.017175" lon="12.608165">
        <ele>203.882771</ele>
        <time>2026-05-01T00:49:23.261Z</time>
      </trkpt>
      <trkpt lat="51.017140" lon="12.608039">
        <ele>203.701457</ele>
        <time>2026-05-01T00:49:24.031Z</time>
      </trkpt>
      <trkpt lat="51.016872" lon="12.607652">
        <ele>202.694205</ele>
        <time>2026-05-01T00:49:27.028Z</time>
      </trkpt>
      <trkpt lat="51.016822" lon="12.607511">
        <ele>202.370928</ele>
        <time>2026-05-01T00:49:27.820Z</time>
      </trkpt>
      <trkpt lat="51.016826" lon="12.607415">
        <ele>202.178767</ele>
        <time>2026-05-01T00:49:28.307Z</time>
      </trkpt>
      <trkpt lat="51.017109" lon="12.606149">
        <ele>199.495315</ele>
        <time>2026-05-01T00:49:34.876Z</time>
      </trkpt>
      <trkpt lat="51.017195" lon="12.605526">
        <ele>198.221406</ele>
        <time>2026-05-01T00:49:38.001Z</time>
      </trkpt>
      <trkpt lat="51.017173" lon="12.605090">
        <ele>197.744558</ele>
        <time>2026-05-01T00:49:40.327Z</time>
      </trkpt>
      <trkpt lat="51.017290" lon="12.605018">
        <ele>197.775562</ele>
        <time>2026-05-01T00:49:41.530Z</time>
      </trkpt>
      <trkpt lat="51.017355" lon="12.604938">
        <ele>197.795877</ele>
        <time>2026-05-01T00:49:43.828Z</time>
      </trkpt>
      <trkpt lat="51.017611" lon="12.604762">
        <ele>197.864804</ele>
        <time>2026-05-01T00:49:48.742Z</time>
      </trkpt>
      <trkpt lat="51.017869" lon="12.604656">
        <ele>197.930657</ele>
        <time>2026-05-01T00:49:54.480Z</time>
      </trkpt>
      <trkpt lat="51.018503" lon="12.604504">
        <ele>198.089104</ele>
        <time>2026-05-01T00:50:09.298Z</time>
      </trkpt>
      <trkpt lat="51.018549" lon="12.604530">
        <ele>198.101169</ele>
        <time>2026-05-01T00:50:10.284Z</time>
      </trkpt>
      <trkpt lat="51.018594" lon="12.604552">
        <ele>198.112803</ele>
        <time>2026-05-01T00:50:11.209Z</time>
      </trkpt>
      <trkpt lat="51.018651" lon="12.604534">
        <ele>198.127165</ele>
        <time>2026-05-01T00:50:12.423Z</time>
      </trkpt>
      <trkpt lat="51.018711" lon="12.604516">
        <ele>198.142254</ele>
        <time>2026-05-01T00:50:13.526Z</time>
      </trkpt>
      <trkpt lat="51.018802" lon="12.604433">
        <ele>198.138157</ele>
        <time>2026-05-01T00:50:15.446Z</time>
      </trkpt>
      <trkpt lat="51.018691" lon="12.604392">
        <ele>198.057779</ele>
        <time>2026-05-01T00:50:17.096Z</time>
      </trkpt>
      <trkpt lat="51.018561" lon="12.604442">
        <ele>197.963440</ele>
        <time>2026-05-01T00:50:18.939Z</time>
      </trkpt>
      <trkpt lat="51.018503" lon="12.604504">
        <ele>197.914142</ele>
        <time>2026-05-01T00:50:19.878Z</time>
      </trkpt>
      <trkpt lat="51.017869" lon="12.604656">
        <ele>197.461904</ele>
        <time>2026-05-01T00:50:27.793Z</time>
      </trkpt>
      <trkpt lat="51.017611" lon="12.604762">
        <ele>197.273948</ele>
        <time>2026-05-01T00:50:31.334Z</time>
      </trkpt>
      <trkpt lat="51.017355" lon="12.604938">
        <ele>197.077219</ele>
        <time>2026-05-01T00:50:35.565Z</time>
      </trkpt>
      <trkpt lat="51.017290" lon="12.605018">
        <ele>197.019237</ele>
        <time>2026-05-01T00:50:38.105Z</time>
      </trkpt>
      <trkpt lat="51.017173" lon="12.605090">
        <ele>196.930745</ele>
        <time>2026-05-01T00:50:39.669Z</time>
      </trkpt>
      <trkpt lat="51.017122" lon="12.604978">
        <ele>196.890182</ele>
        <time>2026-05-01T00:50:40.686Z</time>
      </trkpt>
      <trkpt lat="51.016997" lon="12.604825">
        <ele>196.882381</ele>
        <time>2026-05-01T00:50:42.815Z</time>
      </trkpt>
      <trkpt lat="51.016797" lon="12.604547">
        <ele>196.869244</ele>
        <time>2026-05-01T00:50:46.772Z</time>
      </trkpt>
      <trkpt lat="51.016749" lon="12.604374">
        <ele>196.863363</ele>
        <time>2026-05-01T00:50:48.697Z</time>
      </trkpt>
      <trkpt lat="51.016740" lon="12.604144">
        <ele>196.856194</ele>
        <time>2026-05-01T00:50:51.028Z</time>
      </trkpt>
      <trkpt lat="51.016780" lon="12.603837">
        <ele>196.846442</ele>
        <time>2026-05-01T00:50:54.356Z</time>
      </trkpt>
      <trkpt lat="51.016929" lon="12.603202">
        <ele>196.825360</ele>
        <time>2026-05-01T00:51:00.904Z</time>
      </trkpt>
      <trkpt lat="51.017034" lon="12.602499">
        <ele>196.802884</ele>
        <time>2026-05-01T00:51:04.953Z</time>
      </trkpt>
      <trkpt lat="51.017056" lon="12.602339">
        <ele>196.687095</ele>
        <time>2026-05-01T00:51:05.775Z</time>
      </trkpt>
      <trkpt lat="51.017065" lon="12.602253">
        <ele>196.624613</ele>
        <time>2026-05-01T00:51:06.210Z</time>
      </trkpt>
      <trkpt lat="51.017068" lon="12.601903">
        <ele>196.373747</ele>
        <time>2026-05-01T00:51:07.975Z</time>
      </trkpt>
      <trkpt lat="51.016949" lon="12.601448">
        <ele>196.020592</ele>
        <time>2026-05-01T00:51:10.538Z</time>
      </trkpt>
      <trkpt lat="51.016874" lon="12.601091">
        <ele>195.750841</ele>
        <time>2026-05-01T00:51:12.648Z</time>
      </trkpt>
      <trkpt lat="51.016871" lon="12.600825">
        <ele>195.560169</ele>
        <time>2026-05-01T00:51:14.242Z</time>
      </trkpt>
      <trkpt lat="51.016888" lon="12.600705">
        <ele>195.472012</ele>
        <time>2026-05-01T00:51:15.026Z</time>
      </trkpt>
      <trkpt lat="51.016921" lon="12.600540">
        <ele>195.347925</ele>
        <time>2026-05-01T00:51:16.134Z</time>
      </trkpt>
      <trkpt lat="51.016962" lon="12.600339">
        <ele>195.196486</ele>
        <time>2026-05-01T00:51:17.488Z</time>
      </trkpt>
      <trkpt lat="51.016984" lon="12.600227">
        <ele>195.112394</ele>
        <time>2026-05-01T00:51:18.300Z</time>
      </trkpt>
      <trkpt lat="51.017016" lon="12.600046">
        <ele>194.977647</ele>
        <time>2026-05-01T00:51:19.679Z</time>
      </trkpt>
      <trkpt lat="51.017016" lon="12.599960">
        <ele>194.916011</ele>
        <time>2026-05-01T00:51:20.332Z</time>
      </trkpt>
      <trkpt lat="51.016913" lon="12.599797">
        <ele>194.760836</ele>
        <time>2026-05-01T00:51:22.233Z</time>
      </trkpt>
      <trkpt lat="51.016214" lon="12.599288">
        <ele>196.676796</ele>
        <time>2026-05-01T00:51:36.602Z</time>
      </trkpt>
      <trkpt lat="51.014775" lon="12.598794">
        <ele>200.410681</ele>
        <time>2026-05-01T00:52:09.622Z</time>
      </trkpt>
      <trkpt lat="51.014424" lon="12.598680">
        <ele>201.355946</ele>
        <time>2026-05-01T00:52:17.295Z</time>
      </trkpt>
      <trkpt lat="51.013833" lon="12.598473">
        <ele>202.952735</ele>
        <time>2026-05-01T00:52:29.219Z</time>
      </trkpt>
      <trkpt lat="51.013368" lon="12.598550">
        <ele>204.099937</ele>
        <time>2026-05-01T00:52:37.683Z</time>
      </trkpt>
      <trkpt lat="51.012476" lon="12.598783">
        <ele>205.478507</ele>
        <time>2026-05-01T00:52:53.470Z</time>
      </trkpt>
      <trkpt lat="51.011246" lon="12.599152">
        <ele>207.248243</ele>
        <time>2026-05-01T00:53:13.078Z</time>
      </trkpt>
      <trkpt lat="51.011039" lon="12.599168">
        <ele>207.497933</ele>
        <time>2026-05-01T00:53:16.217Z</time>
      </trkpt>
      <trkpt lat="51.010654" lon="12.599061">
        <ele>207.968822</ele>
        <time>2026-05-01T00:53:22.354Z</time>
      </trkpt>
      <trkpt lat="51.010473" lon="12.599087">
        <ele>208.187781</ele>
        <time>2026-05-01T00:53:25.366Z</time>
      </trkpt>
      <trkpt lat="51.010381" lon="12.599180">
        <ele>208.319143</ele>
        <time>2026-05-01T00:53:27.135Z</time>
      </trkpt>
      <trkpt lat="51.009967" lon="12.599844">
        <ele>209.161448</ele>
        <time>2026-05-01T00:53:35.935Z</time>
      </trkpt>
      <trkpt lat="51.009855" lon="12.599967">
        <ele>209.486565</ele>
        <time>2026-05-01T00:53:38.165Z</time>
      </trkpt>
      <trkpt lat="51.009587" lon="12.600172">
        <ele>210.196862</ele>
        <time>2026-05-01T00:53:43.400Z</time>
      </trkpt>
      <trkpt lat="51.009311" lon="12.600439">
        <ele>210.968495</ele>
        <time>2026-05-01T00:53:49.420Z</time>
      </trkpt>
      <trkpt lat="51.009213" lon="12.600587">
        <ele>211.291344</ele>
        <time>2026-05-01T00:53:52.028Z</time>
      </trkpt>
      <trkpt lat="51.009146" lon="12.600766">
        <ele>211.604309</ele>
        <time>2026-05-01T00:53:54.576Z</time>
      </trkpt>
      <trkpt lat="51.008833" lon="12.600605">
        <ele>212.389979</ele>
        <time>2026-05-01T00:54:01.256Z</time>
      </trkpt>
      <trkpt lat="51.008631" lon="12.600259">
        <ele>213.099224</ele>
        <time>2026-05-01T00:54:07.659Z</time>
      </trkpt>
      <trkpt lat="51.008284" lon="12.599476">
        <ele>215.727688</ele>
        <time>2026-05-01T00:54:23.119Z</time>
      </trkpt>
      <trkpt lat="51.008198" lon="12.599324">
        <ele>216.305218</ele>
        <time>2026-05-01T00:54:26.661Z</time>
      </trkpt>
      <trkpt lat="51.007915" lon="12.598859">
        <ele>218.132989</ele>
        <time>2026-05-01T00:54:38.092Z</time>
      </trkpt>
      <trkpt lat="51.007443" lon="12.598258">
        <ele>220.848698</ele>
        <time>2026-05-01T00:54:54.936Z</time>
      </trkpt>
      <trkpt lat="51.007194" lon="12.597766">
        <ele>222.410749</ele>
        <time>2026-05-01T00:55:05.377Z</time>
      </trkpt>
      <trkpt lat="51.006887" lon="12.597132">
        <ele>224.304778</ele>
        <time>2026-05-01T00:55:17.486Z</time>
      </trkpt>
      <trkpt lat="51.006669" lon="12.596588">
        <ele>225.831738</ele>
        <time>2026-05-01T00:55:26.872Z</time>
      </trkpt>
      <trkpt lat="51.006566" lon="12.596460">
        <ele>226.323705</ele>
        <time>2026-05-01T00:55:29.826Z</time>
      </trkpt>
      <trkpt lat="51.004606" lon="12.594718">
        <ele>233.832633</ele>
        <time>2026-05-01T00:56:19.644Z</time>
      </trkpt>
      <trkpt lat="51.004391" lon="12.594628">
        <ele>234.456576</ele>
        <time>2026-05-01T00:56:24.622Z</time>
      </trkpt>
      <trkpt lat="51.004162" lon="12.594589">
        <ele>235.099814</ele>
        <time>2026-05-01T00:56:29.756Z</time>
      </trkpt>
      <trkpt lat="51.003904" lon="12.594686">
        <ele>235.840276</ele>
        <time>2026-05-01T00:56:35.678Z</time>
      </trkpt>
      <trkpt lat="51.003581" lon="12.594845">
        <ele>236.784674</ele>
        <time>2026-05-01T00:56:42.982Z</time>
      </trkpt>
      <trkpt lat="51.003255" lon="12.594951">
        <ele>237.714026</ele>
        <time>2026-05-01T00:56:49.818Z</time>
      </trkpt>
      <trkpt lat="51.002832" lon="12.595002">
        <ele>238.887135</ele>
        <time>2026-05-01T00:56:58.237Z</time>
      </trkpt>
      <trkpt lat="51.001488" lon="12.595091">
        <ele>240.554530</ele>
        <time>2026-05-01T00:57:19.699Z</time>
      </trkpt>
      <trkpt lat="51.000224" lon="12.595021">
        <ele>241.950939</ele>
        <time>2026-05-01T00:57:37.046Z</time>
      </trkpt>
      <trkpt lat="50.999879" lon="12.595084">
        <ele>242.308734</ele>
        <time>2026-05-01T00:57:42.355Z</time>
      </trkpt>
      <trkpt lat="50.998914" lon="12.595429">
        <ele>243.186503</ele>
        <time>2026-05-01T00:57:58.928Z</time>
      </trkpt>
      <trkpt lat="50.998584" lon="12.595546">
        <ele>243.400846</ele>
        <time>2026-05-01T00:58:04.464Z</time>
      </trkpt>
      <trkpt lat="50.998351" lon="12.595664">
        <ele>243.555875</ele>
        <time>2026-05-01T00:58:08.252Z</time>
      </trkpt>
      <trkpt lat="50.998213" lon="12.595776">
        <ele>243.654109</ele>
        <time>2026-05-01T00:58:10.516Z</time>
      </trkpt>
      <trkpt lat="50.997405" lon="12.596625">
        <ele>243.657012</ele>
        <time>2026-05-01T00:58:21.407Z</time>
      </trkpt>
      <trkpt lat="50.997094" lon="12.596889">
        <ele>243.064958</ele>
        <time>2026-05-01T00:58:24.709Z</time>
      </trkpt>
      <trkpt lat="50.996632" lon="12.597177">
        <ele>242.231644</ele>
        <time>2026-05-01T00:58:29.143Z</time>
      </trkpt>
      <trkpt lat="50.996533" lon="12.597264">
        <ele>242.041681</ele>
        <time>2026-05-01T00:58:30.120Z</time>
      </trkpt>
      <trkpt lat="50.996316" lon="12.597602">
        <ele>241.531438</ele>
        <time>2026-05-01T00:58:32.685Z</time>
      </trkpt>
      <trkpt lat="50.996161" lon="12.597911">
        <ele>241.113864</ele>
        <time>2026-05-01T00:58:34.743Z</time>
      </trkpt>
      <trkpt lat="50.995883" lon="12.598310">
        <ele>240.722426</ele>
        <time>2026-05-01T00:58:37.877Z</time>
      </trkpt>
      <trkpt lat="50.995781" lon="12.598380">
        <ele>240.610270</ele>
        <time>2026-05-01T00:58:38.841Z</time>
      </trkpt>
      <trkpt lat="50.995509" lon="12.598459">
        <ele>240.331155</ele>
        <time>2026-05-01T00:58:41.307Z</time>
      </trkpt>
      <trkpt lat="50.995299" lon="12.598608">
        <ele>240.098998</ele>
        <time>2026-05-01T00:58:43.433Z</time>
      </trkpt>
      <trkpt lat="50.995102" lon="12.598622">
        <ele>239.899940</ele>
        <time>2026-05-01T00:58:45.375Z</time>
      </trkpt>
      <trkpt lat="50.995089" lon="12.598914">
        <ele>239.713962</ele>
        <time>2026-05-01T00:58:47.371Z</time>
      </trkpt>
      <trkpt lat="50.995040" lon="12.599299">
        <ele>239.464411</ele>
        <time>2026-05-01T00:58:50.476Z</time>
      </trkpt>
      <trkpt lat="50.994941" lon="12.599878">
        <ele>239.463226</ele>
        <time>2026-05-01T00:58:56.215Z</time>
      </trkpt>
      <trkpt lat="50.994813" lon="12.600405">
        <ele>239.854735</ele>
        <time>2026-05-01T00:59:02.483Z</time>
      </trkpt>
      <trkpt lat="50.994735" lon="12.600687">
        <ele>240.068227</ele>
        <time>2026-05-01T00:59:05.949Z</time>
      </trkpt>
      <trkpt lat="50.994628" lon="12.601009">
        <ele>240.320597</ele>
        <time>2026-05-01T00:59:09.956Z</time>
      </trkpt>
      <trkpt lat="50.994530" lon="12.601264">
        <ele>240.527678</ele>
        <time>2026-05-01T00:59:13.154Z</time>
      </trkpt>
      <trkpt lat="50.994273" lon="12.601850">
        <ele>241.022706</ele>
        <time>2026-05-01T00:59:20.075Z</time>
      </trkpt>
      <trkpt lat="50.994076" lon="12.602214">
        <ele>241.247530</ele>
        <time>2026-05-01T00:59:23.970Z</time>
      </trkpt>
      <trkpt lat="50.993764" lon="12.602688">
        <ele>241.255737</ele>
        <time>2026-05-01T00:59:28.784Z</time>
      </trkpt>
      <trkpt lat="50.993590" lon="12.602912">
        <ele>241.259995</ele>
        <time>2026-05-01T00:59:31.191Z</time>
      </trkpt>
      <trkpt lat="50.993112" lon="12.603411">
        <ele>241.270869</ele>
        <time>2026-05-01T00:59:37.448Z</time>
      </trkpt>
      <trkpt lat="50.992596" lon="12.603825">
        <ele>241.348954</ele>
        <time>2026-05-01T00:59:44.469Z</time>
      </trkpt>
      <trkpt lat="50.992331" lon="12.603986">
        <ele>241.532726</ele>
        <time>2026-05-01T00:59:48.281Z</time>
      </trkpt>
      <trkpt lat="50.991082" lon="12.604638">
        <ele>242.384299</ele>
        <time>2026-05-01T01:00:07.611Z</time>
      </trkpt>
      <trkpt lat="50.990555" lon="12.604957">
        <ele>242.267837</ele>
        <time>2026-05-01T01:00:15.257Z</time>
      </trkpt>
      <trkpt lat="50.990055" lon="12.605399">
        <ele>242.052506</ele>
        <time>2026-05-01T01:00:21.817Z</time>
      </trkpt>
      <trkpt lat="50.989893" lon="12.605580">
        <ele>241.977974</ele>
        <time>2026-05-01T01:00:23.881Z</time>
      </trkpt>
      <trkpt lat="50.989574" lon="12.606017">
        <ele>241.819458</ele>
        <time>2026-05-01T01:00:28.016Z</time>
      </trkpt>
      <trkpt lat="50.988919" lon="12.607099">
        <ele>240.326031</ele>
        <time>2026-05-01T01:00:36.387Z</time>
      </trkpt>
      <trkpt lat="50.988534" lon="12.607683">
        <ele>239.376272</ele>
        <time>2026-05-01T01:00:41.015Z</time>
      </trkpt>
      <trkpt lat="50.988140" lon="12.608116">
        <ele>238.560785</ele>
        <time>2026-05-01T01:00:45.264Z</time>
      </trkpt>
      <trkpt lat="50.988065" lon="12.608191">
        <ele>238.568847</ele>
        <time>2026-05-01T01:00:46.083Z</time>
      </trkpt>
      <trkpt lat="50.987864" lon="12.608368">
        <ele>238.589751</ele>
        <time>2026-05-01T01:00:48.259Z</time>
      </trkpt>
      <trkpt lat="50.987323" lon="12.608716">
        <ele>238.642841</ele>
        <time>2026-05-01T01:00:54.481Z</time>
      </trkpt>
      <trkpt lat="50.983484" lon="12.610379">
        <ele>242.674911</ele>
        <time>2026-05-01T01:01:57.995Z</time>
      </trkpt>
      <trkpt lat="50.982308" lon="12.610913">
        <ele>243.871047</ele>
        <time>2026-05-01T01:02:17.180Z</time>
      </trkpt>
      <trkpt lat="50.981866" lon="12.611183">
        <ele>244.242979</ele>
        <time>2026-05-01T01:02:23.746Z</time>
      </trkpt>
      <trkpt lat="50.981283" lon="12.611740">
        <ele>244.753443</ele>
        <time>2026-05-01T01:02:32.558Z</time>
      </trkpt>
      <trkpt lat="50.978890" lon="12.614594">
        <ele>246.395987</ele>
        <time>2026-05-01T01:03:13.265Z</time>
      </trkpt>
      <trkpt lat="50.978246" lon="12.615501">
        <ele>246.933254</ele>
        <time>2026-05-01T01:03:25.503Z</time>
      </trkpt>
      <trkpt lat="50.977622" lon="12.616476">
        <ele>247.498976</ele>
        <time>2026-05-01T01:03:37.665Z</time>
      </trkpt>
      <trkpt lat="50.977003" lon="12.617447">
        <ele>248.171779</ele>
        <time>2026-05-01T01:03:49.627Z</time>
      </trkpt>
      <trkpt lat="50.976185" lon="12.618709">
        <ele>249.347443</ele>
        <time>2026-05-01T01:04:06.624Z</time>
      </trkpt>
      <trkpt lat="50.975810" lon="12.619314">
        <ele>250.030793</ele>
        <time>2026-05-01T01:04:15.352Z</time>
      </trkpt>
      <trkpt lat="50.975600" lon="12.619703">
        <ele>250.624192</ele>
        <time>2026-05-01T01:04:20.876Z</time>
      </trkpt>
      <trkpt lat="50.975087" lon="12.620805">
        <ele>252.211312</ele>
        <time>2026-05-01T01:04:36.901Z</time>
      </trkpt>
      <trkpt lat="50.974786" lon="12.621673">
        <ele>253.254022</ele>
        <time>2026-05-01T01:04:48.263Z</time>
      </trkpt>
      <trkpt lat="50.974753" lon="12.621772">
        <ele>253.341358</ele>
        <time>2026-05-01T01:04:49.444Z</time>
      </trkpt>
      <trkpt lat="50.974494" lon="12.622568">
        <ele>254.039946</ele>
        <time>2026-05-01T01:04:58.775Z</time>
      </trkpt>
      <trkpt lat="50.974269" lon="12.623360">
        <ele>254.717395</ele>
        <time>2026-05-01T01:05:06.858Z</time>
      </trkpt>
      <trkpt lat="50.973384" lon="12.626686">
        <ele>257.112092</ele>
        <time>2026-05-01T01:05:39.945Z</time>
      </trkpt>
      <trkpt lat="50.972948" lon="12.628326">
        <ele>259.405931</ele>
        <time>2026-05-01T01:06:01.092Z</time>
      </trkpt>
      <trkpt lat="50.971903" lon="12.632228">
        <ele>264.346806</ele>
        <time>2026-05-01T01:06:52.702Z</time>
      </trkpt>
      <trkpt lat="50.970552" lon="12.637294">
        <ele>259.871357</ele>
        <time>2026-05-01T01:07:25.045Z</time>
      </trkpt>
      <trkpt lat="50.969068" lon="12.642854">
        <ele>243.731335</ele>
        <time>2026-05-01T01:07:54.110Z</time>
      </trkpt>
      <trkpt lat="50.967393" lon="12.649139">
        <ele>229.381258</ele>
        <time>2026-05-01T01:08:28.622Z</time>
      </trkpt>
      <trkpt lat="50.966995" lon="12.650644">
        <ele>226.960581</ele>
        <time>2026-05-01T01:08:37.717Z</time>
      </trkpt>
      <trkpt lat="50.966565" lon="12.652258">
        <ele>225.751584</ele>
        <time>2026-05-01T01:08:47.943Z</time>
      </trkpt>
      <trkpt lat="50.966365" lon="12.652981">
        <ele>225.230179</ele>
        <time>2026-05-01T01:08:53.621Z</time>
      </trkpt>
      <trkpt lat="50.966160" lon="12.653521">
        <ele>225.092700</ele>
        <time>2026-05-01T01:08:59.065Z</time>
      </trkpt>
      <trkpt lat="50.966180" lon="12.653614">
        <ele>225.071272</ele>
        <time>2026-05-01T01:09:00.191Z</time>
      </trkpt>
      <trkpt lat="50.966168" lon="12.653733">
        <ele>225.044995</ele>
        <time>2026-05-01T01:09:01.397Z</time>
      </trkpt>
      <trkpt lat="50.966039" lon="12.654231">
        <ele>224.927584</ele>
        <time>2026-05-01T01:09:06.660Z</time>
      </trkpt>
      <trkpt lat="50.965847" lon="12.654970">
        <ele>224.753278</ele>
        <time>2026-05-01T01:09:14.328Z</time>
      </trkpt>
      <trkpt lat="50.965680" lon="12.655478">
        <ele>224.628330</ele>
        <time>2026-05-01T01:09:19.608Z</time>
      </trkpt>
      <trkpt lat="50.965571" lon="12.655685">
        <ele>224.459143</ele>
        <time>2026-05-01T01:09:21.935Z</time>
      </trkpt>
      <trkpt lat="50.965425" lon="12.655793">
        <ele>224.277176</ele>
        <time>2026-05-01T01:09:24.071Z</time>
      </trkpt>
      <trkpt lat="50.964753" lon="12.655980">
        <ele>223.506403</ele>
        <time>2026-05-01T01:09:32.729Z</time>
      </trkpt>
      <trkpt lat="50.964755" lon="12.656740">
        <ele>222.965640</ele>
        <time>2026-05-01T01:09:37.366Z</time>
      </trkpt>
      <trkpt lat="50.964796" lon="12.657115">
        <ele>222.694827</ele>
        <time>2026-05-01T01:09:39.928Z</time>
      </trkpt>
      <trkpt lat="50.964949" lon="12.657808">
        <ele>222.547472</ele>
        <time>2026-05-01T01:09:45.083Z</time>
      </trkpt>
      <trkpt lat="50.964927" lon="12.658276">
        <ele>222.516216</ele>
        <time>2026-05-01T01:09:48.578Z</time>
      </trkpt>
      <trkpt lat="50.964842" lon="12.658973">
        <ele>222.468933</ele>
        <time>2026-05-01T01:09:53.746Z</time>
      </trkpt>
      <trkpt lat="50.964709" lon="12.659797">
        <ele>222.412280</ele>
        <time>2026-05-01T01:09:59.951Z</time>
      </trkpt>
      <trkpt lat="50.964694" lon="12.660184">
        <ele>222.449521</ele>
        <time>2026-05-01T01:10:02.881Z</time>
      </trkpt>
      <trkpt lat="50.964679" lon="12.660686">
        <ele>222.637065</ele>
        <time>2026-05-01T01:10:07.018Z</time>
      </trkpt>
      <trkpt lat="50.964642" lon="12.661009">
        <ele>222.759578</ele>
        <time>2026-05-01T01:10:09.936Z</time>
      </trkpt>
      <trkpt lat="50.964572" lon="12.661783">
        <ele>223.051379</ele>
        <time>2026-05-01T01:10:16.737Z</time>
      </trkpt>
      <trkpt lat="50.964582" lon="12.661943">
        <ele>223.111381</ele>
        <time>2026-05-01T01:10:18.233Z</time>
      </trkpt>
      <trkpt lat="50.964647" lon="12.662250">
        <ele>223.232246</ele>
        <time>2026-05-01T01:10:21.149Z</time>
      </trkpt>
      <trkpt lat="50.964713" lon="12.662555">
        <ele>223.352596</ele>
        <time>2026-05-01T01:10:24.040Z</time>
      </trkpt>
      <trkpt lat="50.964828" lon="12.663093">
        <ele>223.647500</ele>
        <time>2026-05-01T01:10:29.161Z</time>
      </trkpt>
      <trkpt lat="50.964942" lon="12.663568">
        <ele>223.990059</ele>
        <time>2026-05-01T01:10:34.099Z</time>
      </trkpt>
      <trkpt lat="50.965027" lon="12.663853">
        <ele>224.202569</ele>
        <time>2026-05-01T01:10:37.202Z</time>
      </trkpt>
      <trkpt lat="50.965111" lon="12.664092">
        <ele>224.387014</ele>
        <time>2026-05-01T01:10:39.913Z</time>
      </trkpt>
      <trkpt lat="50.965223" lon="12.664408">
        <ele>224.631373</ele>
        <time>2026-05-01T01:10:43.414Z</time>
      </trkpt>
      <trkpt lat="50.965388" lon="12.664822">
        <ele>224.961539</ele>
        <time>2026-05-01T01:10:48.304Z</time>
      </trkpt>
      <trkpt lat="50.965771" lon="12.665525">
        <ele>225.548795</ele>
        <time>2026-05-01T01:10:57.203Z</time>
      </trkpt>
      <trkpt lat="50.965891" lon="12.665769">
        <ele>225.716897</ele>
        <time>2026-05-01T01:11:00.283Z</time>
      </trkpt>
      <trkpt lat="50.966156" lon="12.666436">
        <ele>226.145118</ele>
        <time>2026-05-01T01:11:07.775Z</time>
      </trkpt>
      <trkpt lat="50.966449" lon="12.667055">
        <ele>226.565579</ele>
        <time>2026-05-01T01:11:14.435Z</time>
      </trkpt>
      <trkpt lat="50.966604" lon="12.667411">
        <ele>226.800580</ele>
        <time>2026-05-01T01:11:18.144Z</time>
      </trkpt>
      <trkpt lat="50.966850" lon="12.668192">
        <ele>227.465646</ele>
        <time>2026-05-01T01:11:26.108Z</time>
      </trkpt>
      <trkpt lat="50.966908" lon="12.668345">
        <ele>227.617448</ele>
        <time>2026-05-01T01:11:27.899Z</time>
      </trkpt>
      <trkpt lat="50.966996" lon="12.668561">
        <ele>227.836128</ele>
        <time>2026-05-01T01:11:30.497Z</time>
      </trkpt>
      <trkpt lat="50.967070" lon="12.668722">
        <ele>228.005558</ele>
        <time>2026-05-01T01:11:32.520Z</time>
      </trkpt>
      <trkpt lat="50.967122" lon="12.668838">
        <ele>228.126592</ele>
        <time>2026-05-01T01:11:33.983Z</time>
      </trkpt>
      <trkpt lat="50.967215" lon="12.669040">
        <ele>228.339292</ele>
        <time>2026-05-01T01:11:36.581Z</time>
      </trkpt>
      <trkpt lat="50.967335" lon="12.669287">
        <ele>228.604467</ele>
        <time>2026-05-01T01:11:39.942Z</time>
      </trkpt>
      <trkpt lat="50.967443" lon="12.669531">
        <ele>228.857980</ele>
        <time>2026-05-01T01:11:43.278Z</time>
      </trkpt>
      <trkpt lat="50.967555" lon="12.669784">
        <ele>229.120857</ele>
        <time>2026-05-01T01:11:46.819Z</time>
      </trkpt>
      <trkpt lat="50.967744" lon="12.670221">
        <ele>229.533127</ele>
        <time>2026-05-01T01:11:52.602Z</time>
      </trkpt>
      <trkpt lat="50.968024" lon="12.670846">
        <ele>230.064054</ele>
        <time>2026-05-01T01:12:00.595Z</time>
      </trkpt>
      <trkpt lat="50.968217" lon="12.671264">
        <ele>230.422828</ele>
        <time>2026-05-01T01:12:05.661Z</time>
      </trkpt>
      <trkpt lat="50.968277" lon="12.671392">
        <ele>230.533279</ele>
        <time>2026-05-01T01:12:07.094Z</time>
      </trkpt>
      <trkpt lat="50.968462" lon="12.671737">
        <ele>230.846931</ele>
        <time>2026-05-01T01:12:11.190Z</time>
      </trkpt>
      <trkpt lat="50.968618" lon="12.672077">
        <ele>231.138116</ele>
        <time>2026-05-01T01:12:15.033Z</time>
      </trkpt>
      <trkpt lat="50.968660" lon="12.672234">
        <ele>231.256189</ele>
        <time>2026-05-01T01:12:16.502Z</time>
      </trkpt>
      <trkpt lat="50.968679" lon="12.672304">
        <ele>231.308951</ele>
        <time>2026-05-01T01:12:17.182Z</time>
      </trkpt>
      <trkpt lat="50.968810" lon="12.672687">
        <ele>231.550128</ele>
        <time>2026-05-01T01:12:20.832Z</time>
      </trkpt>
      <trkpt lat="50.968979" lon="12.673055">
        <ele>231.794407</ele>
        <time>2026-05-01T01:12:24.461Z</time>
      </trkpt>
      <trkpt lat="50.969033" lon="12.673174">
        <ele>231.873074</ele>
        <time>2026-05-01T01:12:25.703Z</time>
      </trkpt>
      <trkpt lat="50.969095" lon="12.673291">
        <ele>231.955086</ele>
        <time>2026-05-01T01:12:27.052Z</time>
      </trkpt>
      <trkpt lat="50.969394" lon="12.673845">
        <ele>232.346407</ele>
        <time>2026-05-01T01:12:33.591Z</time>
      </trkpt>
      <trkpt lat="50.969609" lon="12.674231">
        <ele>232.622790</ele>
        <time>2026-05-01T01:12:38.534Z</time>
      </trkpt>
      <trkpt lat="50.969886" lon="12.674809">
        <ele>233.139914</ele>
        <time>2026-05-01T01:12:46.118Z</time>
      </trkpt>
      <trkpt lat="50.970010" lon="12.675182">
        <ele>233.574342</ele>
        <time>2026-05-01T01:12:50.605Z</time>
      </trkpt>
      <trkpt lat="50.970138" lon="12.675457">
        <ele>233.926558</ele>
        <time>2026-05-01T01:12:54.267Z</time>
      </trkpt>
      <trkpt lat="50.970417" lon="12.675922">
        <ele>234.588083</ele>
        <time>2026-05-01T01:13:01.580Z</time>
      </trkpt>
      <trkpt lat="50.970564" lon="12.676230">
        <ele>234.986130</ele>
        <time>2026-05-01T01:13:05.975Z</time>
      </trkpt>
      <trkpt lat="50.970840" lon="12.677054">
        <ele>235.909372</ele>
        <time>2026-05-01T01:13:16.011Z</time>
      </trkpt>
      <trkpt lat="50.970876" lon="12.677153">
        <ele>235.993145</ele>
        <time>2026-05-01T01:13:17.189Z</time>
      </trkpt>
      <trkpt lat="50.971029" lon="12.677660">
        <ele>236.405126</ele>
        <time>2026-05-01T01:13:22.943Z</time>
      </trkpt>
      <trkpt lat="50.971204" lon="12.678538">
        <ele>237.079969</ele>
        <time>2026-05-01T01:13:31.773Z</time>
      </trkpt>
      <trkpt lat="50.971325" lon="12.679073">
        <ele>237.496526</ele>
        <time>2026-05-01T01:13:37.028Z</time>
      </trkpt>
      <trkpt lat="50.971384" lon="12.679448">
        <ele>237.779766</ele>
        <time>2026-05-01T01:13:40.657Z</time>
      </trkpt>
      <trkpt lat="50.971391" lon="12.679495">
        <ele>237.815157</ele>
        <time>2026-05-01T01:13:41.133Z</time>
      </trkpt>
      <trkpt lat="50.971453" lon="12.679885">
        <ele>238.114233</ele>
        <time>2026-05-01T01:13:45.031Z</time>
      </trkpt>
      <trkpt lat="50.971524" lon="12.680126">
        <ele>238.313395</ele>
        <time>2026-05-01T01:13:47.601Z</time>
      </trkpt>
      <trkpt lat="50.971756" lon="12.680733">
        <ele>238.844895</ele>
        <time>2026-05-01T01:13:54.232Z</time>
      </trkpt>
      <trkpt lat="50.971909" lon="12.681053">
        <ele>239.145645</ele>
        <time>2026-05-01T01:13:57.906Z</time>
      </trkpt>
      <trkpt lat="50.972018" lon="12.681224">
        <ele>239.327774</ele>
        <time>2026-05-01T01:14:00.208Z</time>
      </trkpt>
      <trkpt lat="50.972213" lon="12.681465">
        <ele>239.621493</ele>
        <time>2026-05-01T01:14:03.979Z</time>
      </trkpt>
      <trkpt lat="50.972453" lon="12.681735">
        <ele>239.971111</ele>
        <time>2026-05-01T01:14:08.648Z</time>
      </trkpt>
      <trkpt lat="50.972739" lon="12.681994">
        <ele>240.930492</ele>
        <time>2026-05-01T01:14:14.651Z</time>
      </trkpt>
      <trkpt lat="50.973031" lon="12.682274">
        <ele>242.065264</ele>
        <time>2026-05-01T01:14:21.624Z</time>
      </trkpt>
      <trkpt lat="50.973103" lon="12.682395">
        <ele>242.414009</ele>
        <time>2026-05-01T01:14:23.966Z</time>
      </trkpt>
      <trkpt lat="50.973145" lon="12.682499">
        <ele>242.672828</ele>
        <time>2026-05-01T01:14:25.753Z</time>
      </trkpt>
      <trkpt lat="50.973161" lon="12.682660">
        <ele>243.014269</ele>
        <time>2026-05-01T01:14:28.124Z</time>
      </trkpt>
      <trkpt lat="50.973146" lon="12.682842">
        <ele>243.398780</ele>
        <time>2026-05-01T01:14:30.864Z</time>
      </trkpt>
      <trkpt lat="50.973050" lon="12.683331">
        <ele>244.471782</ele>
        <time>2026-05-01T01:14:38.836Z</time>
      </trkpt>
      <trkpt lat="50.973014" lon="12.683834">
        <ele>245.532267</ele>
        <time>2026-05-01T01:14:47.072Z</time>
      </trkpt>
      <trkpt lat="50.972966" lon="12.684165">
        <ele>246.321881</ele>
        <time>2026-05-01T01:14:52.708Z</time>
      </trkpt>
      <trkpt lat="50.972924" lon="12.684298">
        <ele>246.747581</ele>
        <time>2026-05-01T01:14:55.194Z</time>
      </trkpt>
      <trkpt lat="50.972607" lon="12.684958">
        <ele>249.122553</ele>
        <time>2026-05-01T01:15:09.032Z</time>
      </trkpt>
      <trkpt lat="50.972229" lon="12.685683">
        <ele>251.815650</ele>
        <time>2026-05-01T01:15:23.888Z</time>
      </trkpt>
      <trkpt lat="50.972155" lon="12.685949">
        <ele>252.647686</ele>
        <time>2026-05-01T01:15:28.611Z</time>
      </trkpt>
      <trkpt lat="50.972161" lon="12.686083">
        <ele>253.032051</ele>
        <time>2026-05-01T01:15:30.829Z</time>
      </trkpt>
      <trkpt lat="50.972267" lon="12.686669">
        <ele>254.852385</ele>
        <time>2026-05-01T01:15:41.462Z</time>
      </trkpt>
      <trkpt lat="50.972283" lon="12.686881">
        <ele>255.544113</ele>
        <time>2026-05-01T01:15:45.399Z</time>
      </trkpt>
      <trkpt lat="50.972271" lon="12.687658">
        <ele>258.062101</ele>
        <time>2026-05-01T01:16:00.483Z</time>
      </trkpt>
      <trkpt lat="50.972210" lon="12.689043">
        <ele>262.560024</ele>
        <time>2026-05-01T01:16:26.554Z</time>
      </trkpt>
      <trkpt lat="50.972206" lon="12.689124">
        <ele>262.823244</ele>
        <time>2026-05-01T01:16:27.951Z</time>
      </trkpt>
      <trkpt lat="50.972177" lon="12.691060">
        <ele>266.277596</ele>
        <time>2026-05-01T01:16:55.996Z</time>
      </trkpt>
      <trkpt lat="50.972134" lon="12.691462">
        <ele>266.938280</ele>
        <time>2026-05-01T01:17:00.329Z</time>
      </trkpt>
      <trkpt lat="50.972024" lon="12.692145">
        <ele>268.080557</ele>
        <time>2026-05-01T01:17:06.720Z</time>
      </trkpt>
      <trkpt lat="50.971988" lon="12.692517">
        <ele>267.757274</ele>
        <time>2026-05-01T01:17:09.657Z</time>
      </trkpt>
      <trkpt lat="50.971938" lon="12.692881">
        <ele>267.430907</ele>
        <time>2026-05-01T01:17:12.316Z</time>
      </trkpt>
      <trkpt lat="50.971839" lon="12.693285">
        <ele>267.051144</ele>
        <time>2026-05-01T01:17:15.031Z</time>
      </trkpt>
      <trkpt lat="50.971755" lon="12.693582">
        <ele>266.765930</ele>
        <time>2026-05-01T01:17:16.938Z</time>
      </trkpt>
      <trkpt lat="50.971572" lon="12.694175">
        <ele>266.187423</ele>
        <time>2026-05-01T01:17:20.608Z</time>
      </trkpt>
      <trkpt lat="50.971487" lon="12.694498">
        <ele>265.880754</ele>
        <time>2026-05-01T01:17:22.459Z</time>
      </trkpt>
      <trkpt lat="50.971425" lon="12.694903">
        <ele>265.363180</ele>
        <time>2026-05-01T01:17:24.602Z</time>
      </trkpt>
      <trkpt lat="50.971385" lon="12.695497">
        <ele>263.647268</ele>
        <time>2026-05-01T01:17:27.609Z</time>
      </trkpt>
      <trkpt lat="50.971386" lon="12.695644">
        <ele>263.225006</ele>
        <time>2026-05-01T01:17:28.332Z</time>
      </trkpt>
      <trkpt lat="50.971281" lon="12.696262">
        <ele>261.386405</ele>
        <time>2026-05-01T01:17:31.425Z</time>
      </trkpt>
      <trkpt lat="50.971171" lon="12.697290">
        <ele>258.391276</ele>
        <time>2026-05-01T01:17:36.329Z</time>
      </trkpt>
      <trkpt lat="50.971134" lon="12.698471">
        <ele>255.068926</ele>
        <time>2026-05-01T01:17:41.808Z</time>
      </trkpt>
      <trkpt lat="50.970970" lon="12.700047">
        <ele>250.623353</ele>
        <time>2026-05-01T01:17:49.588Z</time>
      </trkpt>
      <trkpt lat="50.970953" lon="12.700375">
        <ele>249.707424</ele>
        <time>2026-05-01T01:17:51.274Z</time>
      </trkpt>
      <trkpt lat="50.970950" lon="12.700643">
        <ele>249.186056</ele>
        <time>2026-05-01T01:17:52.669Z</time>
      </trkpt>
      <trkpt lat="50.970956" lon="12.700797">
        <ele>248.962948</ele>
        <time>2026-05-01T01:17:53.476Z</time>
      </trkpt>
      <trkpt lat="50.970987" lon="12.701713">
        <ele>247.636517</ele>
        <time>2026-05-01T01:17:58.479Z</time>
      </trkpt>
      <trkpt lat="50.970998" lon="12.701845">
        <ele>247.443983</ele>
        <time>2026-05-01T01:17:59.245Z</time>
      </trkpt>
      <trkpt lat="50.971079" lon="12.702793">
        <ele>246.060632</ele>
        <time>2026-05-01T01:18:04.479Z</time>
      </trkpt>
      <trkpt lat="50.971181" lon="12.703945">
        <ele>244.595013</ele>
        <time>2026-05-01T01:18:10.929Z</time>
      </trkpt>
      <trkpt lat="50.971293" lon="12.704552">
        <ele>243.895588</ele>
        <time>2026-05-01T01:18:14.577Z</time>
      </trkpt>
      <trkpt lat="50.971519" lon="12.705608">
        <ele>242.662299</ele>
        <time>2026-05-01T01:18:20.840Z</time>
      </trkpt>
      <trkpt lat="50.971622" lon="12.706179">
        <ele>241.963926</ele>
        <time>2026-05-01T01:18:24.288Z</time>
      </trkpt>
      <trkpt lat="50.971654" lon="12.706566">
        <ele>241.399255</ele>
        <time>2026-05-01T01:18:26.684Z</time>
      </trkpt>
      <trkpt lat="50.971654" lon="12.706675">
        <ele>241.241568</ele>
        <time>2026-05-01T01:18:27.300Z</time>
      </trkpt>
      <trkpt lat="50.971655" lon="12.706783">
        <ele>241.085310</ele>
        <time>2026-05-01T01:18:27.920Z</time>
      </trkpt>
      <trkpt lat="50.971652" lon="12.707088">
        <ele>240.644019</ele>
        <time>2026-05-01T01:18:29.581Z</time>
      </trkpt>
      <trkpt lat="50.971572" lon="12.707550">
        <ele>239.950845</ele>
        <time>2026-05-01T01:18:32.087Z</time>
      </trkpt>
      <trkpt lat="50.971451" lon="12.707971">
        <ele>239.281352</ele>
        <time>2026-05-01T01:18:34.511Z</time>
      </trkpt>
      <trkpt lat="50.971189" lon="12.708923">
        <ele>237.740558</ele>
        <time>2026-05-01T01:18:40.048Z</time>
      </trkpt>
      <trkpt lat="50.971107" lon="12.709248">
        <ele>237.150853</ele>
        <time>2026-05-01T01:18:41.876Z</time>
      </trkpt>
      <trkpt lat="50.971020" lon="12.709467">
        <ele>236.714721</ele>
        <time>2026-05-01T01:18:43.213Z</time>
      </trkpt>
      <trkpt lat="50.970871" lon="12.709743">
        <ele>236.102400</ele>
        <time>2026-05-01T01:18:45.058Z</time>
      </trkpt>
      <trkpt lat="50.970766" lon="12.709971">
        <ele>235.626637</ele>
        <time>2026-05-01T01:18:46.495Z</time>
      </trkpt>
      <trkpt lat="50.970567" lon="12.710446">
        <ele>234.665699</ele>
        <time>2026-05-01T01:18:49.477Z</time>
      </trkpt>
      <trkpt lat="50.970256" lon="12.711161">
        <ele>233.202038</ele>
        <time>2026-05-01T01:18:54.134Z</time>
      </trkpt>
      <trkpt lat="50.970048" lon="12.711481">
        <ele>232.691903</ele>
        <time>2026-05-01T01:18:56.613Z</time>
      </trkpt>
      <trkpt lat="50.969787" lon="12.711804">
        <ele>232.110880</ele>
        <time>2026-05-01T01:18:59.642Z</time>
      </trkpt>
      <trkpt lat="50.969635" lon="12.712049">
        <ele>231.730586</ele>
        <time>2026-05-01T01:19:01.679Z</time>
      </trkpt>
      <trkpt lat="50.969532" lon="12.712483">
        <ele>231.217743</ele>
        <time>2026-05-01T01:19:04.412Z</time>
      </trkpt>
      <trkpt lat="50.969547" lon="12.713056">
        <ele>230.583604</ele>
        <time>2026-05-01T01:19:07.758Z</time>
      </trkpt>
      <trkpt lat="50.969568" lon="12.713385">
        <ele>230.217949</ele>
        <time>2026-05-01T01:19:09.658Z</time>
      </trkpt>
      <trkpt lat="50.969501" lon="12.713710">
        <ele>229.806724</ele>
        <time>2026-05-01T01:19:11.581Z</time>
      </trkpt>
      <trkpt lat="50.968960" lon="12.714916">
        <ele>227.897559</ele>
        <time>2026-05-01T01:19:19.721Z</time>
      </trkpt>
      <trkpt lat="50.968840" lon="12.715308">
        <ele>227.335569</ele>
        <time>2026-05-01T01:19:22.020Z</time>
      </trkpt>
      <trkpt lat="50.968711" lon="12.715838">
        <ele>226.602931</ele>
        <time>2026-05-01T01:19:25.056Z</time>
      </trkpt>
      <trkpt lat="50.968571" lon="12.716551">
        <ele>226.096035</ele>
        <time>2026-05-01T01:19:29.239Z</time>
      </trkpt>
      <trkpt lat="50.968508" lon="12.717052">
        <ele>225.856628</ele>
        <time>2026-05-01T01:19:32.328Z</time>
      </trkpt>
      <trkpt lat="50.968455" lon="12.717803">
        <ele>225.502500</ele>
        <time>2026-05-01T01:19:37.344Z</time>
      </trkpt>
      <trkpt lat="50.968448" lon="12.718223">
        <ele>225.305616</ele>
        <time>2026-05-01T01:19:40.549Z</time>
      </trkpt>
      <trkpt lat="50.968453" lon="12.718539">
        <ele>225.157489</ele>
        <time>2026-05-01T01:19:43.136Z</time>
      </trkpt>
      <trkpt lat="50.968463" lon="12.718910">
        <ele>224.997562</ele>
        <time>2026-05-01T01:19:46.131Z</time>
      </trkpt>
      <trkpt lat="50.968479" lon="12.719637">
        <ele>224.795669</ele>
        <time>2026-05-01T01:19:51.548Z</time>
      </trkpt>
      <trkpt lat="50.968536" lon="12.720175">
        <ele>224.644257</ele>
        <time>2026-05-01T01:19:55.502Z</time>
      </trkpt>
      <trkpt lat="50.968674" lon="12.721064">
        <ele>224.390142</ele>
        <time>2026-05-01T01:20:01.766Z</time>
      </trkpt>
      <trkpt lat="50.968779" lon="12.721580">
        <ele>224.239643</ele>
        <time>2026-05-01T01:20:05.110Z</time>
      </trkpt>
      <trkpt lat="50.968776" lon="12.721877">
        <ele>223.882108</ele>
        <time>2026-05-01T01:20:06.841Z</time>
      </trkpt>
      <trkpt lat="50.968653" lon="12.722324">
        <ele>223.200110</ele>
        <time>2026-05-01T01:20:09.609Z</time>
      </trkpt>
      <trkpt lat="50.968230" lon="12.723311">
        <ele>221.530959</ele>
        <time>2026-05-01T01:20:16.170Z</time>
      </trkpt>
      <trkpt lat="50.967946" lon="12.724084">
        <ele>220.279754</ele>
        <time>2026-05-01T01:20:20.763Z</time>
      </trkpt>
      <trkpt lat="50.967458" lon="12.724694">
        <ele>218.699523</ele>
        <time>2026-05-01T01:20:25.765Z</time>
      </trkpt>
      <trkpt lat="50.966982" lon="12.725389">
        <ele>217.046716</ele>
        <time>2026-05-01T01:20:31.049Z</time>
      </trkpt>
      <trkpt lat="50.966764" lon="12.725827">
        <ele>216.148073</ele>
        <time>2026-05-01T01:20:34.182Z</time>
      </trkpt>
      <trkpt lat="50.966626" lon="12.726239">
        <ele>215.543529</ele>
        <time>2026-05-01T01:20:36.981Z</time>
      </trkpt>
      <trkpt lat="50.966578" lon="12.726402">
        <ele>215.432320</ele>
        <time>2026-05-01T01:20:38.088Z</time>
      </trkpt>
      <trkpt lat="50.966513" lon="12.726618">
        <ele>215.284366</ele>
        <time>2026-05-01T01:20:39.613Z</time>
      </trkpt>
      <trkpt lat="50.966382" lon="12.726982">
        <ele>215.025257</ele>
        <time>2026-05-01T01:20:42.401Z</time>
      </trkpt>
      <trkpt lat="50.966256" lon="12.727284">
        <ele>214.801365</ele>
        <time>2026-05-01T01:20:44.857Z</time>
      </trkpt>
      <trkpt lat="50.966130" lon="12.727611">
        <ele>214.564437</ele>
        <time>2026-05-01T01:20:47.390Z</time>
      </trkpt>
      <trkpt lat="50.966088" lon="12.727723">
        <ele>214.483874</ele>
        <time>2026-05-01T01:20:48.229Z</time>
      </trkpt>
      <trkpt lat="50.966014" lon="12.727978">
        <ele>214.310346</ele>
        <time>2026-05-01T01:20:50.006Z</time>
      </trkpt>
      <trkpt lat="50.966011" lon="12.728355">
        <ele>214.077323</ele>
        <time>2026-05-01T01:20:52.413Z</time>
      </trkpt>
      <trkpt lat="50.966095" lon="12.728682">
        <ele>213.845718</ele>
        <time>2026-05-01T01:20:54.592Z</time>
      </trkpt>
      <trkpt lat="50.966220" lon="12.728953">
        <ele>213.379764</ele>
        <time>2026-05-01T01:20:56.572Z</time>
      </trkpt>
      <trkpt lat="50.966300" lon="12.729174">
        <ele>213.026175</ele>
        <time>2026-05-01T01:20:58.003Z</time>
      </trkpt>
      <trkpt lat="50.966366" lon="12.729496">
        <ele>212.556458</ele>
        <time>2026-05-01T01:20:59.801Z</time>
      </trkpt>
      <trkpt lat="50.966383" lon="12.729935">
        <ele>211.946358</ele>
        <time>2026-05-01T01:21:02.046Z</time>
      </trkpt>
      <trkpt lat="50.966318" lon="12.730464">
        <ele>211.198731</ele>
        <time>2026-05-01T01:21:04.850Z</time>
      </trkpt>
      <trkpt lat="50.966224" lon="12.730905">
        <ele>210.552918</ele>
        <time>2026-05-01T01:21:07.297Z</time>
      </trkpt>
      <trkpt lat="50.966220" lon="12.731368">
        <ele>209.910615</ele>
        <time>2026-05-01T01:21:09.858Z</time>
      </trkpt>
      <trkpt lat="50.966213" lon="12.731723">
        <ele>209.652900</ele>
        <time>2026-05-01T01:21:11.885Z</time>
      </trkpt>
      <trkpt lat="50.966178" lon="12.731959">
        <ele>209.477786</ele>
        <time>2026-05-01T01:21:13.258Z</time>
      </trkpt>
      <trkpt lat="50.966081" lon="12.732235">
        <ele>209.249506</ele>
        <time>2026-05-01T01:21:15.034Z</time>
      </trkpt>
      <trkpt lat="50.965867" lon="12.732714">
        <ele>208.825336</ele>
        <time>2026-05-01T01:21:18.485Z</time>
      </trkpt>
      <trkpt lat="50.965643" lon="12.733136">
        <ele>208.426724</ele>
        <time>2026-05-01T01:21:22.380Z</time>
      </trkpt>
      <trkpt lat="50.965224" lon="12.733699">
        <ele>207.829054</ele>
        <time>2026-05-01T01:21:28.164Z</time>
      </trkpt>
      <trkpt lat="50.965112" lon="12.733864">
        <ele>207.769612</ele>
        <time>2026-05-01T01:21:29.697Z</time>
      </trkpt>
      <trkpt lat="50.964856" lon="12.734368">
        <ele>207.610959</ele>
        <time>2026-05-01T01:21:33.693Z</time>
      </trkpt>
      <trkpt lat="50.964337" lon="12.735484">
        <ele>207.271034</ele>
        <time>2026-05-01T01:21:43.272Z</time>
      </trkpt>
      <trkpt lat="50.964239" lon="12.735701">
        <ele>207.205605</ele>
        <time>2026-05-01T01:21:45.292Z</time>
      </trkpt>
      <trkpt lat="50.964126" lon="12.735958">
        <ele>207.109683</ele>
        <time>2026-05-01T01:21:47.678Z</time>
      </trkpt>
      <trkpt lat="50.963853" lon="12.736517">
        <ele>206.739157</ele>
        <time>2026-05-01T01:21:53.313Z</time>
      </trkpt>
      <trkpt lat="50.963260" lon="12.737543">
        <ele>206.009724</ele>
        <time>2026-05-01T01:22:02.735Z</time>
      </trkpt>
      <trkpt lat="50.962835" lon="12.738268">
        <ele>205.177518</ele>
        <time>2026-05-01T01:22:08.088Z</time>
      </trkpt>
      <trkpt lat="50.962453" lon="12.738792">
        <ele>203.928951</ele>
        <time>2026-05-01T01:22:12.289Z</time>
      </trkpt>
      <trkpt lat="50.962282" lon="12.739222">
        <ele>203.136770</ele>
        <time>2026-05-01T01:22:14.975Z</time>
      </trkpt>
      <trkpt lat="50.962221" lon="12.739599">
        <ele>202.530426</ele>
        <time>2026-05-01T01:22:17.051Z</time>
      </trkpt>
      <trkpt lat="50.962183" lon="12.739858">
        <ele>202.116164</ele>
        <time>2026-05-01T01:22:18.477Z</time>
      </trkpt>
      <trkpt lat="50.962078" lon="12.740647">
        <ele>200.834219</ele>
        <time>2026-05-01T01:22:22.871Z</time>
      </trkpt>
      <trkpt lat="50.961817" lon="12.741643">
        <ele>199.026996</ele>
        <time>2026-05-01T01:22:28.394Z</time>
      </trkpt>
      <trkpt lat="50.961711" lon="12.741940">
        <ele>198.455110</ele>
        <time>2026-05-01T01:22:30.121Z</time>
      </trkpt>
      <trkpt lat="50.961401" lon="12.742609">
        <ele>197.063709</ele>
        <time>2026-05-01T01:22:34.413Z</time>
      </trkpt>
      <trkpt lat="50.961231" lon="12.743002">
        <ele>196.392467</ele>
        <time>2026-05-01T01:22:37.017Z</time>
      </trkpt>
      <trkpt lat="50.961187" lon="12.743130">
        <ele>196.353023</ele>
        <time>2026-05-01T01:22:37.853Z</time>
      </trkpt>
      <trkpt lat="50.961033" lon="12.743724">
        <ele>196.179271</ele>
        <time>2026-05-01T01:22:41.726Z</time>
      </trkpt>
      <trkpt lat="50.960758" lon="12.745106">
        <ele>195.787236</ele>
        <time>2026-05-01T01:22:54.358Z</time>
      </trkpt>
      <trkpt lat="50.960687" lon="12.745554">
        <ele>195.662277</ele>
        <time>2026-05-01T01:22:57.998Z</time>
      </trkpt>
      <trkpt lat="50.960594" lon="12.746146">
        <ele>195.173757</ele>
        <time>2026-05-01T01:23:01.978Z</time>
      </trkpt>
      <trkpt lat="50.960552" lon="12.746601">
        <ele>194.776256</ele>
        <time>2026-05-01T01:23:04.650Z</time>
      </trkpt>
      <trkpt lat="50.960565" lon="12.746842">
        <ele>194.567173</ele>
        <time>2026-05-01T01:23:05.988Z</time>
      </trkpt>
      <trkpt lat="50.960593" lon="12.746960">
        <ele>194.458177</ele>
        <time>2026-05-01T01:23:06.669Z</time>
      </trkpt>
      <trkpt lat="50.960912" lon="12.748144">
        <ele>193.345032</ele>
        <time>2026-05-01T01:23:13.848Z</time>
      </trkpt>
      <trkpt lat="50.960979" lon="12.748446">
        <ele>193.031671</ele>
        <time>2026-05-01T01:23:15.688Z</time>
      </trkpt>
      <trkpt lat="50.961038" lon="12.748926">
        <ele>192.465556</ele>
        <time>2026-05-01T01:23:18.640Z</time>
      </trkpt>
      <trkpt lat="50.961043" lon="12.749373">
        <ele>191.948040</ele>
        <time>2026-05-01T01:23:21.389Z</time>
      </trkpt>
      <trkpt lat="50.960870" lon="12.750370">
        <ele>190.750945</ele>
        <time>2026-05-01T01:23:27.204Z</time>
      </trkpt>
      <trkpt lat="50.960744" lon="12.750850">
        <ele>190.148984</ele>
        <time>2026-05-01T01:23:29.975Z</time>
      </trkpt>
      <trkpt lat="50.960574" lon="12.751162">
        <ele>189.590254</ele>
        <time>2026-05-01T01:23:32.186Z</time>
      </trkpt>
      <trkpt lat="50.960081" lon="12.751645">
        <ele>188.091428</ele>
        <time>2026-05-01T01:23:37.044Z</time>
      </trkpt>
      <trkpt lat="50.960017" lon="12.751690">
        <ele>187.910331</ele>
        <time>2026-05-01T01:23:37.644Z</time>
      </trkpt>
      <trkpt lat="50.959642" lon="12.751915">
        <ele>186.873134</ele>
        <time>2026-05-01T01:23:40.935Z</time>
      </trkpt>
      <trkpt lat="50.959566" lon="12.751995">
        <ele>186.637209</ele>
        <time>2026-05-01T01:23:41.702Z</time>
      </trkpt>
      <trkpt lat="50.959464" lon="12.752275">
        <ele>186.110093</ele>
        <time>2026-05-01T01:23:43.405Z</time>
      </trkpt>
      <trkpt lat="50.959442" lon="12.752641">
        <ele>185.510935</ele>
        <time>2026-05-01T01:23:45.452Z</time>
      </trkpt>
      <trkpt lat="50.959442" lon="12.752743">
        <ele>185.344712</ele>
        <time>2026-05-01T01:23:46.001Z</time>
      </trkpt>
      <trkpt lat="50.959440" lon="12.752861">
        <ele>185.164829</ele>
        <time>2026-05-01T01:23:46.699Z</time>
      </trkpt>
      <trkpt lat="50.959421" lon="12.754501">
        <ele>183.008296</ele>
        <time>2026-05-01T01:23:55.252Z</time>
      </trkpt>
      <trkpt lat="50.959417" lon="12.754770">
        <ele>182.654533</ele>
        <time>2026-05-01T01:23:56.704Z</time>
      </trkpt>
      <trkpt lat="50.959416" lon="12.754824">
        <ele>182.583507</ele>
        <time>2026-05-01T01:23:57.011Z</time>
      </trkpt>
      <trkpt lat="50.959434" lon="12.755141">
        <ele>182.165045</ele>
        <time>2026-05-01T01:23:58.806Z</time>
      </trkpt>
      <trkpt lat="50.959499" lon="12.755451">
        <ele>181.735488</ele>
        <time>2026-05-01T01:24:00.735Z</time>
      </trkpt>
      <trkpt lat="50.959561" lon="12.755622">
        <ele>181.476081</ele>
        <time>2026-05-01T01:24:01.952Z</time>
      </trkpt>
      <trkpt lat="50.959608" lon="12.755734">
        <ele>181.449758</ele>
        <time>2026-05-01T01:24:02.815Z</time>
      </trkpt>
      <trkpt lat="50.959716" lon="12.755928">
        <ele>181.422973</ele>
        <time>2026-05-01T01:24:04.522Z</time>
      </trkpt>
      <trkpt lat="50.959809" lon="12.755978">
        <ele>181.406845</ele>
        <time>2026-05-01T01:24:05.573Z</time>
      </trkpt>
      <trkpt lat="50.960162" lon="12.756013">
        <ele>181.348752</ele>
        <time>2026-05-01T01:24:10.068Z</time>
      </trkpt>
      <trkpt lat="50.960549" lon="12.756074">
        <ele>181.284876</ele>
        <time>2026-05-01T01:24:15.140Z</time>
      </trkpt>
      <trkpt lat="50.961111" lon="12.756084">
        <ele>181.192562</ele>
        <time>2026-05-01T01:24:22.518Z</time>
      </trkpt>
      <trkpt lat="50.961227" lon="12.756069">
        <ele>181.173446</ele>
        <time>2026-05-01T01:24:23.927Z</time>
      </trkpt>
      <trkpt lat="50.961386" lon="12.756050">
        <ele>181.091960</ele>
        <time>2026-05-01T01:24:25.758Z</time>
      </trkpt>
      <trkpt lat="50.961469" lon="12.756037">
        <ele>181.040274</ele>
        <time>2026-05-01T01:24:26.676Z</time>
      </trkpt>
      <trkpt lat="50.961789" lon="12.755987">
        <ele>180.841008</ele>
        <time>2026-05-01T01:24:29.695Z</time>
      </trkpt>
      <trkpt lat="50.961967" lon="12.755948">
        <ele>180.729653</ele>
        <time>2026-05-01T01:24:31.324Z</time>
      </trkpt>
      <trkpt lat="50.962526" lon="12.755841">
        <ele>180.380724</ele>
        <time>2026-05-01T01:24:36.745Z</time>
      </trkpt>
      <trkpt lat="50.962603" lon="12.756455">
        <ele>180.136367</ele>
        <time>2026-05-01T01:24:41.003Z</time>
      </trkpt>
      <trkpt lat="50.962618" lon="12.756581">
        <ele>180.086317</ele>
        <time>2026-05-01T01:24:42.146Z</time>
      </trkpt>
      <trkpt lat="50.962712" lon="12.757468">
        <ele>180.599953</ele>
        <time>2026-05-01T01:24:49.214Z</time>
      </trkpt>
      <trkpt lat="50.962724" lon="12.757507">
        <ele>180.629180</ele>
        <time>2026-05-01T01:24:49.700Z</time>
      </trkpt>
      <trkpt lat="50.962751" lon="12.757607">
        <ele>180.702440</ele>
        <time>2026-05-01T01:24:50.509Z</time>
      </trkpt>
      <trkpt lat="50.962799" lon="12.757675">
        <ele>180.771214</ele>
        <time>2026-05-01T01:24:51.404Z</time>
      </trkpt>
      <trkpt lat="50.963055" lon="12.757828">
        <ele>181.063650</ele>
        <time>2026-05-01T01:24:55.629Z</time>
      </trkpt>
      <trkpt lat="50.963767" lon="12.758048">
        <ele>181.839124</ele>
        <time>2026-05-01T01:25:08.219Z</time>
      </trkpt>
      <trkpt lat="50.963972" lon="12.758117">
        <ele>182.147080</ele>
        <time>2026-05-01T01:25:11.822Z</time>
      </trkpt>
      <trkpt lat="50.964039" lon="12.758140">
        <ele>182.290501</ele>
        <time>2026-05-01T01:25:13.067Z</time>
      </trkpt>
      <trkpt lat="50.964280" lon="12.758242">
        <ele>182.812341</ele>
        <time>2026-05-01T01:25:17.666Z</time>
      </trkpt>
      <trkpt lat="50.964438" lon="12.758353">
        <ele>183.173831</ele>
        <time>2026-05-01T01:25:20.926Z</time>
      </trkpt>
      <trkpt lat="50.964821" lon="12.758733">
        <ele>184.118746</ele>
        <time>2026-05-01T01:25:29.515Z</time>
      </trkpt>
      <trkpt lat="50.965715" lon="12.759780">
        <ele>186.195277</ele>
        <time>2026-05-01T01:25:50.798Z</time>
      </trkpt>
      <trkpt lat="50.967454" lon="12.761787">
        <ele>189.951455</ele>
        <time>2026-05-01T01:26:23.639Z</time>
      </trkpt>
      <trkpt lat="50.967555" lon="12.761942">
        <ele>190.313557</ele>
        <time>2026-05-01T01:26:26.300Z</time>
      </trkpt>
      <trkpt lat="50.967607" lon="12.762152">
        <ele>190.679898</ele>
        <time>2026-05-01T01:26:29.134Z</time>
      </trkpt>
      <trkpt lat="50.967623" lon="12.762298">
        <ele>190.920489</ele>
        <time>2026-05-01T01:26:31.448Z</time>
      </trkpt>
      <trkpt lat="50.967627" lon="12.762369">
        <ele>191.036217</ele>
        <time>2026-05-01T01:26:32.393Z</time>
      </trkpt>
      <trkpt lat="50.967662" lon="12.762596">
        <ele>191.415634</ele>
        <time>2026-05-01T01:26:35.501Z</time>
      </trkpt>
      <trkpt lat="50.967718" lon="12.762788">
        <ele>191.759151</ele>
        <time>2026-05-01T01:26:38.446Z</time>
      </trkpt>
      <trkpt lat="50.967921" lon="12.763212">
        <ele>192.623850</ele>
        <time>2026-05-01T01:26:46.631Z</time>
      </trkpt>
      <trkpt lat="50.968138" lon="12.763551">
        <ele>194.186280</ele>
        <time>2026-05-01T01:26:55.123Z</time>
      </trkpt>
      <trkpt lat="50.968357" lon="12.763858">
        <ele>195.926321</ele>
        <time>2026-05-01T01:27:03.707Z</time>
      </trkpt>
      <trkpt lat="50.968493" lon="12.764159">
        <ele>197.315930</ele>
        <time>2026-05-01T01:27:10.951Z</time>
      </trkpt>
      <trkpt lat="50.968550" lon="12.764358">
        <ele>198.135973</ele>
        <time>2026-05-01T01:27:15.465Z</time>
      </trkpt>
      <trkpt lat="50.968597" lon="12.764652">
        <ele>199.273758</ele>
        <time>2026-05-01T01:27:21.910Z</time>
      </trkpt>
      <trkpt lat="50.968633" lon="12.765606">
        <ele>202.858668</ele>
        <time>2026-05-01T01:27:42.374Z</time>
      </trkpt>
      <trkpt lat="50.968810" lon="12.766661">
        <ele>205.958699</ele>
        <time>2026-05-01T01:28:04.342Z</time>
      </trkpt>
      <trkpt lat="50.968882" lon="12.767066">
        <ele>207.078544</ele>
        <time>2026-05-01T01:28:11.439Z</time>
      </trkpt>
      <trkpt lat="50.969057" lon="12.768034">
        <ele>209.758476</ele>
        <time>2026-05-01T01:28:25.276Z</time>
      </trkpt>
      <trkpt lat="50.969063" lon="12.768071">
        <ele>209.860146</ele>
        <time>2026-05-01T01:28:25.764Z</time>
      </trkpt>
      <trkpt lat="50.969253" lon="12.769148">
        <ele>212.712220</ele>
        <time>2026-05-01T01:28:38.713Z</time>
      </trkpt>
      <trkpt lat="50.969375" lon="12.769972">
        <ele>214.800850</ele>
        <time>2026-05-01T01:28:49.932Z</time>
      </trkpt>
      <trkpt lat="50.969459" lon="12.771061">
        <ele>217.507995</ele>
        <time>2026-05-01T01:29:08.487Z</time>
      </trkpt>
      <trkpt lat="50.969474" lon="12.771259">
        <ele>218.000074</ele>
        <time>2026-05-01T01:29:12.465Z</time>
      </trkpt>
      <trkpt lat="50.969490" lon="12.771466">
        <ele>218.702254</ele>
        <time>2026-05-01T01:29:16.782Z</time>
      </trkpt>
      <trkpt lat="50.969543" lon="12.772149">
        <ele>221.342416</ele>
        <time>2026-05-01T01:29:31.761Z</time>
      </trkpt>
      <trkpt lat="50.969643" lon="12.773471">
        <ele>226.450745</ele>
        <time>2026-05-01T01:30:00.006Z</time>
      </trkpt>
      <trkpt lat="50.969736" lon="12.773479">
        <ele>227.018158</ele>
        <time>2026-05-01T01:30:03.290Z</time>
      </trkpt>
      <trkpt lat="50.970067" lon="12.773727">
        <ele>229.186156</ele>
        <time>2026-05-01T01:30:15.809Z</time>
      </trkpt>
      <trkpt lat="50.970620" lon="12.774156">
        <ele>230.895351</ele>
        <time>2026-05-01T01:30:32.968Z</time>
      </trkpt>
      <trkpt lat="50.970866" lon="12.774310">
        <ele>231.629685</ele>
        <time>2026-05-01T01:30:38.880Z</time>
      </trkpt>
      <trkpt lat="50.971021" lon="12.774362">
        <ele>232.069637</ele>
        <time>2026-05-01T01:30:42.442Z</time>
      </trkpt>
      <trkpt lat="50.971429" lon="12.774329">
        <ele>233.204164</ele>
        <time>2026-05-01T01:30:51.728Z</time>
      </trkpt>
      <trkpt lat="50.971700" lon="12.774053">
        <ele>234.098232</ele>
        <time>2026-05-01T01:30:57.635Z</time>
      </trkpt>
      <trkpt lat="50.971752" lon="12.774210">
        <ele>234.250157</ele>
        <time>2026-05-01T01:30:59.514Z</time>
      </trkpt>
      <trkpt lat="50.971785" lon="12.774310">
        <ele>234.335573</ele>
        <time>2026-05-01T01:31:00.615Z</time>
      </trkpt>
      <trkpt lat="50.971889" lon="12.774684">
        <ele>234.644888</ele>
        <time>2026-05-01T01:31:04.472Z</time>
      </trkpt>
      <trkpt lat="50.971904" lon="12.774731">
        <ele>234.684752</ele>
        <time>2026-05-01T01:31:04.937Z</time>
      </trkpt>
      <trkpt lat="50.972029" lon="12.775241">
        <ele>235.098794</ele>
        <time>2026-05-01T01:31:10.076Z</time>
      </trkpt>
      <trkpt lat="50.972134" lon="12.775557">
        <ele>235.369109</ele>
        <time>2026-05-01T01:31:13.626Z</time>
      </trkpt>
      <trkpt lat="50.972151" lon="12.775687">
        <ele>235.469560</ele>
        <time>2026-05-01T01:31:15.068Z</time>
      </trkpt>
      <trkpt lat="50.972098" lon="12.776024">
        <ele>235.732351</ele>
        <time>2026-05-01T01:31:18.771Z</time>
      </trkpt>
      <trkpt lat="50.971912" lon="12.776696">
        <ele>236.287704</ele>
        <time>2026-05-01T01:31:25.806Z</time>
      </trkpt>
      <trkpt lat="50.971869" lon="12.776922">
        <ele>236.357947</ele>
        <time>2026-05-01T01:31:27.851Z</time>
      </trkpt>
      <trkpt lat="50.971808" lon="12.778169">
        <ele>236.721110</ele>
        <time>2026-05-01T01:31:38.861Z</time>
      </trkpt>
      <trkpt lat="50.971689" lon="12.778872">
        <ele>236.932476</ele>
        <time>2026-05-01T01:31:44.834Z</time>
      </trkpt>
      <trkpt lat="50.971576" lon="12.779254">
        <ele>237.055021</ele>
        <time>2026-05-01T01:31:48.054Z</time>
      </trkpt>
      <trkpt lat="50.971414" lon="12.779690">
        <ele>237.151654</ele>
        <time>2026-05-01T01:31:51.725Z</time>
      </trkpt>
      <trkpt lat="50.971064" lon="12.780418">
        <ele>237.254694</ele>
        <time>2026-05-01T01:31:58.048Z</time>
      </trkpt>
      <trkpt lat="50.970989" lon="12.780760">
        <ele>237.295435</ele>
        <time>2026-05-01T01:32:00.600Z</time>
      </trkpt>
      <trkpt lat="50.970991" lon="12.780909">
        <ele>237.312201</ele>
        <time>2026-05-01T01:32:01.708Z</time>
      </trkpt>
      <trkpt lat="50.971032" lon="12.781121">
        <ele>237.337151</ele>
        <time>2026-05-01T01:32:03.477Z</time>
      </trkpt>
      <trkpt lat="50.971233" lon="12.781664">
        <ele>237.408010</ele>
        <time>2026-05-01T01:32:09.049Z</time>
      </trkpt>
      <trkpt lat="50.971541" lon="12.782483">
        <ele>237.385000</ele>
        <time>2026-05-01T01:32:17.967Z</time>
      </trkpt>
      <trkpt lat="50.971593" lon="12.782857">
        <ele>237.352401</ele>
        <time>2026-05-01T01:32:21.481Z</time>
      </trkpt>
      <trkpt lat="50.971577" lon="12.783145">
        <ele>237.327794</ele>
        <time>2026-05-01T01:32:24.047Z</time>
      </trkpt>
      <trkpt lat="50.971541" lon="12.783326">
        <ele>237.311638</ele>
        <time>2026-05-01T01:32:25.675Z</time>
      </trkpt>
      <trkpt lat="50.971429" lon="12.783628">
        <ele>237.281808</ele>
        <time>2026-05-01T01:32:28.431Z</time>
      </trkpt>
      <trkpt lat="50.971355" lon="12.783753">
        <ele>237.267205</ele>
        <time>2026-05-01T01:32:29.630Z</time>
      </trkpt>
      <trkpt lat="50.970920" lon="12.784245">
        <ele>237.094604</ele>
        <time>2026-05-01T01:32:34.655Z</time>
      </trkpt>
      <trkpt lat="50.970848" lon="12.784396">
        <ele>236.539318</ele>
        <time>2026-05-01T01:32:35.710Z</time>
      </trkpt>
      <trkpt lat="50.970793" lon="12.784657">
        <ele>235.732423</ele>
        <time>2026-05-01T01:32:37.187Z</time>
      </trkpt>
      <trkpt lat="50.970799" lon="12.785077">
        <ele>234.500770</ele>
        <time>2026-05-01T01:32:39.365Z</time>
      </trkpt>
      <trkpt lat="50.970859" lon="12.785217">
        <ele>234.004287</ele>
        <time>2026-05-01T01:32:40.196Z</time>
      </trkpt>
      <trkpt lat="50.970939" lon="12.785307">
        <ele>233.547841</ele>
        <time>2026-05-01T01:32:40.955Z</time>
      </trkpt>
      <trkpt lat="50.971071" lon="12.785371">
        <ele>232.905287</ele>
        <time>2026-05-01T01:32:41.998Z</time>
      </trkpt>
      <trkpt lat="50.971349" lon="12.785459">
        <ele>231.585548</ele>
        <time>2026-05-01T01:32:44.100Z</time>
      </trkpt>
      <trkpt lat="50.971438" lon="12.785551">
        <ele>231.091142</ele>
        <time>2026-05-01T01:32:44.875Z</time>
      </trkpt>
      <trkpt lat="50.971537" lon="12.785771">
        <ele>230.298404</ele>
        <time>2026-05-01T01:32:46.116Z</time>
      </trkpt>
      <trkpt lat="50.971574" lon="12.785998">
        <ele>229.610974</ele>
        <time>2026-05-01T01:32:47.180Z</time>
      </trkpt>
      <trkpt lat="50.971579" lon="12.786096">
        <ele>229.322725</ele>
        <time>2026-05-01T01:32:47.625Z</time>
      </trkpt>
      <trkpt lat="50.971528" lon="12.786445">
        <ele>228.163159</ele>
        <time>2026-05-01T01:32:49.230Z</time>
      </trkpt>
      <trkpt lat="50.971468" lon="12.786581">
        <ele>227.579971</ele>
        <time>2026-05-01T01:32:49.975Z</time>
      </trkpt>
      <trkpt lat="50.971227" lon="12.786876">
        <ele>225.882918</ele>
        <time>2026-05-01T01:32:52.141Z</time>
      </trkpt>
      <trkpt lat="50.971107" lon="12.787009">
        <ele>225.066773</ele>
        <time>2026-05-01T01:32:53.187Z</time>
      </trkpt>
      <trkpt lat="50.970739" lon="12.787413">
        <ele>222.571672</ele>
        <time>2026-05-01T01:32:56.445Z</time>
      </trkpt>
      <trkpt lat="50.970534" lon="12.787532">
        <ele>221.354357</ele>
        <time>2026-05-01T01:32:58.135Z</time>
      </trkpt>
      <trkpt lat="50.970418" lon="12.787543">
        <ele>220.706251</ele>
        <time>2026-05-01T01:32:59.068Z</time>
      </trkpt>
      <trkpt lat="50.969976" lon="12.787470">
        <ele>218.512782</ele>
        <time>2026-05-01T01:33:02.658Z</time>
      </trkpt>
      <trkpt lat="50.969907" lon="12.787490">
        <ele>218.318905</ele>
        <time>2026-05-01T01:33:03.220Z</time>
      </trkpt>
      <trkpt lat="50.969764" lon="12.787616">
        <ele>217.866864</ele>
        <time>2026-05-01T01:33:04.527Z</time>
      </trkpt>
      <trkpt lat="50.969634" lon="12.787906">
        <ele>217.247236</ele>
        <time>2026-05-01T01:33:06.401Z</time>
      </trkpt>
      <trkpt lat="50.969556" lon="12.788259">
        <ele>216.596054</ele>
        <time>2026-05-01T01:33:08.467Z</time>
      </trkpt>
      <trkpt lat="50.969552" lon="12.788535">
        <ele>216.115502</ele>
        <time>2026-05-01T01:33:10.039Z</time>
      </trkpt>
      <trkpt lat="50.969573" lon="12.788630">
        <ele>215.940247</ele>
        <time>2026-05-01T01:33:10.605Z</time>
      </trkpt>
      <trkpt lat="50.969647" lon="12.788761">
        <ele>215.633921</ele>
        <time>2026-05-01T01:33:11.595Z</time>
      </trkpt>
      <trkpt lat="50.969713" lon="12.788851">
        <ele>215.393455</ele>
        <time>2026-05-01T01:33:12.368Z</time>
      </trkpt>
      <trkpt lat="50.969777" lon="12.788956">
        <ele>215.139094</ele>
        <time>2026-05-01T01:33:13.181Z</time>
      </trkpt>
      <trkpt lat="50.969846" lon="12.789200">
        <ele>214.673515</ele>
        <time>2026-05-01T01:33:14.648Z</time>
      </trkpt>
      <trkpt lat="50.969834" lon="12.789454">
        <ele>214.230146</ele>
        <time>2026-05-01T01:33:15.998Z</time>
      </trkpt>
      <trkpt lat="50.969743" lon="12.790042">
        <ele>212.684016</ele>
        <time>2026-05-01T01:33:19.007Z</time>
      </trkpt>
      <trkpt lat="50.969415" lon="12.791070">
        <ele>209.147124</ele>
        <time>2026-05-01T01:33:24.569Z</time>
      </trkpt>
      <trkpt lat="50.969323" lon="12.791403">
        <ele>208.031081</ele>
        <time>2026-05-01T01:33:26.294Z</time>
      </trkpt>
      <trkpt lat="50.969108" lon="12.792118">
        <ele>205.599324</ele>
        <time>2026-05-01T01:33:29.990Z</time>
      </trkpt>
      <trkpt lat="50.968964" lon="12.792345">
        <ele>204.443303</ele>
        <time>2026-05-01T01:33:31.463Z</time>
      </trkpt>
      <trkpt lat="50.968841" lon="12.792570">
        <ele>203.185182</ele>
        <time>2026-05-01T01:33:32.815Z</time>
      </trkpt>
      <trkpt lat="50.968793" lon="12.792791">
        <ele>202.198043</ele>
        <time>2026-05-01T01:33:33.869Z</time>
      </trkpt>
      <trkpt lat="50.968789" lon="12.792942">
        <ele>201.559866</ele>
        <time>2026-05-01T01:33:34.549Z</time>
      </trkpt>
      <trkpt lat="50.968856" lon="12.793192">
        <ele>200.412597</ele>
        <time>2026-05-01T01:33:35.776Z</time>
      </trkpt>
      <trkpt lat="50.969376" lon="12.793865">
        <ele>195.914468</ele>
        <time>2026-05-01T01:33:40.591Z</time>
      </trkpt>
      <trkpt lat="50.970154" lon="12.795098">
        <ele>190.409582</ele>
        <time>2026-05-01T01:33:48.583Z</time>
      </trkpt>
      <trkpt lat="50.970390" lon="12.795483">
        <ele>189.091781</ele>
        <time>2026-05-01T01:33:51.143Z</time>
      </trkpt>
      <trkpt lat="50.970495" lon="12.795660">
        <ele>188.495361</ele>
        <time>2026-05-01T01:33:52.350Z</time>
      </trkpt>
      <trkpt lat="50.970645" lon="12.795906">
        <ele>187.655497</ele>
        <time>2026-05-01T01:33:54.150Z</time>
      </trkpt>
      <trkpt lat="50.970899" lon="12.796381">
        <ele>186.127104</ele>
        <time>2026-05-01T01:33:57.974Z</time>
      </trkpt>
      <trkpt lat="50.971160" lon="12.797011">
        <ele>186.434174</ele>
        <time>2026-05-01T01:34:04.440Z</time>
      </trkpt>
      <trkpt lat="50.971192" lon="12.797063">
        <ele>186.480529</ele>
        <time>2026-05-01T01:34:05.180Z</time>
      </trkpt>
      <trkpt lat="50.971026" lon="12.797282">
        <ele>186.699030</ele>
        <time>2026-05-01T01:34:08.621Z</time>
      </trkpt>
      <trkpt lat="50.970872" lon="12.797432">
        <ele>186.881942</ele>
        <time>2026-05-01T01:34:11.637Z</time>
      </trkpt>
      <trkpt lat="50.970293" lon="12.797918">
        <ele>187.545012</ele>
        <time>2026-05-01T01:34:23.382Z</time>
      </trkpt>
      <trkpt lat="50.970115" lon="12.798131">
        <ele>187.770669</ele>
        <time>2026-05-01T01:34:27.262Z</time>
      </trkpt>
      <trkpt lat="50.969829" lon="12.798563">
        <ele>188.097809</ele>
        <time>2026-05-01T01:34:33.419Z</time>
      </trkpt>
      <trkpt lat="50.969677" lon="12.798734">
        <ele>188.248431</ele>
        <time>2026-05-01T01:34:36.022Z</time>
      </trkpt>
      <trkpt lat="50.969107" lon="12.799203">
        <ele>188.767520</ele>
        <time>2026-05-01T01:34:44.198Z</time>
      </trkpt>
      <trkpt lat="50.968950" lon="12.799451">
        <ele>188.946580</ele>
        <time>2026-05-01T01:34:47.263Z</time>
      </trkpt>
      <trkpt lat="50.968726" lon="12.799981">
        <ele>189.271036</ele>
        <time>2026-05-01T01:34:53.112Z</time>
      </trkpt>
      <trkpt lat="50.968660" lon="12.800086">
        <ele>189.340445</ele>
        <time>2026-05-01T01:34:54.568Z</time>
      </trkpt>
      <trkpt lat="50.968532" lon="12.800203">
        <ele>189.450171</ele>
        <time>2026-05-01T01:34:56.791Z</time>
      </trkpt>
      <trkpt lat="50.967821" lon="12.800687">
        <ele>190.024892</ele>
        <time>2026-05-01T01:35:08.374Z</time>
      </trkpt>
      <trkpt lat="50.966056" lon="12.801911">
        <ele>191.783196</ele>
        <time>2026-05-01T01:35:34.324Z</time>
      </trkpt>
      <trkpt lat="50.965666" lon="12.802289">
        <ele>192.252671</ele>
        <time>2026-05-01T01:35:41.465Z</time>
      </trkpt>
      <trkpt lat="50.965393" lon="12.802612">
        <ele>193.013676</ele>
        <time>2026-05-01T01:35:47.657Z</time>
      </trkpt>
      <trkpt lat="50.965255" lon="12.802824">
        <ele>193.739536</ele>
        <time>2026-05-01T01:35:51.560Z</time>
      </trkpt>
      <trkpt lat="50.964646" lon="12.803899">
        <ele>197.181902</ele>
        <time>2026-05-01T01:36:14.294Z</time>
      </trkpt>
      <trkpt lat="50.963933" lon="12.805068">
        <ele>200.275129</ele>
        <time>2026-05-01T01:36:42.537Z</time>
      </trkpt>
      <trkpt lat="50.963726" lon="12.805263">
        <ele>200.791909</ele>
        <time>2026-05-01T01:36:48.463Z</time>
      </trkpt>
      <trkpt lat="50.963428" lon="12.805375">
        <ele>201.449417</ele>
        <time>2026-05-01T01:36:55.042Z</time>
      </trkpt>
      <trkpt lat="50.962665" lon="12.805472">
        <ele>203.092877</ele>
        <time>2026-05-01T01:37:05.005Z</time>
      </trkpt>
      <trkpt lat="50.962341" lon="12.805443">
        <ele>202.409440</ele>
        <time>2026-05-01T01:37:07.804Z</time>
      </trkpt>
      <trkpt lat="50.961388" lon="12.805169">
        <ele>200.265743</ele>
        <time>2026-05-01T01:37:15.658Z</time>
      </trkpt>
      <trkpt lat="50.960924" lon="12.805153">
        <ele>199.238474</ele>
        <time>2026-05-01T01:37:19.474Z</time>
      </trkpt>
      <trkpt lat="50.958253" lon="12.805195">
        <ele>198.736281</ele>
        <time>2026-05-01T01:37:48.689Z</time>
      </trkpt>
      <trkpt lat="50.957935" lon="12.805266">
        <ele>199.031246</ele>
        <time>2026-05-01T01:37:54.147Z</time>
      </trkpt>
      <trkpt lat="50.957745" lon="12.805373">
        <ele>199.216420</ele>
        <time>2026-05-01T01:37:57.604Z</time>
      </trkpt>
      <trkpt lat="50.957396" lon="12.805732">
        <ele>199.598394</ele>
        <time>2026-05-01T01:38:05.266Z</time>
      </trkpt>
      <trkpt lat="50.957068" lon="12.805983">
        <ele>200.329840</ele>
        <time>2026-05-01T01:38:12.593Z</time>
      </trkpt>
      <trkpt lat="50.956890" lon="12.806077">
        <ele>200.729865</ele>
        <time>2026-05-01T01:38:16.510Z</time>
      </trkpt>
      <trkpt lat="50.956699" lon="12.806123">
        <ele>201.141822</ele>
        <time>2026-05-01T01:38:20.586Z</time>
      </trkpt>
      <trkpt lat="50.956330" lon="12.806314">
        <ele>201.969464</ele>
        <time>2026-05-01T01:38:28.225Z</time>
      </trkpt>
      <trkpt lat="50.955744" lon="12.806470">
        <ele>203.236525</ele>
        <time>2026-05-01T01:38:38.819Z</time>
      </trkpt>
      <trkpt lat="50.954919" lon="12.806543">
        <ele>203.970787</ele>
        <time>2026-05-01T01:38:51.495Z</time>
      </trkpt>
      <trkpt lat="50.954636" lon="12.806525">
        <ele>204.169205</ele>
        <time>2026-05-01T01:38:54.970Z</time>
      </trkpt>
      <trkpt lat="50.953906" lon="12.806437">
        <ele>204.682085</ele>
        <time>2026-05-01T01:39:03.876Z</time>
      </trkpt>
      <trkpt lat="50.953659" lon="12.806443">
        <ele>204.924390</ele>
        <time>2026-05-01T01:39:07.643Z</time>
      </trkpt>
      <trkpt lat="50.953296" lon="12.806505">
        <ele>205.319482</ele>
        <time>2026-05-01T01:39:13.179Z</time>
      </trkpt>
      <trkpt lat="50.953049" lon="12.806585">
        <ele>205.592283</ele>
        <time>2026-05-01T01:39:17.109Z</time>
      </trkpt>
      <trkpt lat="50.952992" lon="12.806673">
        <ele>205.678328</ele>
        <time>2026-05-01T01:39:18.420Z</time>
      </trkpt>
      <trkpt lat="50.952985" lon="12.807041">
        <ele>205.929314</ele>
        <time>2026-05-01T01:39:22.236Z</time>
      </trkpt>
      <trkpt lat="50.952818" lon="12.807144">
        <ele>206.123197</ele>
        <time>2026-05-01T01:39:25.260Z</time>
      </trkpt>
      <trkpt lat="50.951754" lon="12.807444">
        <ele>207.646723</ele>
        <time>2026-05-01T01:39:41.991Z</time>
      </trkpt>
      <trkpt lat="50.951512" lon="12.807586">
        <ele>208.085843</ele>
        <time>2026-05-01T01:39:45.256Z</time>
      </trkpt>
      <trkpt lat="50.951270" lon="12.807789">
        <ele>208.551699</ele>
        <time>2026-05-01T01:39:49.397Z</time>
      </trkpt>
      <trkpt lat="50.950977" lon="12.808068">
        <ele>209.133227</ele>
        <time>2026-05-01T01:39:55.572Z</time>
      </trkpt>
      <trkpt lat="50.950726" lon="12.808411">
        <ele>209.696926</ele>
        <time>2026-05-01T01:40:02.685Z</time>
      </trkpt>
      <trkpt lat="50.950275" lon="12.809040">
        <ele>210.783799</ele>
        <time>2026-05-01T01:40:17.203Z</time>
      </trkpt>
      <trkpt lat="50.950152" lon="12.809167">
        <ele>211.050068</ele>
        <time>2026-05-01T01:40:20.597Z</time>
      </trkpt>
      <trkpt lat="50.949794" lon="12.809479">
        <ele>211.791195</ele>
        <time>2026-05-01T01:40:29.253Z</time>
      </trkpt>
      <trkpt lat="50.949576" lon="12.809560">
        <ele>212.197484</ele>
        <time>2026-05-01T01:40:33.099Z</time>
      </trkpt>
      <trkpt lat="50.949377" lon="12.809496">
        <ele>212.565939</ele>
        <time>2026-05-01T01:40:35.844Z</time>
      </trkpt>
      <trkpt lat="50.948887" lon="12.809030">
        <ele>212.408099</ele>
        <time>2026-05-01T01:40:41.059Z</time>
      </trkpt>
      <trkpt lat="50.948448" lon="12.808686">
        <ele>211.536397</ele>
        <time>2026-05-01T01:40:45.045Z</time>
      </trkpt>
      <trkpt lat="50.948102" lon="12.808544">
        <ele>210.900085</ele>
        <time>2026-05-01T01:40:47.956Z</time>
      </trkpt>
      <trkpt lat="50.947834" lon="12.808521">
        <ele>210.422214</ele>
        <time>2026-05-01T01:40:50.235Z</time>
      </trkpt>
      <trkpt lat="50.946435" lon="12.808646">
        <ele>210.563065</ele>
        <time>2026-05-01T01:41:06.496Z</time>
      </trkpt>
      <trkpt lat="50.946317" lon="12.808715">
        <ele>210.654782</ele>
        <time>2026-05-01T01:41:08.543Z</time>
      </trkpt>
      <trkpt lat="50.946254" lon="12.808770">
        <ele>210.707223</ele>
        <time>2026-05-01T01:41:09.763Z</time>
      </trkpt>
      <trkpt lat="50.946130" lon="12.809026">
        <ele>210.855606</ele>
        <time>2026-05-01T01:41:13.368Z</time>
      </trkpt>
      <trkpt lat="50.945715" lon="12.810111">
        <ele>212.078926</ele>
        <time>2026-05-01T01:41:28.850Z</time>
      </trkpt>
      <trkpt lat="50.945536" lon="12.810602">
        <ele>212.845347</ele>
        <time>2026-05-01T01:41:36.299Z</time>
      </trkpt>
      <trkpt lat="50.945480" lon="12.810881">
        <ele>213.240963</ele>
        <time>2026-05-01T01:41:40.174Z</time>
      </trkpt>
      <trkpt lat="50.945376" lon="12.811819">
        <ele>214.527747</ele>
        <time>2026-05-01T01:41:52.104Z</time>
      </trkpt>
      <trkpt lat="50.945205" lon="12.812691">
        <ele>214.836975</ele>
        <time>2026-05-01T01:42:00.652Z</time>
      </trkpt>
      <trkpt lat="50.945202" lon="12.812967">
        <ele>214.776541</ele>
        <time>2026-05-01T01:42:02.590Z</time>
      </trkpt>
      <trkpt lat="50.945312" lon="12.813845">
        <ele>214.580554</ele>
        <time>2026-05-01T01:42:08.306Z</time>
      </trkpt>
      <trkpt lat="50.945317" lon="12.814158">
        <ele>214.512006</ele>
        <time>2026-05-01T01:42:10.196Z</time>
      </trkpt>
      <trkpt lat="50.945271" lon="12.814568">
        <ele>214.420832</ele>
        <time>2026-05-01T01:42:12.634Z</time>
      </trkpt>
      <trkpt lat="50.945113" lon="12.815249">
        <ele>214.183608</ele>
        <time>2026-05-01T01:42:16.895Z</time>
      </trkpt>
      <trkpt lat="50.944509" lon="12.817436">
        <ele>213.142218</ele>
        <time>2026-05-01T01:42:32.831Z</time>
      </trkpt>
      <trkpt lat="50.944253" lon="12.818420">
        <ele>212.917350</ele>
        <time>2026-05-01T01:42:39.682Z</time>
      </trkpt>
      <trkpt lat="50.944136" lon="12.819022">
        <ele>212.799960</ele>
        <time>2026-05-01T01:42:43.758Z</time>
      </trkpt>
      <trkpt lat="50.944153" lon="12.819750">
        <ele>212.664214</ele>
        <time>2026-05-01T01:42:48.617Z</time>
      </trkpt>
      <trkpt lat="50.944378" lon="12.822221">
        <ele>214.121586</ele>
        <time>2026-05-01T01:43:11.266Z</time>
      </trkpt>
      <trkpt lat="50.944487" lon="12.823031">
        <ele>214.780114</ele>
        <time>2026-05-01T01:43:21.532Z</time>
      </trkpt>
      <trkpt lat="50.944603" lon="12.823573">
        <ele>216.020716</ele>
        <time>2026-05-01T01:43:28.603Z</time>
      </trkpt>
      <trkpt lat="50.944628" lon="12.823897">
        <ele>216.787913</ele>
        <time>2026-05-01T01:43:32.458Z</time>
      </trkpt>
      <trkpt lat="50.944608" lon="12.824396">
        <ele>217.963101</ele>
        <time>2026-05-01T01:43:38.711Z</time>
      </trkpt>
      <trkpt lat="50.944563" lon="12.824843">
        <ele>219.027027</ele>
        <time>2026-05-01T01:43:45.490Z</time>
      </trkpt>
      <trkpt lat="50.944491" lon="12.825058">
        <ele>219.599290</ele>
        <time>2026-05-01T01:43:49.577Z</time>
      </trkpt>
      <trkpt lat="50.944446" lon="12.825103">
        <ele>219.797694</ele>
        <time>2026-05-01T01:43:51.038Z</time>
      </trkpt>
      <trkpt lat="50.944413" lon="12.825105">
        <ele>219.920883</ele>
        <time>2026-05-01T01:43:51.951Z</time>
      </trkpt>
      <trkpt lat="50.944068" lon="12.825097">
        <ele>221.207962</ele>
        <time>2026-05-01T01:44:01.782Z</time>
      </trkpt>
      <trkpt lat="50.943533" lon="12.825327">
        <ele>224.221181</ele>
        <time>2026-05-01T01:44:18.896Z</time>
      </trkpt>
      <trkpt lat="50.943375" lon="12.825114">
        <ele>225.416568</ele>
        <time>2026-05-01T01:44:25.702Z</time>
      </trkpt>
      <trkpt lat="50.943350" lon="12.825385">
        <ele>226.411681</ele>
        <time>2026-05-01T01:44:31.659Z</time>
      </trkpt>
      <trkpt lat="50.943340" lon="12.825520">
        <ele>226.905550</ele>
        <time>2026-05-01T01:44:34.670Z</time>
      </trkpt>
      <trkpt lat="50.943187" lon="12.826270">
        <ele>229.769766</ele>
        <time>2026-05-01T01:44:51.519Z</time>
      </trkpt>
      <trkpt lat="50.942961" lon="12.826851">
        <ele>232.100768</ele>
        <time>2026-05-01T01:45:02.848Z</time>
      </trkpt>
      <trkpt lat="50.942711" lon="12.827259">
        <ele>233.246643</ele>
        <time>2026-05-01T01:45:10.810Z</time>
      </trkpt>
      <trkpt lat="50.941987" lon="12.828197">
        <ele>236.233164</ele>
        <time>2026-05-01T01:45:30.539Z</time>
      </trkpt>
      <trkpt lat="50.941730" lon="12.828526">
        <ele>237.288272</ele>
        <time>2026-05-01T01:45:37.254Z</time>
      </trkpt>
      <trkpt lat="50.941547" lon="12.828835">
        <ele>238.106213</ele>
        <time>2026-05-01T01:45:42.596Z</time>
      </trkpt>
      <trkpt lat="50.941435" lon="12.829091">
        <ele>238.686798</ele>
        <time>2026-05-01T01:45:46.506Z</time>
      </trkpt>
      <trkpt lat="50.941312" lon="12.829408">
        <ele>239.380323</ele>
        <time>2026-05-01T01:45:51.421Z</time>
      </trkpt>
      <trkpt lat="50.941259" lon="12.829638">
        <ele>239.836545</ele>
        <time>2026-05-01T01:45:54.790Z</time>
      </trkpt>
      <trkpt lat="50.941169" lon="12.830697">
        <ele>241.827234</ele>
        <time>2026-05-01T01:46:09.737Z</time>
      </trkpt>
      <trkpt lat="50.941159" lon="12.831458">
        <ele>243.162966</ele>
        <time>2026-05-01T01:46:20.139Z</time>
      </trkpt>
      <trkpt lat="50.941203" lon="12.831827">
        <ele>243.645857</ele>
        <time>2026-05-01T01:46:25.594Z</time>
      </trkpt>
      <trkpt lat="50.941563" lon="12.833696">
        <ele>246.158832</ele>
        <time>2026-05-01T01:46:49.746Z</time>
      </trkpt>
      <trkpt lat="50.941702" lon="12.834653">
        <ele>246.169368</ele>
        <time>2026-05-01T01:46:57.489Z</time>
      </trkpt>
      <trkpt lat="50.941802" lon="12.835647">
        <ele>245.363106</ele>
        <time>2026-05-01T01:47:02.791Z</time>
      </trkpt>
      <trkpt lat="50.941902" lon="12.836310">
        <ele>244.817053</ele>
        <time>2026-05-01T01:47:06.481Z</time>
      </trkpt>
      <trkpt lat="50.942095" lon="12.837149">
        <ele>243.912977</ele>
        <time>2026-05-01T01:47:12.380Z</time>
      </trkpt>
      <trkpt lat="50.942116" lon="12.837244">
        <ele>243.774263</ele>
        <time>2026-05-01T01:47:13.135Z</time>
      </trkpt>
      <trkpt lat="50.942428" lon="12.838606">
        <ele>241.777509</ele>
        <time>2026-05-01T01:47:21.315Z</time>
      </trkpt>
      <trkpt lat="50.942533" lon="12.838979">
        <ele>241.214630</ele>
        <time>2026-05-01T01:47:23.571Z</time>
      </trkpt>
      <trkpt lat="50.942591" lon="12.839128">
        <ele>240.973320</ele>
        <time>2026-05-01T01:47:24.507Z</time>
      </trkpt>
      <trkpt lat="50.942674" lon="12.839297">
        <ele>240.678095</ele>
        <time>2026-05-01T01:47:25.609Z</time>
      </trkpt>
      <trkpt lat="50.943165" lon="12.840004">
        <ele>238.525192</ele>
        <time>2026-05-01T01:47:30.656Z</time>
      </trkpt>
      <trkpt lat="50.943264" lon="12.840234">
        <ele>237.916934</ele>
        <time>2026-05-01T01:47:31.945Z</time>
      </trkpt>
      <trkpt lat="50.943322" lon="12.840552">
        <ele>237.194009</ele>
        <time>2026-05-01T01:47:33.482Z</time>
      </trkpt>
      <trkpt lat="50.943312" lon="12.840711">
        <ele>236.845075</ele>
        <time>2026-05-01T01:47:34.247Z</time>
      </trkpt>
      <trkpt lat="50.943269" lon="12.840860">
        <ele>236.487199</ele>
        <time>2026-05-01T01:47:35.047Z</time>
      </trkpt>
      <trkpt lat="50.943161" lon="12.841046">
        <ele>235.934867</ele>
        <time>2026-05-01T01:47:36.318Z</time>
      </trkpt>
      <trkpt lat="50.942951" lon="12.841202">
        <ele>235.131288</ele>
        <time>2026-05-01T01:47:38.273Z</time>
      </trkpt>
      <trkpt lat="50.942702" lon="12.841246">
        <ele>234.262995</ele>
        <time>2026-05-01T01:47:40.604Z</time>
      </trkpt>
      <trkpt lat="50.942382" lon="12.841146">
        <ele>234.581534</ele>
        <time>2026-05-01T01:47:44.195Z</time>
      </trkpt>
      <trkpt lat="50.941502" lon="12.840608">
        <ele>235.762124</ele>
        <time>2026-05-01T01:48:00.084Z</time>
      </trkpt>
      <trkpt lat="50.941259" lon="12.840351">
        <ele>236.127700</ele>
        <time>2026-05-01T01:48:06.227Z</time>
      </trkpt>
      <trkpt lat="50.940808" lon="12.839756">
        <ele>236.931515</ele>
        <time>2026-05-01T01:48:18.234Z</time>
      </trkpt>
      <trkpt lat="50.940229" lon="12.839163">
        <ele>237.939520</ele>
        <time>2026-05-01T01:48:30.372Z</time>
      </trkpt>
      <trkpt lat="50.939925" lon="12.838861">
        <ele>238.464145</ele>
        <time>2026-05-01T01:48:35.987Z</time>
      </trkpt>
      <trkpt lat="50.939695" lon="12.838696">
        <ele>238.833362</ele>
        <time>2026-05-01T01:48:39.650Z</time>
      </trkpt>
      <trkpt lat="50.939333" lon="12.838538">
        <ele>238.742290</ele>
        <time>2026-05-01T01:48:44.800Z</time>
      </trkpt>
      <trkpt lat="50.939148" lon="12.838491">
        <ele>238.436790</ele>
        <time>2026-05-01T01:48:46.993Z</time>
      </trkpt>
      <trkpt lat="50.938266" lon="12.838475">
        <ele>236.998519</ele>
        <time>2026-05-01T01:48:54.615Z</time>
      </trkpt>
      <trkpt lat="50.938046" lon="12.838529">
        <ele>236.635524</ele>
        <time>2026-05-01T01:48:56.431Z</time>
      </trkpt>
      <trkpt lat="50.937837" lon="12.838693">
        <ele>236.255344</ele>
        <time>2026-05-01T01:48:58.370Z</time>
      </trkpt>
      <trkpt lat="50.937786" lon="12.838781">
        <ele>236.157782</ele>
        <time>2026-05-01T01:48:58.990Z</time>
      </trkpt>
      <trkpt lat="50.937727" lon="12.838967">
        <ele>236.318289</ele>
        <time>2026-05-01T01:49:00.091Z</time>
      </trkpt>
      <trkpt lat="50.937588" lon="12.839805">
        <ele>236.986220</ele>
        <time>2026-05-01T01:49:04.769Z</time>
      </trkpt>
      <trkpt lat="50.936563" lon="12.846060">
        <ele>242.623936</ele>
        <time>2026-05-01T01:50:20.627Z</time>
      </trkpt>
      <trkpt lat="50.936445" lon="12.847576">
        <ele>244.103797</ele>
        <time>2026-05-01T01:50:36.024Z</time>
      </trkpt>
      <trkpt lat="50.936438" lon="12.847670">
        <ele>244.166273</ele>
        <time>2026-05-01T01:50:36.906Z</time>
      </trkpt>
      <trkpt lat="50.936358" lon="12.848675">
        <ele>244.834887</ele>
        <time>2026-05-01T01:50:46.562Z</time>
      </trkpt>
      <trkpt lat="50.936283" lon="12.848948">
        <ele>245.031458</ele>
        <time>2026-05-01T01:50:49.461Z</time>
      </trkpt>
      <trkpt lat="50.936213" lon="12.849093">
        <ele>245.152019</ele>
        <time>2026-05-01T01:50:51.223Z</time>
      </trkpt>
      <trkpt lat="50.936061" lon="12.849300">
        <ele>245.361812</ele>
        <time>2026-05-01T01:50:54.250Z</time>
      </trkpt>
      <trkpt lat="50.935840" lon="12.849485">
        <ele>245.623518</ele>
        <time>2026-05-01T01:50:58.043Z</time>
      </trkpt>
      <trkpt lat="50.935614" lon="12.849747">
        <ele>245.726476</ele>
        <time>2026-05-01T01:51:02.119Z</time>
      </trkpt>
      <trkpt lat="50.935050" lon="12.850689">
        <ele>245.980185</ele>
        <time>2026-05-01T01:51:12.728Z</time>
      </trkpt>
      <trkpt lat="50.934741" lon="12.851122">
        <ele>246.107913</ele>
        <time>2026-05-01T01:51:17.335Z</time>
      </trkpt>
      <trkpt lat="50.934289" lon="12.851469">
        <ele>246.378823</ele>
        <time>2026-05-01T01:51:23.204Z</time>
      </trkpt>
      <trkpt lat="50.933947" lon="12.851529">
        <ele>246.691651</ele>
        <time>2026-05-01T01:51:27.613Z</time>
      </trkpt>
      <trkpt lat="50.933677" lon="12.851480">
        <ele>246.938726</ele>
        <time>2026-05-01T01:51:32.190Z</time>
      </trkpt>
      <trkpt lat="50.933535" lon="12.851384">
        <ele>247.079056</ele>
        <time>2026-05-01T01:51:34.948Z</time>
      </trkpt>
      <trkpt lat="50.933080" lon="12.850491">
        <ele>247.737028</ele>
        <time>2026-05-01T01:51:46.066Z</time>
      </trkpt>
      <trkpt lat="50.933011" lon="12.850383">
        <ele>247.825146</ele>
        <time>2026-05-01T01:51:47.675Z</time>
      </trkpt>
      <trkpt lat="50.932942" lon="12.850324">
        <ele>247.898064</ele>
        <time>2026-05-01T01:51:48.881Z</time>
      </trkpt>
      <trkpt lat="50.932907" lon="12.850293">
        <ele>247.935561</ele>
        <time>2026-05-01T01:51:49.619Z</time>
      </trkpt>
      <trkpt lat="50.932798" lon="12.850212">
        <ele>248.048154</ele>
        <time>2026-05-01T01:51:51.403Z</time>
      </trkpt>
      <trkpt lat="50.932511" lon="12.850211">
        <ele>248.316632</ele>
        <time>2026-05-01T01:51:55.763Z</time>
      </trkpt>
      <trkpt lat="50.932244" lon="12.850224">
        <ele>248.566517</ele>
        <time>2026-05-01T01:51:59.814Z</time>
      </trkpt>
      <trkpt lat="50.931712" lon="12.850191">
        <ele>249.064562</ele>
        <time>2026-05-01T01:52:07.115Z</time>
      </trkpt>
      <trkpt lat="50.931537" lon="12.850151">
        <ele>249.229957</ele>
        <time>2026-05-01T01:52:09.483Z</time>
      </trkpt>
      <trkpt lat="50.930049" lon="12.849102">
        <ele>250.419212</ele>
        <time>2026-05-01T01:52:34.845Z</time>
      </trkpt>
      <trkpt lat="50.929863" lon="12.848992">
        <ele>250.554549</ele>
        <time>2026-05-01T01:52:37.296Z</time>
      </trkpt>
      <trkpt lat="50.929583" lon="12.848957">
        <ele>250.746044</ele>
        <time>2026-05-01T01:52:40.405Z</time>
      </trkpt>
      <trkpt lat="50.929440" lon="12.849007">
        <ele>250.738841</ele>
        <time>2026-05-01T01:52:41.916Z</time>
      </trkpt>
      <trkpt lat="50.929298" lon="12.849144">
        <ele>250.728245</ele>
        <time>2026-05-01T01:52:43.558Z</time>
      </trkpt>
      <trkpt lat="50.928579" lon="12.850325">
        <ele>250.662263</ele>
        <time>2026-05-01T01:52:53.996Z</time>
      </trkpt>
      <trkpt lat="50.928457" lon="12.850451">
        <ele>250.652982</ele>
        <time>2026-05-01T01:52:55.934Z</time>
      </trkpt>
      <trkpt lat="50.928398" lon="12.850474">
        <ele>250.649109</ele>
        <time>2026-05-01T01:52:56.809Z</time>
      </trkpt>
      <trkpt lat="50.928237" lon="12.850417">
        <ele>250.638592</ele>
        <time>2026-05-01T01:52:59.328Z</time>
      </trkpt>
      <trkpt lat="50.928168" lon="12.850331">
        <ele>250.639753</ele>
        <time>2026-05-01T01:53:00.785Z</time>
      </trkpt>
      <trkpt lat="50.928062" lon="12.849987">
        <ele>250.946428</ele>
        <time>2026-05-01T01:53:05.049Z</time>
      </trkpt>
      <trkpt lat="50.927966" lon="12.849326">
        <ele>251.489704</ele>
        <time>2026-05-01T01:53:13.097Z</time>
      </trkpt>
      <trkpt lat="50.927899" lon="12.849151">
        <ele>251.653695</ele>
        <time>2026-05-01T01:53:15.557Z</time>
      </trkpt>
      <trkpt lat="50.927798" lon="12.849022">
        <ele>251.818455</ele>
        <time>2026-05-01T01:53:18.049Z</time>
      </trkpt>
      <trkpt lat="50.927572" lon="12.848911">
        <ele>252.119077</ele>
        <time>2026-05-01T01:53:22.440Z</time>
      </trkpt>
      <trkpt lat="50.927388" lon="12.848924">
        <ele>252.353116</ele>
        <time>2026-05-01T01:53:25.627Z</time>
      </trkpt>
      <trkpt lat="50.927215" lon="12.848980">
        <ele>252.577475</ele>
        <time>2026-05-01T01:53:28.416Z</time>
      </trkpt>
      <trkpt lat="50.925908" lon="12.849750">
        <ele>252.420151</ele>
        <time>2026-05-01T01:53:43.060Z</time>
      </trkpt>
      <trkpt lat="50.925594" lon="12.849968">
        <ele>252.268292</ele>
        <time>2026-05-01T01:53:46.501Z</time>
      </trkpt>
      <trkpt lat="50.925450" lon="12.850233">
        <ele>252.170580</ele>
        <time>2026-05-01T01:53:48.803Z</time>
      </trkpt>
      <trkpt lat="50.924768" lon="12.851902">
        <ele>251.634730</ele>
        <time>2026-05-01T01:54:02.588Z</time>
      </trkpt>
      <trkpt lat="50.924551" lon="12.852308">
        <ele>251.491828</ele>
        <time>2026-05-01T01:54:06.143Z</time>
      </trkpt>
      <trkpt lat="50.924842" lon="12.852771">
        <ele>251.354103</ele>
        <time>2026-05-01T01:54:10.479Z</time>
      </trkpt>
      <trkpt lat="50.924946" lon="12.852937">
        <ele>251.351248</ele>
        <time>2026-05-01T01:54:12.045Z</time>
      </trkpt>
      <trkpt lat="50.925168" lon="12.853290">
        <ele>251.345165</ele>
        <time>2026-05-01T01:54:15.357Z</time>
      </trkpt>
      <trkpt lat="50.925336" lon="12.853552">
        <ele>251.340606</ele>
        <time>2026-05-01T01:54:17.851Z</time>
      </trkpt>
      <trkpt lat="50.925494" lon="12.853807">
        <ele>251.336244</ele>
        <time>2026-05-01T01:54:20.280Z</time>
      </trkpt>
      <trkpt lat="50.925586" lon="12.853957">
        <ele>251.333690</ele>
        <time>2026-05-01T01:54:21.884Z</time>
      </trkpt>
      <trkpt lat="50.925545" lon="12.854018">
        <ele>251.332602</ele>
        <time>2026-05-01T01:54:22.595Z</time>
      </trkpt>
      <trkpt lat="50.925563" lon="12.854133">
        <ele>251.331157</ele>
        <time>2026-05-01T01:54:23.604Z</time>
      </trkpt>
      <trkpt lat="50.925539" lon="12.854187">
        <ele>251.330351</ele>
        <time>2026-05-01T01:54:24.151Z</time>
      </trkpt>
      <trkpt lat="50.925442" lon="12.854371">
        <ele>251.327425</ele>
        <time>2026-05-01T01:54:26.197Z</time>
      </trkpt>
      <trkpt lat="50.924976" lon="12.854986">
        <ele>251.496601</ele>
        <time>2026-05-01T01:54:34.875Z</time>
      </trkpt>
      <trkpt lat="50.924399" lon="12.855644">
        <ele>251.943651</ele>
        <time>2026-05-01T01:54:45.124Z</time>
      </trkpt>
      <trkpt lat="50.921955" lon="12.857630">
        <ele>253.474568</ele>
        <time>2026-05-01T01:55:21.583Z</time>
      </trkpt>
      <trkpt lat="50.921617" lon="12.857847">
        <ele>253.885731</ele>
        <time>2026-05-01T01:55:27.032Z</time>
      </trkpt>
      <trkpt lat="50.921370" lon="12.857940">
        <ele>254.171989</ele>
        <time>2026-05-01T01:55:30.964Z</time>
      </trkpt>
      <trkpt lat="50.921158" lon="12.857971">
        <ele>254.412056</ele>
        <time>2026-05-01T01:55:34.364Z</time>
      </trkpt>
      <trkpt lat="50.919823" lon="12.857904">
        <ele>255.750499</ele>
        <time>2026-05-01T01:55:56.271Z</time>
      </trkpt>
      <trkpt lat="50.919389" lon="12.857712">
        <ele>256.109461</ele>
        <time>2026-05-01T01:56:02.726Z</time>
      </trkpt>
      <trkpt lat="50.919264" lon="12.857614">
        <ele>256.220548</ele>
        <time>2026-05-01T01:56:04.622Z</time>
      </trkpt>
      <trkpt lat="50.919190" lon="12.857473">
        <ele>256.312694</ele>
        <time>2026-05-01T01:56:06.139Z</time>
      </trkpt>
      <trkpt lat="50.918810" lon="12.856936">
        <ele>256.718154</ele>
        <time>2026-05-01T01:56:12.843Z</time>
      </trkpt>
      <trkpt lat="50.918545" lon="12.856592">
        <ele>257.045540</ele>
        <time>2026-05-01T01:56:17.392Z</time>
      </trkpt>
      <trkpt lat="50.918323" lon="12.856374">
        <ele>257.307316</ele>
        <time>2026-05-01T01:56:20.663Z</time>
      </trkpt>
      <trkpt lat="50.917942" lon="12.856122">
        <ele>257.721185</ele>
        <time>2026-05-01T01:56:25.916Z</time>
      </trkpt>
      <trkpt lat="50.917658" lon="12.856024">
        <ele>258.012583</ele>
        <time>2026-05-01T01:56:30.166Z</time>
      </trkpt>
      <trkpt lat="50.917341" lon="12.855982">
        <ele>258.331514</ele>
        <time>2026-05-01T01:56:35.508Z</time>
      </trkpt>
      <trkpt lat="50.916854" lon="12.856079">
        <ele>259.263531</ele>
        <time>2026-05-01T01:56:44.966Z</time>
      </trkpt>
      <trkpt lat="50.916514" lon="12.856277">
        <ele>260.290896</ele>
        <time>2026-05-01T01:56:52.569Z</time>
      </trkpt>
      <trkpt lat="50.916324" lon="12.856431">
        <ele>260.896124</ele>
        <time>2026-05-01T01:56:57.187Z</time>
      </trkpt>
      <trkpt lat="50.916079" lon="12.856696">
        <ele>261.737276</ele>
        <time>2026-05-01T01:57:03.642Z</time>
      </trkpt>
      <trkpt lat="50.915797" lon="12.857157">
        <ele>262.885971</ele>
        <time>2026-05-01T01:57:12.537Z</time>
      </trkpt>
      <trkpt lat="50.915596" lon="12.857610">
        <ele>263.843922</ele>
        <time>2026-05-01T01:57:20.279Z</time>
      </trkpt>
      <trkpt lat="50.915485" lon="12.857963">
        <ele>264.429044</ele>
        <time>2026-05-01T01:57:25.668Z</time>
      </trkpt>
      <trkpt lat="50.915398" lon="12.858362">
        <ele>265.055284</ele>
        <time>2026-05-01T01:57:31.225Z</time>
      </trkpt>
      <trkpt lat="50.915338" lon="12.858971">
        <ele>265.969589</ele>
        <time>2026-05-01T01:57:38.566Z</time>
      </trkpt>
      <trkpt lat="50.915337" lon="12.859358">
        <ele>266.543639</ele>
        <time>2026-05-01T01:57:43.737Z</time>
      </trkpt>
      <trkpt lat="50.915369" lon="12.859796">
        <ele>267.197680</ele>
        <time>2026-05-01T01:57:49.239Z</time>
      </trkpt>
      <trkpt lat="50.915411" lon="12.860103">
        <ele>267.663657</ele>
        <time>2026-05-01T01:57:53.551Z</time>
      </trkpt>
      <trkpt lat="50.915506" lon="12.860569">
        <ele>268.502400</ele>
        <time>2026-05-01T01:57:59.846Z</time>
      </trkpt>
      <trkpt lat="50.915737" lon="12.861432">
        <ele>270.222941</ele>
        <time>2026-05-01T01:58:12.779Z</time>
      </trkpt>
      <trkpt lat="50.915847" lon="12.861875">
        <ele>271.096680</ele>
        <time>2026-05-01T01:58:19.330Z</time>
      </trkpt>
      <trkpt lat="50.915907" lon="12.862244">
        <ele>271.795998</ele>
        <time>2026-05-01T01:58:24.594Z</time>
      </trkpt>
      <trkpt lat="50.915940" lon="12.862621">
        <ele>272.494474</ele>
        <time>2026-05-01T01:58:29.760Z</time>
      </trkpt>
      <trkpt lat="50.915939" lon="12.863208">
        <ele>273.461159</ele>
        <time>2026-05-01T01:58:38.184Z</time>
      </trkpt>
      <trkpt lat="50.915893" lon="12.863701">
        <ele>274.134771</ele>
        <time>2026-05-01T01:58:44.986Z</time>
      </trkpt>
      <trkpt lat="50.915773" lon="12.864284">
        <ele>274.963705</ele>
        <time>2026-05-01T01:58:52.408Z</time>
      </trkpt>
      <trkpt lat="50.915681" lon="12.864624">
        <ele>275.463800</ele>
        <time>2026-05-01T01:58:56.723Z</time>
      </trkpt>
      <trkpt lat="50.915581" lon="12.864879">
        <ele>275.869704</ele>
        <time>2026-05-01T01:59:00.058Z</time>
      </trkpt>
      <trkpt lat="50.915473" lon="12.865138">
        <ele>276.289422</ele>
        <time>2026-05-01T01:59:03.436Z</time>
      </trkpt>
      <trkpt lat="50.915042" lon="12.865889">
        <ele>276.735419</ele>
        <time>2026-05-01T01:59:13.745Z</time>
      </trkpt>
      <trkpt lat="50.914769" lon="12.866458">
        <ele>276.332180</ele>
        <time>2026-05-01T01:59:19.866Z</time>
      </trkpt>
      <trkpt lat="50.914664" lon="12.866803">
        <ele>276.116131</ele>
        <time>2026-05-01T01:59:22.476Z</time>
      </trkpt>
      <trkpt lat="50.914561" lon="12.867233">
        <ele>275.856718</ele>
        <time>2026-05-01T01:59:25.131Z</time>
      </trkpt>
      <trkpt lat="50.914523" lon="12.867628">
        <ele>275.631376</ele>
        <time>2026-05-01T01:59:27.230Z</time>
      </trkpt>
      <trkpt lat="50.914513" lon="12.868041">
        <ele>275.395191</ele>
        <time>2026-05-01T01:59:29.318Z</time>
      </trkpt>
      <trkpt lat="50.914539" lon="12.868467">
        <ele>274.452904</ele>
        <time>2026-05-01T01:59:31.426Z</time>
      </trkpt>
      <trkpt lat="50.914618" lon="12.868974">
        <ele>273.303085</ele>
        <time>2026-05-01T01:59:33.980Z</time>
      </trkpt>
      <trkpt lat="50.914767" lon="12.869482">
        <ele>272.069546</ele>
        <time>2026-05-01T01:59:36.729Z</time>
      </trkpt>
      <trkpt lat="50.915050" lon="12.870150">
        <ele>270.297667</ele>
        <time>2026-05-01T01:59:40.712Z</time>
      </trkpt>
      <trkpt lat="50.916388" lon="12.872392">
        <ele>265.604568</ele>
        <time>2026-05-01T01:59:57.283Z</time>
      </trkpt>
      <trkpt lat="50.916632" lon="12.872824">
        <ele>265.177201</ele>
        <time>2026-05-01T02:00:00.840Z</time>
      </trkpt>
      <trkpt lat="50.916801" lon="12.873186">
        <ele>265.157250</ele>
        <time>2026-05-01T02:00:03.820Z</time>
      </trkpt>
      <trkpt lat="50.916952" lon="12.873597">
        <ele>265.136182</ele>
        <time>2026-05-01T02:00:07.306Z</time>
      </trkpt>
      <trkpt lat="50.917066" lon="12.874031">
        <ele>265.115358</ele>
        <time>2026-05-01T02:00:11.077Z</time>
      </trkpt>
      <trkpt lat="50.917173" lon="12.874600">
        <ele>265.089060</ele>
        <time>2026-05-01T02:00:16.000Z</time>
      </trkpt>
      <trkpt lat="50.917228" lon="12.875433">
        <ele>265.342572</ele>
        <time>2026-05-01T02:00:23.293Z</time>
      </trkpt>
      <trkpt lat="50.917231" lon="12.875764">
        <ele>265.707688</ele>
        <time>2026-05-01T02:00:26.232Z</time>
      </trkpt>
      <trkpt lat="50.917176" lon="12.876387">
        <ele>266.401534</ele>
        <time>2026-05-01T02:00:32.288Z</time>
      </trkpt>
      <trkpt lat="50.916973" lon="12.877459">
        <ele>267.636092</ele>
        <time>2026-05-01T02:00:44.668Z</time>
      </trkpt>
      <trkpt lat="50.916099" lon="12.881778">
        <ele>275.349277</ele>
        <time>2026-05-01T02:01:50.551Z</time>
      </trkpt>
      <trkpt lat="50.915103" lon="12.885791">
        <ele>276.198129</ele>
        <time>2026-05-01T02:02:22.542Z</time>
      </trkpt>
      <trkpt lat="50.914541" lon="12.888691">
        <ele>273.229860</ele>
        <time>2026-05-01T02:02:39.095Z</time>
      </trkpt>
      <trkpt lat="50.914372" lon="12.889579">
        <ele>273.694090</ele>
        <time>2026-05-01T02:02:46.524Z</time>
      </trkpt>
      <trkpt lat="50.914310" lon="12.889907">
        <ele>273.894917</ele>
        <time>2026-05-01T02:02:49.924Z</time>
      </trkpt>
      <trkpt lat="50.913839" lon="12.892361">
        <ele>275.250717</ele>
        <time>2026-05-01T02:03:18.175Z</time>
      </trkpt>
      <trkpt lat="50.913567" lon="12.893780">
        <ele>275.884323</ele>
        <time>2026-05-01T02:03:31.196Z</time>
      </trkpt>
      <trkpt lat="50.913345" lon="12.894620">
        <ele>275.802768</ele>
        <time>2026-05-01T02:03:37.012Z</time>
      </trkpt>
      <trkpt lat="50.913176" lon="12.895043">
        <ele>275.519916</ele>
        <time>2026-05-01T02:03:39.903Z</time>
      </trkpt>
      <trkpt lat="50.912989" lon="12.895384">
        <ele>275.264647</ele>
        <time>2026-05-01T02:03:42.492Z</time>
      </trkpt>
      <trkpt lat="50.912761" lon="12.895682">
        <ele>274.999975</ele>
        <time>2026-05-01T02:03:45.185Z</time>
      </trkpt>
      <trkpt lat="50.912382" lon="12.896062">
        <ele>274.598294</ele>
        <time>2026-05-01T02:03:49.527Z</time>
      </trkpt>
      <trkpt lat="50.912349" lon="12.895968">
        <ele>274.537524</ele>
        <time>2026-05-01T02:03:50.325Z</time>
      </trkpt>
      <trkpt lat="50.912275" lon="12.895926">
        <ele>274.467114</ele>
        <time>2026-05-01T02:03:51.141Z</time>
      </trkpt>
      <trkpt lat="50.912175" lon="12.895934">
        <ele>274.534031</ele>
        <time>2026-05-01T02:03:52.382Z</time>
      </trkpt>
      <trkpt lat="50.911844" lon="12.896159">
        <ele>274.827456</ele>
        <time>2026-05-01T02:03:57.415Z</time>
      </trkpt>
      <trkpt lat="50.911594" lon="12.896241">
        <ele>275.035465</ele>
        <time>2026-05-01T02:04:01.856Z</time>
      </trkpt>
      <trkpt lat="50.910358" lon="12.896458">
        <ele>275.672125</ele>
        <time>2026-05-01T02:04:22.376Z</time>
      </trkpt>
      <trkpt lat="50.910333" lon="12.896433">
        <ele>275.622922</ele>
        <time>2026-05-01T02:04:22.719Z</time>
      </trkpt>
      <trkpt lat="50.910384" lon="12.896642">
        <ele>275.387675</ele>
        <time>2026-05-01T02:04:24.320Z</time>
      </trkpt>
      <trkpt lat="50.908352" lon="12.897016">
        <ele>272.075952</ele>
        <time>2026-05-01T02:04:41.624Z</time>
      </trkpt>
      <trkpt lat="50.908181" lon="12.897033">
        <ele>271.818939</ele>
        <time>2026-05-01T02:04:43.107Z</time>
      </trkpt>
      <trkpt lat="50.907797" lon="12.896997">
        <ele>271.241912</ele>
        <time>2026-05-01T02:04:46.598Z</time>
      </trkpt>
      <trkpt lat="50.907428" lon="12.896866">
        <ele>270.674691</ele>
        <time>2026-05-01T02:04:50.323Z</time>
      </trkpt>
      <trkpt lat="50.907145" lon="12.896687">
        <ele>270.254631</ele>
        <time>2026-05-01T02:04:53.641Z</time>
      </trkpt>
      <trkpt lat="50.906403" lon="12.895958">
        <ele>272.204319</ele>
        <time>2026-05-01T02:05:04.971Z</time>
      </trkpt>
      <trkpt lat="50.905743" lon="12.895342">
        <ele>273.914930</ele>
        <time>2026-05-01T02:05:22.047Z</time>
      </trkpt>
      <trkpt lat="50.905316" lon="12.895176">
        <ele>275.096386</ele>
        <time>2026-05-01T02:05:36.656Z</time>
      </trkpt>
      <trkpt lat="50.905127" lon="12.895151">
        <ele>275.650628</ele>
        <time>2026-05-01T02:05:42.980Z</time>
      </trkpt>
      <trkpt lat="50.904558" lon="12.895179">
        <ele>277.314245</ele>
        <time>2026-05-01T02:05:59.229Z</time>
      </trkpt>
      <trkpt lat="50.904340" lon="12.895187">
        <ele>277.951488</ele>
        <time>2026-05-01T02:06:04.400Z</time>
      </trkpt>
      <trkpt lat="50.903237" lon="12.895274">
        <ele>278.311218</ele>
        <time>2026-05-01T02:06:14.319Z</time>
      </trkpt>
      <trkpt lat="50.903055" lon="12.895282">
        <ele>277.930996</ele>
        <time>2026-05-01T02:06:15.666Z</time>
      </trkpt>
      <trkpt lat="50.902667" lon="12.895308">
        <ele>277.120001</ele>
        <time>2026-05-01T02:06:18.676Z</time>
      </trkpt>
      <trkpt lat="50.902346" lon="12.895340">
        <ele>276.448324</ele>
        <time>2026-05-01T02:06:21.388Z</time>
      </trkpt>
      <trkpt lat="50.902140" lon="12.895362">
        <ele>276.017154</ele>
        <time>2026-05-01T02:06:23.313Z</time>
      </trkpt>
      <trkpt lat="50.900841" lon="12.895901">
        <ele>276.242601</ele>
        <time>2026-05-01T02:06:43.976Z</time>
      </trkpt>
      <trkpt lat="50.900552" lon="12.895964">
        <ele>276.360832</ele>
        <time>2026-05-01T02:06:47.910Z</time>
      </trkpt>
      <trkpt lat="50.900295" lon="12.895998">
        <ele>276.465354</ele>
        <time>2026-05-01T02:06:50.987Z</time>
      </trkpt>
      <trkpt lat="50.899734" lon="12.895966">
        <ele>276.307089</ele>
        <time>2026-05-01T02:06:56.876Z</time>
      </trkpt>
      <trkpt lat="50.899257" lon="12.895830">
        <ele>276.148897</ele>
        <time>2026-05-01T02:07:01.750Z</time>
      </trkpt>
      <trkpt lat="50.898966" lon="12.895686">
        <ele>276.049395</ele>
        <time>2026-05-01T02:07:04.911Z</time>
      </trkpt>
      <trkpt lat="50.897341" lon="12.894550">
        <ele>276.084290</ele>
        <time>2026-05-01T02:07:26.487Z</time>
      </trkpt>
      <trkpt lat="50.896463" lon="12.893881">
        <ele>276.300277</ele>
        <time>2026-05-01T02:07:39.141Z</time>
      </trkpt>
      <trkpt lat="50.896073" lon="12.893497">
        <ele>276.438185</ele>
        <time>2026-05-01T02:07:44.887Z</time>
      </trkpt>
      <trkpt lat="50.895817" lon="12.893182">
        <ele>276.535529</ele>
        <time>2026-05-01T02:07:48.943Z</time>
      </trkpt>
      <trkpt lat="50.895267" lon="12.892388">
        <ele>276.809086</ele>
        <time>2026-05-01T02:07:58.634Z</time>
      </trkpt>
      <trkpt lat="50.894946" lon="12.891980">
        <ele>277.036869</ele>
        <time>2026-05-01T02:08:04.229Z</time>
      </trkpt>
      <trkpt lat="50.894698" lon="12.891755">
        <ele>277.195067</ele>
        <time>2026-05-01T02:08:08.187Z</time>
      </trkpt>
      <trkpt lat="50.894315" lon="12.891530">
        <ele>277.421205</ele>
        <time>2026-05-01T02:08:13.984Z</time>
      </trkpt>
      <trkpt lat="50.893678" lon="12.891346">
        <ele>277.713029</ele>
        <time>2026-05-01T02:08:23.011Z</time>
      </trkpt>
      <trkpt lat="50.893305" lon="12.891260">
        <ele>277.756746</ele>
        <time>2026-05-01T02:08:27.953Z</time>
      </trkpt>
      <trkpt lat="50.892622" lon="12.891097">
        <ele>277.836857</ele>
        <time>2026-05-01T02:08:36.242Z</time>
      </trkpt>
      <trkpt lat="50.891393" lon="12.890795">
        <ele>277.845181</ele>
        <time>2026-05-01T02:08:50.446Z</time>
      </trkpt>
      <trkpt lat="50.889540" lon="12.890362">
        <ele>278.094281</ele>
        <time>2026-05-01T02:09:12.327Z</time>
      </trkpt>
      <trkpt lat="50.888980" lon="12.890347">
        <ele>278.358926</ele>
        <time>2026-05-01T02:09:20.224Z</time>
      </trkpt>
      <trkpt lat="50.888838" lon="12.890372">
        <ele>278.426436</ele>
        <time>2026-05-01T02:09:22.334Z</time>
      </trkpt>
      <trkpt lat="50.888373" lon="12.890547">
        <ele>278.654121</ele>
        <time>2026-05-01T02:09:29.663Z</time>
      </trkpt>
      <trkpt lat="50.887055" lon="12.891274">
        <ele>279.334859</ele>
        <time>2026-05-01T02:09:48.991Z</time>
      </trkpt>
      <trkpt lat="50.886691" lon="12.891474">
        <ele>279.474736</ele>
        <time>2026-05-01T02:09:54.896Z</time>
      </trkpt>
      <trkpt lat="50.886219" lon="12.891603">
        <ele>279.486425</ele>
        <time>2026-05-01T02:10:02.444Z</time>
      </trkpt>
      <trkpt lat="50.885756" lon="12.891576">
        <ele>279.497732</ele>
        <time>2026-05-01T02:10:09.563Z</time>
      </trkpt>
      <trkpt lat="50.885150" lon="12.891477">
        <ele>279.512600</ele>
        <time>2026-05-01T02:10:19.811Z</time>
      </trkpt>
      <trkpt lat="50.884265" lon="12.891575">
        <ele>279.374059</ele>
        <time>2026-05-01T02:10:34.976Z</time>
      </trkpt>
      <trkpt lat="50.882888" lon="12.891484">
        <ele>278.885704</ele>
        <time>2026-05-01T02:10:55.639Z</time>
      </trkpt>
      <trkpt lat="50.882382" lon="12.891599">
        <ele>278.432062</ele>
        <time>2026-05-01T02:11:02.616Z</time>
      </trkpt>
      <trkpt lat="50.882224" lon="12.891679">
        <ele>278.284865</ele>
        <time>2026-05-01T02:11:04.196Z</time>
      </trkpt>
      <trkpt lat="50.881939" lon="12.891860">
        <ele>278.012394</ele>
        <time>2026-05-01T02:11:08.376Z</time>
      </trkpt>
      <trkpt lat="50.881594" lon="12.892200">
        <ele>277.651866</ele>
        <time>2026-05-01T02:11:13.951Z</time>
      </trkpt>
      <trkpt lat="50.881242" lon="12.892730">
        <ele>277.585274</ele>
        <time>2026-05-01T02:11:20.802Z</time>
      </trkpt>
      <trkpt lat="50.879341" lon="12.896364">
        <ele>278.234448</ele>
        <time>2026-05-01T02:12:12.522Z</time>
      </trkpt>
      <trkpt lat="50.876556" lon="12.901670">
        <ele>279.970064</ele>
        <time>2026-05-01T02:13:10.861Z</time>
      </trkpt>
      <trkpt lat="50.876213" lon="12.902038">
        <ele>279.936375</ele>
        <time>2026-05-01T02:13:15.557Z</time>
      </trkpt>
      <trkpt lat="50.876064" lon="12.902108">
        <ele>279.923735</ele>
        <time>2026-05-01T02:13:17.290Z</time>
      </trkpt>
      <trkpt lat="50.875662" lon="12.902037">
        <ele>279.890836</ele>
        <time>2026-05-01T02:13:21.590Z</time>
      </trkpt>
      <trkpt lat="50.875142" lon="12.902005">
        <ele>279.913371</ele>
        <time>2026-05-01T02:13:26.967Z</time>
      </trkpt>
      <trkpt lat="50.874875" lon="12.901937">
        <ele>279.966012</ele>
        <time>2026-05-01T02:13:29.944Z</time>
      </trkpt>
      <trkpt lat="50.874808" lon="12.901970">
        <ele>279.979670</ele>
        <time>2026-05-01T02:13:30.740Z</time>
      </trkpt>
      <trkpt lat="50.874707" lon="12.902055">
        <ele>280.001931</ele>
        <time>2026-05-01T02:13:32.057Z</time>
      </trkpt>
      <trkpt lat="50.874017" lon="12.902172">
        <ele>280.137012</ele>
        <time>2026-05-01T02:13:41.278Z</time>
      </trkpt>
      <trkpt lat="50.873517" lon="12.902325">
        <ele>280.232008</ele>
        <time>2026-05-01T02:13:48.784Z</time>
      </trkpt>
      <trkpt lat="50.872909" lon="12.902566">
        <ele>280.326609</ele>
        <time>2026-05-01T02:13:57.341Z</time>
      </trkpt>
      <trkpt lat="50.872850" lon="12.902589">
        <ele>280.335780</ele>
        <time>2026-05-01T02:13:58.162Z</time>
      </trkpt>
      <trkpt lat="50.872498" lon="12.902726">
        <ele>280.390491</ele>
        <time>2026-05-01T02:14:04.433Z</time>
      </trkpt>
      <trkpt lat="50.872372" lon="12.902713">
        <ele>280.409550</ele>
        <time>2026-05-01T02:14:05.966Z</time>
      </trkpt>
      <trkpt lat="50.872263" lon="12.902583">
        <ele>280.430142</ele>
        <time>2026-05-01T02:14:07.541Z</time>
      </trkpt>
      <trkpt lat="50.870850" lon="12.901726">
        <ele>280.073898</ele>
        <time>2026-05-01T02:14:23.037Z</time>
      </trkpt>
      <trkpt lat="50.870595" lon="12.901620">
        <ele>279.976260</ele>
        <time>2026-05-01T02:14:26.032Z</time>
      </trkpt>
      <trkpt lat="50.870169" lon="12.901574">
        <ele>279.831305</ele>
        <time>2026-05-01T02:14:31.150Z</time>
      </trkpt>
      <trkpt lat="50.869658" lon="12.901649">
        <ele>280.145468</ele>
        <time>2026-05-01T02:14:37.721Z</time>
      </trkpt>
      <trkpt lat="50.869501" lon="12.901729">
        <ele>280.246427</ele>
        <time>2026-05-01T02:14:39.920Z</time>
      </trkpt>
      <trkpt lat="50.869362" lon="12.901800">
        <ele>280.335832</ele>
        <time>2026-05-01T02:14:41.910Z</time>
      </trkpt>
      <trkpt lat="50.869100" lon="12.901984">
        <ele>280.511270</ele>
        <time>2026-05-01T02:14:45.981Z</time>
      </trkpt>
      <trkpt lat="50.868945" lon="12.902138">
        <ele>280.623268</ele>
        <time>2026-05-01T02:14:48.671Z</time>
      </trkpt>
      <trkpt lat="50.868712" lon="12.902394">
        <ele>280.796841</ele>
        <time>2026-05-01T02:14:52.925Z</time>
      </trkpt>
      <trkpt lat="50.868530" lon="12.902653">
        <ele>280.954993</ele>
        <time>2026-05-01T02:14:56.661Z</time>
      </trkpt>
      <trkpt lat="50.868294" lon="12.903096">
        <ele>281.262883</ele>
        <time>2026-05-01T02:15:02.202Z</time>
      </trkpt>
      <trkpt lat="50.867904" lon="12.903876">
        <ele>281.791390</ele>
        <time>2026-05-01T02:15:11.438Z</time>
      </trkpt>
      <trkpt lat="50.867603" lon="12.904248">
        <ele>282.112629</ele>
        <time>2026-05-01T02:15:16.859Z</time>
      </trkpt>
      <trkpt lat="50.867590" lon="12.904330">
        <ele>282.157532</ele>
        <time>2026-05-01T02:15:17.615Z</time>
      </trkpt>
      <trkpt lat="50.867583" lon="12.904643">
        <ele>282.323871</ele>
        <time>2026-05-01T02:15:20.374Z</time>
      </trkpt>
      <trkpt lat="50.867276" lon="12.905152">
        <ele>282.744299</ele>
        <time>2026-05-01T02:15:26.594Z</time>
      </trkpt>
      <trkpt lat="50.867207" lon="12.905250">
        <ele>282.836222</ele>
        <time>2026-05-01T02:15:27.909Z</time>
      </trkpt>
      <trkpt lat="50.867027" lon="12.905656">
        <ele>283.146864</ele>
        <time>2026-05-01T02:15:32.518Z</time>
      </trkpt>
      <trkpt lat="50.866614" lon="12.906223">
        <ele>283.688968</ele>
        <time>2026-05-01T02:15:41.040Z</time>
      </trkpt>
      <trkpt lat="50.866332" lon="12.906768">
        <ele>284.130208</ele>
        <time>2026-05-01T02:15:48.150Z</time>
      </trkpt>
      <trkpt lat="50.866129" lon="12.907396">
        <ele>284.373992</ele>
        <time>2026-05-01T02:15:54.921Z</time>
      </trkpt>
      <trkpt lat="50.866034" lon="12.907947">
        <ele>284.529259</ele>
        <time>2026-05-01T02:15:59.990Z</time>
      </trkpt>
      <trkpt lat="50.866002" lon="12.908583">
        <ele>284.702692</ele>
        <time>2026-05-01T02:16:05.168Z</time>
      </trkpt>
      <trkpt lat="50.866005" lon="12.908888">
        <ele>284.785610</ele>
        <time>2026-05-01T02:16:07.456Z</time>
      </trkpt>
      <trkpt lat="50.866047" lon="12.909348">
        <ele>284.911954</ele>
        <time>2026-05-01T02:16:10.753Z</time>
      </trkpt>
      <trkpt lat="50.866464" lon="12.911158">
        <ele>285.057904</ele>
        <time>2026-05-01T02:16:25.169Z</time>
      </trkpt>
      <trkpt lat="50.866457" lon="12.911437">
        <ele>285.068476</ele>
        <time>2026-05-01T02:16:27.429Z</time>
      </trkpt>
      <trkpt lat="50.866537" lon="12.911712">
        <ele>285.079941</ele>
        <time>2026-05-01T02:16:29.859Z</time>
      </trkpt>
      <trkpt lat="50.866643" lon="12.911959">
        <ele>285.091250</ele>
        <time>2026-05-01T02:16:32.226Z</time>
      </trkpt>
      <trkpt lat="50.866705" lon="12.912216">
        <ele>285.101667</ele>
        <time>2026-05-01T02:16:34.377Z</time>
      </trkpt>
      <trkpt lat="50.866702" lon="12.912659">
        <ele>285.049470</ele>
        <time>2026-05-01T02:16:37.749Z</time>
      </trkpt>
      <trkpt lat="50.866530" lon="12.913897">
        <ele>284.857168</ele>
        <time>2026-05-01T02:16:46.857Z</time>
      </trkpt>
      <trkpt lat="50.866522" lon="12.914222">
        <ele>284.807828</ele>
        <time>2026-05-01T02:16:49.023Z</time>
      </trkpt>
      <trkpt lat="50.866490" lon="12.914678">
        <ele>284.738226</ele>
        <time>2026-05-01T02:16:52.008Z</time>
      </trkpt>
      <trkpt lat="50.866409" lon="12.915184">
        <ele>284.691579</ele>
        <time>2026-05-01T02:16:55.464Z</time>
      </trkpt>
      <trkpt lat="50.866345" lon="12.915407">
        <ele>284.745347</ele>
        <time>2026-05-01T02:16:57.141Z</time>
      </trkpt>
      <trkpt lat="50.866194" lon="12.915787">
        <ele>284.843907</ele>
        <time>2026-05-01T02:17:00.383Z</time>
      </trkpt>
      <trkpt lat="50.866016" lon="12.916097">
        <ele>284.935894</ele>
        <time>2026-05-01T02:17:03.707Z</time>
      </trkpt>
      <trkpt lat="50.865759" lon="12.916396">
        <ele>285.046777</ele>
        <time>2026-05-01T02:17:08.009Z</time>
      </trkpt>
      <trkpt lat="50.865543" lon="12.916561">
        <ele>285.130170</ele>
        <time>2026-05-01T02:17:11.416Z</time>
      </trkpt>
      <trkpt lat="50.864944" lon="12.916877">
        <ele>285.363466</ele>
        <time>2026-05-01T02:17:20.736Z</time>
      </trkpt>
      <trkpt lat="50.864572" lon="12.917128">
        <ele>285.541318</ele>
        <time>2026-05-01T02:17:26.639Z</time>
      </trkpt>
      <trkpt lat="50.864376" lon="12.917202">
        <ele>285.629947</ele>
        <time>2026-05-01T02:17:29.500Z</time>
      </trkpt>
      <trkpt lat="50.864268" lon="12.917297">
        <ele>285.684283</ele>
        <time>2026-05-01T02:17:31.186Z</time>
      </trkpt>
      <trkpt lat="50.863903" lon="12.917674">
        <ele>285.875940</ele>
        <time>2026-05-01T02:17:36.813Z</time>
      </trkpt>
      <trkpt lat="50.861614" lon="12.919593">
        <ele>286.221362</ele>
        <time>2026-05-01T02:18:07.363Z</time>
      </trkpt>
      <trkpt lat="50.861105" lon="12.920121">
        <ele>286.398456</ele>
        <time>2026-05-01T02:18:15.310Z</time>
      </trkpt>
      <trkpt lat="50.860448" lon="12.921060">
        <ele>286.656758</ele>
        <time>2026-05-01T02:18:26.897Z</time>
      </trkpt>
      <trkpt lat="50.859896" lon="12.921982">
        <ele>287.359903</ele>
        <time>2026-05-01T02:18:37.259Z</time>
      </trkpt>
      <trkpt lat="50.859722" lon="12.922433">
        <ele>287.652377</ele>
        <time>2026-05-01T02:18:42.165Z</time>
      </trkpt>
      <trkpt lat="50.859633" lon="12.922591">
        <ele>287.769553</ele>
        <time>2026-05-01T02:18:44.244Z</time>
      </trkpt>
      <trkpt lat="50.859587" lon="12.922609">
        <ele>287.811088</ele>
        <time>2026-05-01T02:18:44.972Z</time>
      </trkpt>
      <trkpt lat="50.859532" lon="12.922546">
        <ele>287.870584</ele>
        <time>2026-05-01T02:18:46.078Z</time>
      </trkpt>
      <trkpt lat="50.859522" lon="12.922535">
        <ele>287.881256</ele>
        <time>2026-05-01T02:18:46.266Z</time>
      </trkpt>
      <trkpt lat="50.859480" lon="12.922594">
        <ele>287.930463</ele>
        <time>2026-05-01T02:18:47.187Z</time>
      </trkpt>
      <trkpt lat="50.859315" lon="12.922834">
        <ele>288.126821</ele>
        <time>2026-05-01T02:18:50.969Z</time>
      </trkpt>
      <trkpt lat="50.859299" lon="12.922894">
        <ele>288.162862</ele>
        <time>2026-05-01T02:18:51.690Z</time>
      </trkpt>
      <trkpt lat="50.859314" lon="12.923013">
        <ele>288.230009</ele>
        <time>2026-05-01T02:18:53.012Z</time>
      </trkpt>
      <trkpt lat="50.859301" lon="12.923097">
        <ele>288.294750</ele>
        <time>2026-05-01T02:18:53.990Z</time>
      </trkpt>
      <trkpt lat="50.859137" lon="12.923414">
        <ele>288.605670</ele>
        <time>2026-05-01T02:18:58.587Z</time>
      </trkpt>
      <trkpt lat="50.858610" lon="12.924227">
        <ele>289.489678</ele>
        <time>2026-05-01T02:19:11.473Z</time>
      </trkpt>
      <trkpt lat="50.858494" lon="12.924369">
        <ele>289.665852</ele>
        <time>2026-05-01T02:19:13.789Z</time>
      </trkpt>
      <trkpt lat="50.858179" lon="12.924564">
        <ele>290.072284</ele>
        <time>2026-05-01T02:19:18.682Z</time>
      </trkpt>
      <trkpt lat="50.857805" lon="12.924854">
        <ele>290.342818</ele>
        <time>2026-05-01T02:19:23.971Z</time>
      </trkpt>
      <trkpt lat="50.857556" lon="12.924974">
        <ele>290.253477</ele>
        <time>2026-05-01T02:19:26.924Z</time>
      </trkpt>
      <trkpt lat="50.857393" lon="12.924958">
        <ele>290.197418</ele>
        <time>2026-05-01T02:19:28.662Z</time>
      </trkpt>
      <trkpt lat="50.857317" lon="12.925048">
        <ele>290.164846</ele>
        <time>2026-05-01T02:19:29.650Z</time>
      </trkpt>
      <trkpt lat="50.857153" lon="12.925116">
        <ele>290.106655</ele>
        <time>2026-05-01T02:19:31.398Z</time>
      </trkpt>
      <trkpt lat="50.856599" lon="12.925518">
        <ele>289.897485</ele>
        <time>2026-05-01T02:19:37.660Z</time>
      </trkpt>
      <trkpt lat="50.856456" lon="12.925658">
        <ele>289.839781</ele>
        <time>2026-05-01T02:19:39.410Z</time>
      </trkpt>
      <trkpt lat="50.856062" lon="12.925918">
        <ele>289.789164</ele>
        <time>2026-05-01T02:19:43.970Z</time>
      </trkpt>
      <trkpt lat="50.855364" lon="12.926269">
        <ele>289.827479</ele>
        <time>2026-05-01T02:19:52.255Z</time>
      </trkpt>
      <trkpt lat="50.854936" lon="12.926340">
        <ele>289.849995</ele>
        <time>2026-05-01T02:19:57.754Z</time>
      </trkpt>
      <trkpt lat="50.854625" lon="12.926327">
        <ele>289.866272</ele>
        <time>2026-05-01T02:20:02.074Z</time>
      </trkpt>
      <trkpt lat="50.853792" lon="12.926092">
        <ele>290.164335</ele>
        <time>2026-05-01T02:20:13.902Z</time>
      </trkpt>
      <trkpt lat="50.853697" lon="12.926039">
        <ele>290.203078</ele>
        <time>2026-05-01T02:20:15.231Z</time>
      </trkpt>
      <trkpt lat="50.853671" lon="12.925978">
        <ele>290.220951</ele>
        <time>2026-05-01T02:20:15.815Z</time>
      </trkpt>
      <trkpt lat="50.853605" lon="12.925926">
        <ele>290.249306</ele>
        <time>2026-05-01T02:20:16.779Z</time>
      </trkpt>
      <trkpt lat="50.853279" lon="12.925864">
        <ele>290.375606</ele>
        <time>2026-05-01T02:20:20.948Z</time>
      </trkpt>
      <trkpt lat="50.852593" lon="12.925751">
        <ele>290.593551</ele>
        <time>2026-05-01T02:20:29.254Z</time>
      </trkpt>
      <trkpt lat="50.850439" lon="12.925208">
        <ele>291.220675</ele>
        <time>2026-05-01T02:20:56.298Z</time>
      </trkpt>
      <trkpt lat="50.850064" lon="12.925055">
        <ele>291.474245</ele>
        <time>2026-05-01T02:21:01.777Z</time>
      </trkpt>
      <trkpt lat="50.849679" lon="12.924839">
        <ele>291.741695</ele>
        <time>2026-05-01T02:21:07.732Z</time>
      </trkpt>
      <trkpt lat="50.849473" lon="12.924628">
        <ele>291.902334</ele>
        <time>2026-05-01T02:21:11.416Z</time>
      </trkpt>
      <trkpt lat="50.849341" lon="12.924432">
        <ele>292.020455</ele>
        <time>2026-05-01T02:21:14.226Z</time>
      </trkpt>
      <trkpt lat="50.849195" lon="12.924136">
        <ele>292.167030</ele>
        <time>2026-05-01T02:21:17.960Z</time>
      </trkpt>
      <trkpt lat="50.848947" lon="12.923505">
        <ele>292.457071</ele>
        <time>2026-05-01T02:21:25.287Z</time>
      </trkpt>
      <trkpt lat="50.848811" lon="12.923083">
        <ele>292.641957</ele>
        <time>2026-05-01T02:21:29.567Z</time>
      </trkpt>
      <trkpt lat="50.848781" lon="12.923114">
        <ele>292.664096</ele>
        <time>2026-05-01T02:21:30.247Z</time>
      </trkpt>
      <trkpt lat="50.848520" lon="12.923376">
        <ele>292.855080</ele>
        <time>2026-05-01T02:21:34.282Z</time>
      </trkpt>
      <trkpt lat="50.848481" lon="12.923416">
        <ele>292.883797</ele>
        <time>2026-05-01T02:21:35.053Z</time>
      </trkpt>
      <trkpt lat="50.848462" lon="12.923489">
        <ele>292.914609</ele>
        <time>2026-05-01T02:21:35.919Z</time>
      </trkpt>
      <trkpt lat="50.848366" lon="12.923778">
        <ele>293.042041</ele>
        <time>2026-05-01T02:21:38.698Z</time>
      </trkpt>
      <trkpt lat="50.847770" lon="12.923349">
        <ele>292.899242</ele>
        <time>2026-05-01T02:21:45.862Z</time>
      </trkpt>
      <trkpt lat="50.847607" lon="12.923228">
        <ele>292.820489</ele>
        <time>2026-05-01T02:21:47.642Z</time>
      </trkpt>
      <trkpt lat="50.847558" lon="12.923192">
        <ele>292.796859</ele>
        <time>2026-05-01T02:21:48.179Z</time>
      </trkpt>
      <trkpt lat="50.847457" lon="12.923117">
        <ele>292.748058</ele>
        <time>2026-05-01T02:21:49.271Z</time>
      </trkpt>
      <trkpt lat="50.846925" lon="12.922679">
        <ele>292.485753</ele>
        <time>2026-05-01T02:21:55.314Z</time>
      </trkpt>
      <trkpt lat="50.846295" lon="12.922613">
        <ele>292.444487</ele>
        <time>2026-05-01T02:22:02.436Z</time>
      </trkpt>
      <trkpt lat="50.845684" lon="12.922525">
        <ele>292.662213</ele>
        <time>2026-05-01T02:22:09.990Z</time>
      </trkpt>
      <trkpt lat="50.845651" lon="12.922464">
        <ele>292.680212</ele>
        <time>2026-05-01T02:22:10.880Z</time>
      </trkpt>
      <trkpt lat="50.845417" lon="12.922384">
        <ele>292.765167</ele>
        <time>2026-05-01T02:22:15.156Z</time>
      </trkpt>
      <trkpt lat="50.845371" lon="12.922389">
        <ele>292.781530</ele>
        <time>2026-05-01T02:22:15.788Z</time>
      </trkpt>
      <trkpt lat="50.845331" lon="12.922394">
        <ele>292.795769</ele>
        <time>2026-05-01T02:22:16.361Z</time>
      </trkpt>
      <trkpt lat="50.845232" lon="12.922412">
        <ele>292.831133</ele>
        <time>2026-05-01T02:22:18.210Z</time>
      </trkpt>
      <trkpt lat="50.845197" lon="12.922421">
        <ele>292.843716</ele>
        <time>2026-05-01T02:22:18.721Z</time>
      </trkpt>
      <trkpt lat="50.845164" lon="12.922429">
        <ele>292.855563</ele>
        <time>2026-05-01T02:22:19.216Z</time>
      </trkpt>
      <trkpt lat="50.845155" lon="12.922442">
        <ele>292.859886</ele>
        <time>2026-05-01T02:22:19.464Z</time>
      </trkpt>
      <trkpt lat="50.845072" lon="12.922490">
        <ele>292.891244</ele>
        <time>2026-05-01T02:22:21.145Z</time>
      </trkpt>
      <trkpt lat="50.844868" lon="12.922487">
        <ele>292.963642</ele>
        <time>2026-05-01T02:22:24.225Z</time>
      </trkpt>
      <trkpt lat="50.844306" lon="12.922414">
        <ele>293.492929</ele>
        <time>2026-05-01T02:22:32.838Z</time>
      </trkpt>
      <trkpt lat="50.843537" lon="12.922303">
        <ele>294.251432</ele>
        <time>2026-05-01T02:22:44.194Z</time>
      </trkpt>
      <trkpt lat="50.843110" lon="12.922325">
        <ele>294.671086</ele>
        <time>2026-05-01T02:22:51.101Z</time>
      </trkpt>
      <trkpt lat="50.842927" lon="12.923069">
        <ele>294.744326</ele>
        <time>2026-05-01T02:22:58.389Z</time>
      </trkpt>
      <trkpt lat="50.842839" lon="12.923432">
        <ele>294.744326</ele>
        <time>2026-05-01T02:23:02.685Z</time>
      </trkpt>
      <trkpt lat="50.842722" lon="12.923938">
        <ele>294.744326</ele>
        <time>2026-05-01T02:23:08.763Z</time>
      </trkpt>
      <trkpt lat="50.842499" lon="12.923800">
        <ele>294.744326</ele>
        <time>2026-05-01T02:23:30.689Z</time>
      </trkpt>
      <trkpt lat="50.841898" lon="12.923427">
        <ele>294.744326</ele>
        <time>2026-05-01T02:24:29.923Z</time>
      </trkpt>
      <trkpt lat="50.841755" lon="12.924020">
        <ele>294.744326</ele>
        <time>2026-05-01T02:24:36.884Z</time>
      </trkpt>
    </trkseg>
  </trk>
</gpx>