<?xml version='1.0' encoding='UTF-8'?>
<gpx version="1.1" creator="https://www.komoot.de" xmlns="http://www.topografix.com/GPX/1/1" xmlns:xsi="http://www.w3.org/2001/XMLSchema-instance" xsi:schemaLocation="http://www.topografix.com/GPX/1/1 http://www.topografix.com/GPX/1/1/gpx.xsd">
  <metadata>
    <name>Ice-Tour Sportliche Runde 145km 3 Eis-Stopps</name>
    <author>
      <link href="https://www.komoot.de">
        <text>komoot</text>
        <type>text/html</type>
      </link>
    </author>
  </metadata>
  <wpt lat="50.628324" lon="12.945230">
    <name>Achtung Abbiegung!</name>
    <sym>Skull and Crossbones</sym>
  </wpt>
  <wpt lat="50.643612" lon="12.966519">
    <name>Bäckerei Café Brünnly</name>
    <sym>Restaurant</sym>
  </wpt>
  <wpt lat="50.884989" lon="13.007845">
    <name>Eisdiele Schöne</name>
    <sym>Restaurant</sym>
  </wpt>
  <wpt lat="51.000377" lon="12.900070">
    <name>Klatt-Eis</name>
    <sym>Restaurant</sym>
  </wpt>
  <trk>
    <name>Ice-Tour Sportliche Runde 145km 3 Eis-Stopps</name>
    <trkseg>
      <trkpt lat="50.841715" lon="12.924188">
        <ele>295.027477</ele>
        <time>2026-04-30T19:47:52.647Z</time>
      </trkpt>
      <trkpt lat="50.841633" lon="12.924087">
        <ele>295.027477</ele>
        <time>2026-04-30T19:47:54.056Z</time>
      </trkpt>
      <trkpt lat="50.841070" lon="12.923748">
        <ele>295.027477</ele>
        <time>2026-04-30T19:48:01.907Z</time>
      </trkpt>
      <trkpt lat="50.840902" lon="12.923638">
        <ele>295.027477</ele>
        <time>2026-04-30T19:48:04.208Z</time>
      </trkpt>
      <trkpt lat="50.840917" lon="12.923580">
        <ele>295.003011</ele>
        <time>2026-04-30T19:48:04.562Z</time>
      </trkpt>
      <trkpt lat="50.841094" lon="12.922800">
        <ele>294.549849</ele>
        <time>2026-04-30T19:48:09.224Z</time>
      </trkpt>
      <trkpt lat="50.841229" lon="12.922252">
        <ele>294.228240</ele>
        <time>2026-04-30T19:48:12.674Z</time>
      </trkpt>
      <trkpt lat="50.841285" lon="12.922063">
        <ele>294.114096</ele>
        <time>2026-04-30T19:48:13.924Z</time>
      </trkpt>
      <trkpt lat="50.841334" lon="12.921893">
        <ele>294.011925</ele>
        <time>2026-04-30T19:48:15.073Z</time>
      </trkpt>
      <trkpt lat="50.841439" lon="12.921472">
        <ele>293.764443</ele>
        <time>2026-04-30T19:48:18.159Z</time>
      </trkpt>
      <trkpt lat="50.841456" lon="12.921361">
        <ele>293.701996</ele>
        <time>2026-04-30T19:48:19.045Z</time>
      </trkpt>
      <trkpt lat="50.841469" lon="12.920869">
        <ele>293.498724</ele>
        <time>2026-04-30T19:48:23.403Z</time>
      </trkpt>
      <trkpt lat="50.841466" lon="12.920731">
        <ele>293.556364</ele>
        <time>2026-04-30T19:48:24.673Z</time>
      </trkpt>
      <trkpt lat="50.841459" lon="12.920393">
        <ele>293.697535</ele>
        <time>2026-04-30T19:48:27.868Z</time>
      </trkpt>
      <trkpt lat="50.841012" lon="12.919665">
        <ele>294.121410</ele>
        <time>2026-04-30T19:48:37.761Z</time>
      </trkpt>
      <trkpt lat="50.840905" lon="12.919487">
        <ele>294.223999</ele>
        <time>2026-04-30T19:48:40.145Z</time>
      </trkpt>
      <trkpt lat="50.840825" lon="12.919351">
        <ele>294.301587</ele>
        <time>2026-04-30T19:48:41.897Z</time>
      </trkpt>
      <trkpt lat="50.840469" lon="12.918595">
        <ele>294.665733</ele>
        <time>2026-04-30T19:48:49.971Z</time>
      </trkpt>
      <trkpt lat="50.840337" lon="12.918324">
        <ele>294.691683</ele>
        <time>2026-04-30T19:48:52.259Z</time>
      </trkpt>
      <trkpt lat="50.840218" lon="12.918139">
        <ele>294.711706</ele>
        <time>2026-04-30T19:48:53.939Z</time>
      </trkpt>
      <trkpt lat="50.839857" lon="12.917558">
        <ele>294.773508</ele>
        <time>2026-04-30T19:48:59.548Z</time>
      </trkpt>
      <trkpt lat="50.839600" lon="12.917147">
        <ele>294.817364</ele>
        <time>2026-04-30T19:49:04.375Z</time>
      </trkpt>
      <trkpt lat="50.839488" lon="12.916952">
        <ele>294.837351</ele>
        <time>2026-04-30T19:49:06.557Z</time>
      </trkpt>
      <trkpt lat="50.839057" lon="12.916555">
        <ele>295.009072</ele>
        <time>2026-04-30T19:49:13.404Z</time>
      </trkpt>
      <trkpt lat="50.838957" lon="12.916471">
        <ele>295.091526</ele>
        <time>2026-04-30T19:49:14.877Z</time>
      </trkpt>
      <trkpt lat="50.838828" lon="12.916367">
        <ele>295.196968</ele>
        <time>2026-04-30T19:49:16.820Z</time>
      </trkpt>
      <trkpt lat="50.838420" lon="12.916039">
        <ele>295.530264</ele>
        <time>2026-04-30T19:49:22.906Z</time>
      </trkpt>
      <trkpt lat="50.838248" lon="12.915901">
        <ele>295.670714</ele>
        <time>2026-04-30T19:49:25.837Z</time>
      </trkpt>
      <trkpt lat="50.838046" lon="12.915735">
        <ele>295.836486</ele>
        <time>2026-04-30T19:49:29.368Z</time>
      </trkpt>
      <trkpt lat="50.837789" lon="12.915522">
        <ele>296.047778</ele>
        <time>2026-04-30T19:49:33.792Z</time>
      </trkpt>
      <trkpt lat="50.837753" lon="12.915491">
        <ele>296.077627</ele>
        <time>2026-04-30T19:49:34.370Z</time>
      </trkpt>
      <trkpt lat="50.837655" lon="12.915385">
        <ele>296.164075</ele>
        <time>2026-04-30T19:49:36.116Z</time>
      </trkpt>
      <trkpt lat="50.837596" lon="12.915323">
        <ele>296.220427</ele>
        <time>2026-04-30T19:49:37.169Z</time>
      </trkpt>
      <trkpt lat="50.837511" lon="12.915232">
        <ele>296.306913</ele>
        <time>2026-04-30T19:49:38.688Z</time>
      </trkpt>
      <trkpt lat="50.837337" lon="12.915070">
        <ele>296.477052</ele>
        <time>2026-04-30T19:49:41.573Z</time>
      </trkpt>
      <trkpt lat="50.837143" lon="12.914995">
        <ele>296.645379</ele>
        <time>2026-04-30T19:49:44.306Z</time>
      </trkpt>
      <trkpt lat="50.836461" lon="12.914940">
        <ele>297.220986</ele>
        <time>2026-04-30T19:49:54.026Z</time>
      </trkpt>
      <trkpt lat="50.835428" lon="12.914809">
        <ele>298.344378</ele>
        <time>2026-04-30T19:50:09.222Z</time>
      </trkpt>
      <trkpt lat="50.835027" lon="12.914758">
        <ele>298.899012</ele>
        <time>2026-04-30T19:50:15.255Z</time>
      </trkpt>
      <trkpt lat="50.834539" lon="12.914701">
        <ele>299.573640</ele>
        <time>2026-04-30T19:50:23.697Z</time>
      </trkpt>
      <trkpt lat="50.834443" lon="12.914690">
        <ele>299.706341</ele>
        <time>2026-04-30T19:50:25.438Z</time>
      </trkpt>
      <trkpt lat="50.833981" lon="12.914629">
        <ele>300.309952</ele>
        <time>2026-04-30T19:50:34.233Z</time>
      </trkpt>
      <trkpt lat="50.833922" lon="12.914621">
        <ele>300.373933</ele>
        <time>2026-04-30T19:50:35.391Z</time>
      </trkpt>
      <trkpt lat="50.833858" lon="12.914613">
        <ele>300.443298</ele>
        <time>2026-04-30T19:50:36.568Z</time>
      </trkpt>
      <trkpt lat="50.832682" lon="12.914434">
        <ele>301.719787</ele>
        <time>2026-04-30T19:50:55.564Z</time>
      </trkpt>
      <trkpt lat="50.832469" lon="12.914356">
        <ele>301.956002</ele>
        <time>2026-04-30T19:50:58.271Z</time>
      </trkpt>
      <trkpt lat="50.832071" lon="12.914129">
        <ele>301.804407</ele>
        <time>2026-04-30T19:51:03.240Z</time>
      </trkpt>
      <trkpt lat="50.832007" lon="12.914293">
        <ele>301.658465</ele>
        <time>2026-04-30T19:51:04.468Z</time>
      </trkpt>
      <trkpt lat="50.831944" lon="12.914449">
        <ele>301.518289</ele>
        <time>2026-04-30T19:51:06.096Z</time>
      </trkpt>
      <trkpt lat="50.831801" lon="12.914435">
        <ele>301.346561</ele>
        <time>2026-04-30T19:51:08.122Z</time>
      </trkpt>
      <trkpt lat="50.831415" lon="12.914644">
        <ele>300.857590</ele>
        <time>2026-04-30T19:51:13.576Z</time>
      </trkpt>
      <trkpt lat="50.831157" lon="12.914823">
        <ele>300.519960</ele>
        <time>2026-04-30T19:51:15.958Z</time>
      </trkpt>
      <trkpt lat="50.830624" lon="12.915235">
        <ele>299.862780</ele>
        <time>2026-04-30T19:51:21.171Z</time>
      </trkpt>
      <trkpt lat="50.830463" lon="12.915445">
        <ele>299.696950</ele>
        <time>2026-04-30T19:51:23.124Z</time>
      </trkpt>
      <trkpt lat="50.830331" lon="12.915631">
        <ele>299.556474</ele>
        <time>2026-04-30T19:51:24.731Z</time>
      </trkpt>
      <trkpt lat="50.830105" lon="12.915822">
        <ele>299.352818</ele>
        <time>2026-04-30T19:51:27.088Z</time>
      </trkpt>
      <trkpt lat="50.829920" lon="12.915953">
        <ele>299.191710</ele>
        <time>2026-04-30T19:51:29.197Z</time>
      </trkpt>
      <trkpt lat="50.829595" lon="12.915962">
        <ele>298.933308</ele>
        <time>2026-04-30T19:51:33.329Z</time>
      </trkpt>
      <trkpt lat="50.829571" lon="12.915922">
        <ele>298.905606</ele>
        <time>2026-04-30T19:51:33.887Z</time>
      </trkpt>
      <trkpt lat="50.829291" lon="12.915379">
        <ele>298.553633</ele>
        <time>2026-04-30T19:51:40.994Z</time>
      </trkpt>
      <trkpt lat="50.829236" lon="12.915276">
        <ele>298.537197</ele>
        <time>2026-04-30T19:51:42.284Z</time>
      </trkpt>
      <trkpt lat="50.829002" lon="12.914844">
        <ele>298.528577</ele>
        <time>2026-04-30T19:51:48.108Z</time>
      </trkpt>
      <trkpt lat="50.828873" lon="12.914601">
        <ele>298.523769</ele>
        <time>2026-04-30T19:51:51.218Z</time>
      </trkpt>
      <trkpt lat="50.828869" lon="12.914511">
        <ele>298.522402</ele>
        <time>2026-04-30T19:51:52.068Z</time>
      </trkpt>
      <trkpt lat="50.828724" lon="12.914240">
        <ele>298.517023</ele>
        <time>2026-04-30T19:51:55.704Z</time>
      </trkpt>
      <trkpt lat="50.828673" lon="12.914207">
        <ele>298.515702</ele>
        <time>2026-04-30T19:51:56.555Z</time>
      </trkpt>
      <trkpt lat="50.828386" lon="12.913659">
        <ele>298.504919</ele>
        <time>2026-04-30T19:52:03.903Z</time>
      </trkpt>
      <trkpt lat="50.828226" lon="12.913324">
        <ele>298.498557</ele>
        <time>2026-04-30T19:52:07.860Z</time>
      </trkpt>
      <trkpt lat="50.828088" lon="12.912965">
        <ele>298.583557</ele>
        <time>2026-04-30T19:52:12.117Z</time>
      </trkpt>
      <trkpt lat="50.828012" lon="12.912699">
        <ele>298.695622</ele>
        <time>2026-04-30T19:52:15.337Z</time>
      </trkpt>
      <trkpt lat="50.828007" lon="12.912657">
        <ele>298.712027</ele>
        <time>2026-04-30T19:52:15.821Z</time>
      </trkpt>
      <trkpt lat="50.828002" lon="12.912594">
        <ele>298.736400</ele>
        <time>2026-04-30T19:52:16.542Z</time>
      </trkpt>
      <trkpt lat="50.827998" lon="12.912513">
        <ele>298.767587</ele>
        <time>2026-04-30T19:52:17.486Z</time>
      </trkpt>
      <trkpt lat="50.827982" lon="12.912461">
        <ele>298.789790</ele>
        <time>2026-04-30T19:52:18.158Z</time>
      </trkpt>
      <trkpt lat="50.827931" lon="12.912293">
        <ele>298.861338</ele>
        <time>2026-04-30T19:52:20.360Z</time>
      </trkpt>
      <trkpt lat="50.827895" lon="12.912176">
        <ele>298.911294</ele>
        <time>2026-04-30T19:52:21.918Z</time>
      </trkpt>
      <trkpt lat="50.827881" lon="12.912148">
        <ele>298.925002</ele>
        <time>2026-04-30T19:52:22.353Z</time>
      </trkpt>
      <trkpt lat="50.827854" lon="12.912098">
        <ele>298.950252</ele>
        <time>2026-04-30T19:52:23.149Z</time>
      </trkpt>
      <trkpt lat="50.827818" lon="12.912028">
        <ele>298.984902</ele>
        <time>2026-04-30T19:52:24.287Z</time>
      </trkpt>
      <trkpt lat="50.827408" lon="12.910244">
        <ele>299.545653</ele>
        <time>2026-04-30T19:52:47.311Z</time>
      </trkpt>
      <trkpt lat="50.827212" lon="12.909342">
        <ele>299.419501</ele>
        <time>2026-04-30T19:52:56.945Z</time>
      </trkpt>
      <trkpt lat="50.827172" lon="12.909363">
        <ele>299.410678</ele>
        <time>2026-04-30T19:52:57.636Z</time>
      </trkpt>
      <trkpt lat="50.827186" lon="12.909428">
        <ele>299.401595</ele>
        <time>2026-04-30T19:53:00.647Z</time>
      </trkpt>
      <trkpt lat="50.827172" lon="12.909363">
        <ele>299.392513</ele>
        <time>2026-04-30T19:53:03.657Z</time>
      </trkpt>
      <trkpt lat="50.827212" lon="12.909342">
        <ele>299.383690</ele>
        <time>2026-04-30T19:53:04.266Z</time>
      </trkpt>
      <trkpt lat="50.827124" lon="12.908938">
        <ele>299.327173</ele>
        <time>2026-04-30T19:53:08.124Z</time>
      </trkpt>
      <trkpt lat="50.827041" lon="12.908541">
        <ele>299.271867</ele>
        <time>2026-04-30T19:53:11.857Z</time>
      </trkpt>
      <trkpt lat="50.826993" lon="12.908333">
        <ele>299.242581</ele>
        <time>2026-04-30T19:53:13.845Z</time>
      </trkpt>
      <trkpt lat="50.826951" lon="12.908150">
        <ele>299.216831</ele>
        <time>2026-04-30T19:53:15.615Z</time>
      </trkpt>
      <trkpt lat="50.826912" lon="12.907979">
        <ele>299.184901</ele>
        <time>2026-04-30T19:53:17.228Z</time>
      </trkpt>
      <trkpt lat="50.826814" lon="12.907551">
        <ele>299.100124</ele>
        <time>2026-04-30T19:53:21.361Z</time>
      </trkpt>
      <trkpt lat="50.826732" lon="12.907421">
        <ele>299.065913</ele>
        <time>2026-04-30T19:53:23.090Z</time>
      </trkpt>
      <trkpt lat="50.826680" lon="12.907194">
        <ele>299.020947</ele>
        <time>2026-04-30T19:53:24.783Z</time>
      </trkpt>
      <trkpt lat="50.826391" lon="12.906051">
        <ele>298.791678</ele>
        <time>2026-04-30T19:53:33.600Z</time>
      </trkpt>
      <trkpt lat="50.826149" lon="12.905156">
        <ele>298.747275</ele>
        <time>2026-04-30T19:53:40.966Z</time>
      </trkpt>
      <trkpt lat="50.826079" lon="12.904898">
        <ele>298.795133</ele>
        <time>2026-04-30T19:53:43.144Z</time>
      </trkpt>
      <trkpt lat="50.826005" lon="12.904619">
        <ele>298.846708</ele>
        <time>2026-04-30T19:53:46.334Z</time>
      </trkpt>
      <trkpt lat="50.825365" lon="12.902210">
        <ele>299.516746</ele>
        <time>2026-04-30T19:54:07.901Z</time>
      </trkpt>
      <trkpt lat="50.825104" lon="12.901222">
        <ele>300.027344</ele>
        <time>2026-04-30T19:54:18.022Z</time>
      </trkpt>
      <trkpt lat="50.825043" lon="12.901005">
        <ele>300.140589</ele>
        <time>2026-04-30T19:54:20.228Z</time>
      </trkpt>
      <trkpt lat="50.824989" lon="12.900825">
        <ele>300.235597</ele>
        <time>2026-04-30T19:54:22.027Z</time>
      </trkpt>
      <trkpt lat="50.824631" lon="12.899578">
        <ele>301.436478</ele>
        <time>2026-04-30T19:54:34.405Z</time>
      </trkpt>
      <trkpt lat="50.824518" lon="12.899184">
        <ele>301.953342</ele>
        <time>2026-04-30T19:54:38.685Z</time>
      </trkpt>
      <trkpt lat="50.824573" lon="12.899141">
        <ele>302.069335</ele>
        <time>2026-04-30T19:54:39.853Z</time>
      </trkpt>
      <trkpt lat="50.824549" lon="12.899051">
        <ele>302.186025</ele>
        <time>2026-04-30T19:54:41.113Z</time>
      </trkpt>
      <trkpt lat="50.824443" lon="12.898781">
        <ele>302.565749</ele>
        <time>2026-04-30T19:54:45.773Z</time>
      </trkpt>
      <trkpt lat="50.824284" lon="12.898565">
        <ele>302.961936</ele>
        <time>2026-04-30T19:54:51.055Z</time>
      </trkpt>
      <trkpt lat="50.824160" lon="12.898440">
        <ele>303.239915</ele>
        <time>2026-04-30T19:54:54.936Z</time>
      </trkpt>
      <trkpt lat="50.823746" lon="12.898169">
        <ele>304.111214</ele>
        <time>2026-04-30T19:55:06.584Z</time>
      </trkpt>
      <trkpt lat="50.823718" lon="12.898229">
        <ele>304.213680</ele>
        <time>2026-04-30T19:55:07.743Z</time>
      </trkpt>
      <trkpt lat="50.823544" lon="12.897956">
        <ele>304.746382</ele>
        <time>2026-04-30T19:55:14.074Z</time>
      </trkpt>
      <trkpt lat="50.823455" lon="12.897600">
        <ele>305.272290</ele>
        <time>2026-04-30T19:55:18.954Z</time>
      </trkpt>
      <trkpt lat="50.823423" lon="12.897480">
        <ele>305.451208</ele>
        <time>2026-04-30T19:55:20.637Z</time>
      </trkpt>
      <trkpt lat="50.823369" lon="12.897269">
        <ele>305.763923</ele>
        <time>2026-04-30T19:55:23.606Z</time>
      </trkpt>
      <trkpt lat="50.823359" lon="12.897231">
        <ele>305.820469</ele>
        <time>2026-04-30T19:55:24.107Z</time>
      </trkpt>
      <trkpt lat="50.823157" lon="12.896406">
        <ele>307.035851</ele>
        <time>2026-04-30T19:55:35.041Z</time>
      </trkpt>
      <trkpt lat="50.823146" lon="12.896363">
        <ele>307.099576</ele>
        <time>2026-04-30T19:55:35.535Z</time>
      </trkpt>
      <trkpt lat="50.823132" lon="12.896307">
        <ele>307.182304</ele>
        <time>2026-04-30T19:55:36.134Z</time>
      </trkpt>
      <trkpt lat="50.823055" lon="12.895984">
        <ele>307.656525</ele>
        <time>2026-04-30T19:55:39.331Z</time>
      </trkpt>
      <trkpt lat="50.822823" lon="12.895044">
        <ele>308.082939</ele>
        <time>2026-04-30T19:55:47.689Z</time>
      </trkpt>
      <trkpt lat="50.822769" lon="12.894759">
        <ele>308.166336</ele>
        <time>2026-04-30T19:55:50.262Z</time>
      </trkpt>
      <trkpt lat="50.822671" lon="12.894163">
        <ele>308.338954</ele>
        <time>2026-04-30T19:55:55.584Z</time>
      </trkpt>
      <trkpt lat="50.822553" lon="12.893497">
        <ele>308.532829</ele>
        <time>2026-04-30T19:56:01.035Z</time>
      </trkpt>
      <trkpt lat="50.822509" lon="12.893315">
        <ele>308.587450</ele>
        <time>2026-04-30T19:56:02.513Z</time>
      </trkpt>
      <trkpt lat="50.822254" lon="12.892319">
        <ele>308.777738</ele>
        <time>2026-04-30T19:56:10.399Z</time>
      </trkpt>
      <trkpt lat="50.822145" lon="12.891343">
        <ele>308.934097</ele>
        <time>2026-04-30T19:56:18.187Z</time>
      </trkpt>
      <trkpt lat="50.822079" lon="12.890811">
        <ele>309.019627</ele>
        <time>2026-04-30T19:56:22.833Z</time>
      </trkpt>
      <trkpt lat="50.821983" lon="12.890280">
        <ele>309.078351</ele>
        <time>2026-04-30T19:56:27.929Z</time>
      </trkpt>
      <trkpt lat="50.821852" lon="12.889321">
        <ele>309.039293</ele>
        <time>2026-04-30T19:56:36.052Z</time>
      </trkpt>
      <trkpt lat="50.821831" lon="12.889114">
        <ele>309.030947</ele>
        <time>2026-04-30T19:56:37.566Z</time>
      </trkpt>
      <trkpt lat="50.821818" lon="12.888989">
        <ele>309.025904</ele>
        <time>2026-04-30T19:56:38.452Z</time>
      </trkpt>
      <trkpt lat="50.821798" lon="12.888790">
        <ele>309.017882</ele>
        <time>2026-04-30T19:56:39.832Z</time>
      </trkpt>
      <trkpt lat="50.821714" lon="12.887941">
        <ele>308.983673</ele>
        <time>2026-04-30T19:56:45.533Z</time>
      </trkpt>
      <trkpt lat="50.821701" lon="12.887814">
        <ele>308.978551</ele>
        <time>2026-04-30T19:56:46.407Z</time>
      </trkpt>
      <trkpt lat="50.821676" lon="12.887573">
        <ele>308.984636</ele>
        <time>2026-04-30T19:56:48.047Z</time>
      </trkpt>
      <trkpt lat="50.821570" lon="12.886746">
        <ele>309.229700</ele>
        <time>2026-04-30T19:56:53.593Z</time>
      </trkpt>
      <trkpt lat="50.821339" lon="12.886087">
        <ele>309.448569</ele>
        <time>2026-04-30T19:56:58.957Z</time>
      </trkpt>
      <trkpt lat="50.821284" lon="12.885921">
        <ele>309.503005</ele>
        <time>2026-04-30T19:57:00.474Z</time>
      </trkpt>
      <trkpt lat="50.821155" lon="12.885458">
        <ele>309.649963</ele>
        <time>2026-04-30T19:57:05.506Z</time>
      </trkpt>
      <trkpt lat="50.821097" lon="12.884948">
        <ele>309.806444</ele>
        <time>2026-04-30T19:57:11.652Z</time>
      </trkpt>
      <trkpt lat="50.821038" lon="12.884379">
        <ele>310.322247</ele>
        <time>2026-04-30T19:57:18.787Z</time>
      </trkpt>
      <trkpt lat="50.821004" lon="12.884045">
        <ele>310.624878</ele>
        <time>2026-04-30T19:57:22.736Z</time>
      </trkpt>
      <trkpt lat="50.820962" lon="12.883611">
        <ele>311.017637</ele>
        <time>2026-04-30T19:57:27.442Z</time>
      </trkpt>
      <trkpt lat="50.820938" lon="12.883366">
        <ele>311.239418</ele>
        <time>2026-04-30T19:57:29.876Z</time>
      </trkpt>
      <trkpt lat="50.820914" lon="12.883106">
        <ele>311.474469</ele>
        <time>2026-04-30T19:57:32.421Z</time>
      </trkpt>
      <trkpt lat="50.820879" lon="12.882756">
        <ele>311.791457</ele>
        <time>2026-04-30T19:57:35.959Z</time>
      </trkpt>
      <trkpt lat="50.820843" lon="12.882390">
        <ele>312.122804</ele>
        <time>2026-04-30T19:57:39.687Z</time>
      </trkpt>
      <trkpt lat="50.820794" lon="12.881923">
        <ele>312.403459</ele>
        <time>2026-04-30T19:57:44.089Z</time>
      </trkpt>
      <trkpt lat="50.820767" lon="12.881683">
        <ele>312.467236</ele>
        <time>2026-04-30T19:57:46.146Z</time>
      </trkpt>
      <trkpt lat="50.820712" lon="12.881264">
        <ele>312.579198</ele>
        <time>2026-04-30T19:57:49.380Z</time>
      </trkpt>
      <trkpt lat="50.820438" lon="12.880097">
        <ele>312.904918</ele>
        <time>2026-04-30T19:57:59.044Z</time>
      </trkpt>
      <trkpt lat="50.820296" lon="12.879511">
        <ele>313.069121</ele>
        <time>2026-04-30T19:58:04.778Z</time>
      </trkpt>
      <trkpt lat="50.820270" lon="12.879380">
        <ele>313.125700</ele>
        <time>2026-04-30T19:58:05.870Z</time>
      </trkpt>
      <trkpt lat="50.820234" lon="12.879047">
        <ele>313.329937</ele>
        <time>2026-04-30T19:58:08.580Z</time>
      </trkpt>
      <trkpt lat="50.820215" lon="12.878041">
        <ele>313.938375</ele>
        <time>2026-04-30T19:58:16.884Z</time>
      </trkpt>
      <trkpt lat="50.820209" lon="12.877637">
        <ele>314.182676</ele>
        <time>2026-04-30T19:58:21.347Z</time>
      </trkpt>
      <trkpt lat="50.820073" lon="12.877270">
        <ele>314.439894</ele>
        <time>2026-04-30T19:58:26.141Z</time>
      </trkpt>
      <trkpt lat="50.819799" lon="12.876879">
        <ele>314.792909</ele>
        <time>2026-04-30T19:58:32.132Z</time>
      </trkpt>
      <trkpt lat="50.819571" lon="12.876513">
        <ele>314.783275</ele>
        <time>2026-04-30T19:58:37.082Z</time>
      </trkpt>
      <trkpt lat="50.819500" lon="12.876333">
        <ele>314.771389</ele>
        <time>2026-04-30T19:58:39.090Z</time>
      </trkpt>
      <trkpt lat="50.819444" lon="12.876095">
        <ele>314.757163</ele>
        <time>2026-04-30T19:58:41.608Z</time>
      </trkpt>
      <trkpt lat="50.819437" lon="12.876043">
        <ele>314.754185</ele>
        <time>2026-04-30T19:58:42.123Z</time>
      </trkpt>
      <trkpt lat="50.819259" lon="12.874688">
        <ele>314.676662</ele>
        <time>2026-04-30T19:58:51.823Z</time>
      </trkpt>
      <trkpt lat="50.819254" lon="12.874492">
        <ele>314.665675</ele>
        <time>2026-04-30T19:58:52.893Z</time>
      </trkpt>
      <trkpt lat="50.819278" lon="12.874287">
        <ele>314.653996</ele>
        <time>2026-04-30T19:58:54.020Z</time>
      </trkpt>
      <trkpt lat="50.819455" lon="12.873480">
        <ele>314.524761</ele>
        <time>2026-04-30T19:58:58.808Z</time>
      </trkpt>
      <trkpt lat="50.819460" lon="12.873222">
        <ele>314.484051</ele>
        <time>2026-04-30T19:59:00.340Z</time>
      </trkpt>
      <trkpt lat="50.819401" lon="12.872740">
        <ele>314.406618</ele>
        <time>2026-04-30T19:59:03.482Z</time>
      </trkpt>
      <trkpt lat="50.819226" lon="12.871624">
        <ele>314.225265</ele>
        <time>2026-04-30T19:59:12.984Z</time>
      </trkpt>
      <trkpt lat="50.819104" lon="12.870487">
        <ele>315.055698</ele>
        <time>2026-04-30T19:59:27.463Z</time>
      </trkpt>
      <trkpt lat="50.819083" lon="12.870081">
        <ele>315.401596</ele>
        <time>2026-04-30T19:59:32.471Z</time>
      </trkpt>
      <trkpt lat="50.819076" lon="12.869919">
        <ele>315.539476</ele>
        <time>2026-04-30T19:59:34.357Z</time>
      </trkpt>
      <trkpt lat="50.819062" lon="12.869613">
        <ele>315.799988</ele>
        <time>2026-04-30T19:59:37.744Z</time>
      </trkpt>
      <trkpt lat="50.819035" lon="12.869256">
        <ele>316.105290</ele>
        <time>2026-04-30T19:59:41.275Z</time>
      </trkpt>
      <trkpt lat="50.819034" lon="12.868993">
        <ele>316.328614</ele>
        <time>2026-04-30T19:59:43.567Z</time>
      </trkpt>
      <trkpt lat="50.819038" lon="12.868543">
        <ele>316.539165</ele>
        <time>2026-04-30T19:59:47.017Z</time>
      </trkpt>
      <trkpt lat="50.819130" lon="12.867821">
        <ele>315.989992</ele>
        <time>2026-04-30T19:59:51.700Z</time>
      </trkpt>
      <trkpt lat="50.819169" lon="12.867532">
        <ele>315.769649</ele>
        <time>2026-04-30T19:59:53.365Z</time>
      </trkpt>
      <trkpt lat="50.819219" lon="12.867161">
        <ele>315.486803</ele>
        <time>2026-04-30T19:59:55.457Z</time>
      </trkpt>
      <trkpt lat="50.819334" lon="12.865854">
        <ele>314.502886</ele>
        <time>2026-04-30T20:00:02.983Z</time>
      </trkpt>
      <trkpt lat="50.819347" lon="12.865706">
        <ele>314.457795</ele>
        <time>2026-04-30T20:00:03.869Z</time>
      </trkpt>
      <trkpt lat="50.819379" lon="12.865113">
        <ele>314.293874</ele>
        <time>2026-04-30T20:00:07.524Z</time>
      </trkpt>
      <trkpt lat="50.819412" lon="12.864621">
        <ele>314.157605</ele>
        <time>2026-04-30T20:00:10.846Z</time>
      </trkpt>
      <trkpt lat="50.819438" lon="12.864191">
        <ele>314.038632</ele>
        <time>2026-04-30T20:00:13.948Z</time>
      </trkpt>
      <trkpt lat="50.819440" lon="12.864140">
        <ele>314.024558</ele>
        <time>2026-04-30T20:00:14.351Z</time>
      </trkpt>
      <trkpt lat="50.819461" lon="12.863504">
        <ele>313.849150</ele>
        <time>2026-04-30T20:00:19.299Z</time>
      </trkpt>
      <trkpt lat="50.819463" lon="12.863112">
        <ele>313.741181</ele>
        <time>2026-04-30T20:00:22.243Z</time>
      </trkpt>
      <trkpt lat="50.819461" lon="12.863025">
        <ele>313.717203</ele>
        <time>2026-04-30T20:00:22.865Z</time>
      </trkpt>
      <trkpt lat="50.819428" lon="12.862475">
        <ele>313.797483</ele>
        <time>2026-04-30T20:00:27.028Z</time>
      </trkpt>
      <trkpt lat="50.819418" lon="12.862382">
        <ele>313.812453</ele>
        <time>2026-04-30T20:00:27.800Z</time>
      </trkpt>
      <trkpt lat="50.819391" lon="12.862111">
        <ele>313.855989</ele>
        <time>2026-04-30T20:00:30.018Z</time>
      </trkpt>
      <trkpt lat="50.819375" lon="12.861555">
        <ele>313.944311</ele>
        <time>2026-04-30T20:00:34.712Z</time>
      </trkpt>
      <trkpt lat="50.819399" lon="12.860839">
        <ele>314.058092</ele>
        <time>2026-04-30T20:00:40.407Z</time>
      </trkpt>
      <trkpt lat="50.819409" lon="12.860603">
        <ele>314.095626</ele>
        <time>2026-04-30T20:00:42.268Z</time>
      </trkpt>
      <trkpt lat="50.819431" lon="12.860133">
        <ele>314.185838</ele>
        <time>2026-04-30T20:00:45.936Z</time>
      </trkpt>
      <trkpt lat="50.819392" lon="12.859789">
        <ele>314.381206</ele>
        <time>2026-04-30T20:00:48.818Z</time>
      </trkpt>
      <trkpt lat="50.819291" lon="12.859251">
        <ele>314.694945</ele>
        <time>2026-04-30T20:00:53.796Z</time>
      </trkpt>
      <trkpt lat="50.819257" lon="12.859082">
        <ele>314.794090</ele>
        <time>2026-04-30T20:00:55.488Z</time>
      </trkpt>
      <trkpt lat="50.819137" lon="12.858479">
        <ele>315.147496</ele>
        <time>2026-04-30T20:01:01.804Z</time>
      </trkpt>
      <trkpt lat="50.819026" lon="12.857734">
        <ele>315.575378</ele>
        <time>2026-04-30T20:01:09.435Z</time>
      </trkpt>
      <trkpt lat="50.818962" lon="12.856919">
        <ele>315.947934</ele>
        <time>2026-04-30T20:01:17.245Z</time>
      </trkpt>
      <trkpt lat="50.818942" lon="12.856649">
        <ele>316.052714</ele>
        <time>2026-04-30T20:01:19.791Z</time>
      </trkpt>
      <trkpt lat="50.818875" lon="12.855740">
        <ele>316.405447</ele>
        <time>2026-04-30T20:01:28.124Z</time>
      </trkpt>
      <trkpt lat="50.818871" lon="12.855683">
        <ele>316.427551</ele>
        <time>2026-04-30T20:01:28.620Z</time>
      </trkpt>
      <trkpt lat="50.818855" lon="12.855532">
        <ele>316.486564</ele>
        <time>2026-04-30T20:01:29.893Z</time>
      </trkpt>
      <trkpt lat="50.818852" lon="12.855516">
        <ele>316.492997</ele>
        <time>2026-04-30T20:01:30.035Z</time>
      </trkpt>
      <trkpt lat="50.818605" lon="12.854160">
        <ele>316.992296</ele>
        <time>2026-04-30T20:01:40.859Z</time>
      </trkpt>
      <trkpt lat="50.818545" lon="12.853849">
        <ele>317.087199</ele>
        <time>2026-04-30T20:01:43.381Z</time>
      </trkpt>
      <trkpt lat="50.818422" lon="12.853236">
        <ele>317.274911</ele>
        <time>2026-04-30T20:01:48.439Z</time>
      </trkpt>
      <trkpt lat="50.818342" lon="12.852666">
        <ele>317.445323</ele>
        <time>2026-04-30T20:01:53.370Z</time>
      </trkpt>
      <trkpt lat="50.818323" lon="12.852531">
        <ele>317.485689</ele>
        <time>2026-04-30T20:01:54.633Z</time>
      </trkpt>
      <trkpt lat="50.818288" lon="12.852297">
        <ele>317.555871</ele>
        <time>2026-04-30T20:01:56.786Z</time>
      </trkpt>
      <trkpt lat="50.818250" lon="12.851979">
        <ele>317.650326</ele>
        <time>2026-04-30T20:01:59.840Z</time>
      </trkpt>
      <trkpt lat="50.818233" lon="12.851863">
        <ele>317.686186</ele>
        <time>2026-04-30T20:02:01.009Z</time>
      </trkpt>
      <trkpt lat="50.818148" lon="12.851475">
        <ele>317.925973</ele>
        <time>2026-04-30T20:02:05.033Z</time>
      </trkpt>
      <trkpt lat="50.817986" lon="12.851015">
        <ele>318.233480</ele>
        <time>2026-04-30T20:02:10.226Z</time>
      </trkpt>
      <trkpt lat="50.817738" lon="12.850219">
        <ele>318.751711</ele>
        <time>2026-04-30T20:02:18.943Z</time>
      </trkpt>
      <trkpt lat="50.817613" lon="12.849664">
        <ele>319.095757</ele>
        <time>2026-04-30T20:02:24.593Z</time>
      </trkpt>
      <trkpt lat="50.817487" lon="12.848689">
        <ele>319.502316</ele>
        <time>2026-04-30T20:02:32.919Z</time>
      </trkpt>
      <trkpt lat="50.817378" lon="12.847820">
        <ele>319.746479</ele>
        <time>2026-04-30T20:02:39.523Z</time>
      </trkpt>
      <trkpt lat="50.817325" lon="12.847499">
        <ele>319.837915</ele>
        <time>2026-04-30T20:02:42.150Z</time>
      </trkpt>
      <trkpt lat="50.817153" lon="12.846754">
        <ele>320.056510</ele>
        <time>2026-04-30T20:02:49.002Z</time>
      </trkpt>
      <trkpt lat="50.817107" lon="12.846590">
        <ele>320.105961</ele>
        <time>2026-04-30T20:02:50.609Z</time>
      </trkpt>
      <trkpt lat="50.817055" lon="12.846382">
        <ele>320.186794</ele>
        <time>2026-04-30T20:02:52.628Z</time>
      </trkpt>
      <trkpt lat="50.816946" lon="12.845856">
        <ele>320.419039</ele>
        <time>2026-04-30T20:02:57.767Z</time>
      </trkpt>
      <trkpt lat="50.816908" lon="12.845634">
        <ele>320.515534</ele>
        <time>2026-04-30T20:02:59.972Z</time>
      </trkpt>
      <trkpt lat="50.816762" lon="12.844759">
        <ele>320.895219</ele>
        <time>2026-04-30T20:03:08.936Z</time>
      </trkpt>
      <trkpt lat="50.816704" lon="12.844416">
        <ele>321.044187</ele>
        <time>2026-04-30T20:03:12.125Z</time>
      </trkpt>
      <trkpt lat="50.816682" lon="12.844284">
        <ele>321.101461</ele>
        <time>2026-04-30T20:03:13.248Z</time>
      </trkpt>
      <trkpt lat="50.816603" lon="12.843810">
        <ele>321.307127</ele>
        <time>2026-04-30T20:03:16.865Z</time>
      </trkpt>
      <trkpt lat="50.816517" lon="12.843292">
        <ele>321.272921</ele>
        <time>2026-04-30T20:03:20.583Z</time>
      </trkpt>
      <trkpt lat="50.816447" lon="12.842877">
        <ele>321.227272</ele>
        <time>2026-04-30T20:03:23.737Z</time>
      </trkpt>
      <trkpt lat="50.816393" lon="12.842559">
        <ele>321.192277</ele>
        <time>2026-04-30T20:03:26.107Z</time>
      </trkpt>
      <trkpt lat="50.816297" lon="12.842017">
        <ele>321.132454</ele>
        <time>2026-04-30T20:03:29.899Z</time>
      </trkpt>
      <trkpt lat="50.816138" lon="12.841180">
        <ele>321.039566</ele>
        <time>2026-04-30T20:03:35.685Z</time>
      </trkpt>
      <trkpt lat="50.815987" lon="12.840545">
        <ele>321.274875</ele>
        <time>2026-04-30T20:03:41.131Z</time>
      </trkpt>
      <trkpt lat="50.815897" lon="12.840270">
        <ele>321.425128</ele>
        <time>2026-04-30T20:03:43.939Z</time>
      </trkpt>
      <trkpt lat="50.815792" lon="12.839960">
        <ele>321.595774</ele>
        <time>2026-04-30T20:03:47.169Z</time>
      </trkpt>
      <trkpt lat="50.815735" lon="12.839797">
        <ele>321.686158</ele>
        <time>2026-04-30T20:03:48.792Z</time>
      </trkpt>
      <trkpt lat="50.815634" lon="12.839494">
        <ele>321.852364</ele>
        <time>2026-04-30T20:03:51.797Z</time>
      </trkpt>
      <trkpt lat="50.815266" lon="12.838361">
        <ele>322.536596</ele>
        <time>2026-04-30T20:04:04.296Z</time>
      </trkpt>
      <trkpt lat="50.815084" lon="12.837803">
        <ele>323.143959</ele>
        <time>2026-04-30T20:04:11.150Z</time>
      </trkpt>
      <trkpt lat="50.815074" lon="12.837771">
        <ele>323.178488</ele>
        <time>2026-04-30T20:04:11.539Z</time>
      </trkpt>
      <trkpt lat="50.815043" lon="12.837675">
        <ele>323.282763</ele>
        <time>2026-04-30T20:04:12.657Z</time>
      </trkpt>
      <trkpt lat="50.814548" lon="12.836593">
        <ele>324.574801</ele>
        <time>2026-04-30T20:04:26.944Z</time>
      </trkpt>
      <trkpt lat="50.814343" lon="12.836147">
        <ele>325.108246</ele>
        <time>2026-04-30T20:04:33.104Z</time>
      </trkpt>
      <trkpt lat="50.814219" lon="12.835684">
        <ele>325.420025</ele>
        <time>2026-04-30T20:04:38.510Z</time>
      </trkpt>
      <trkpt lat="50.814076" lon="12.835105">
        <ele>325.781303</ele>
        <time>2026-04-30T20:04:44.893Z</time>
      </trkpt>
      <trkpt lat="50.814068" lon="12.835066">
        <ele>325.805132</ele>
        <time>2026-04-30T20:04:45.293Z</time>
      </trkpt>
      <trkpt lat="50.814005" lon="12.834794">
        <ele>325.973491</ele>
        <time>2026-04-30T20:04:48.087Z</time>
      </trkpt>
      <trkpt lat="50.813721" lon="12.833578">
        <ele>326.726906</ele>
        <time>2026-04-30T20:04:59.726Z</time>
      </trkpt>
      <trkpt lat="50.813675" lon="12.833393">
        <ele>326.800221</ele>
        <time>2026-04-30T20:05:01.200Z</time>
      </trkpt>
      <trkpt lat="50.813599" lon="12.833081">
        <ele>326.729120</ele>
        <time>2026-04-30T20:05:03.505Z</time>
      </trkpt>
      <trkpt lat="50.813544" lon="12.832850">
        <ele>326.676629</ele>
        <time>2026-04-30T20:05:05.166Z</time>
      </trkpt>
      <trkpt lat="50.813521" lon="12.832753">
        <ele>326.654599</ele>
        <time>2026-04-30T20:05:05.875Z</time>
      </trkpt>
      <trkpt lat="50.813364" lon="12.832103">
        <ele>326.506631</ele>
        <time>2026-04-30T20:05:10.572Z</time>
      </trkpt>
      <trkpt lat="50.813318" lon="12.831971">
        <ele>326.474577</ele>
        <time>2026-04-30T20:05:11.610Z</time>
      </trkpt>
      <trkpt lat="50.812857" lon="12.830963">
        <ele>326.209983</ele>
        <time>2026-04-30T20:05:19.789Z</time>
      </trkpt>
      <trkpt lat="50.812810" lon="12.830853">
        <ele>326.195230</ele>
        <time>2026-04-30T20:05:20.691Z</time>
      </trkpt>
      <trkpt lat="50.812666" lon="12.830517">
        <ele>326.156435</ele>
        <time>2026-04-30T20:05:23.527Z</time>
      </trkpt>
      <trkpt lat="50.812568" lon="12.830246">
        <ele>326.126598</ele>
        <time>2026-04-30T20:05:25.784Z</time>
      </trkpt>
      <trkpt lat="50.812510" lon="12.830095">
        <ele>326.109713</ele>
        <time>2026-04-30T20:05:27.111Z</time>
      </trkpt>
      <trkpt lat="50.812300" lon="12.829502">
        <ele>326.044756</ele>
        <time>2026-04-30T20:05:32.499Z</time>
      </trkpt>
      <trkpt lat="50.812123" lon="12.828971">
        <ele>325.987388</ele>
        <time>2026-04-30T20:05:36.815Z</time>
      </trkpt>
      <trkpt lat="50.812049" lon="12.828554">
        <ele>325.946000</ele>
        <time>2026-04-30T20:05:39.774Z</time>
      </trkpt>
      <trkpt lat="50.812061" lon="12.828285">
        <ele>325.952767</ele>
        <time>2026-04-30T20:05:41.664Z</time>
      </trkpt>
      <trkpt lat="50.811945" lon="12.828358">
        <ele>325.977774</ele>
        <time>2026-04-30T20:05:43.073Z</time>
      </trkpt>
      <trkpt lat="50.811752" lon="12.828281">
        <ele>326.017645</ele>
        <time>2026-04-30T20:05:45.408Z</time>
      </trkpt>
      <trkpt lat="50.811613" lon="12.828037">
        <ele>326.059228</ele>
        <time>2026-04-30T20:05:47.883Z</time>
      </trkpt>
      <trkpt lat="50.811499" lon="12.827829">
        <ele>326.094080</ele>
        <time>2026-04-30T20:05:50.067Z</time>
      </trkpt>
      <trkpt lat="50.811398" lon="12.827645">
        <ele>326.124931</ele>
        <time>2026-04-30T20:05:52.072Z</time>
      </trkpt>
      <trkpt lat="50.811363" lon="12.827578">
        <ele>326.135934</ele>
        <time>2026-04-30T20:05:52.798Z</time>
      </trkpt>
      <trkpt lat="50.811268" lon="12.827381">
        <ele>326.167302</ele>
        <time>2026-04-30T20:05:54.836Z</time>
      </trkpt>
      <trkpt lat="50.811038" lon="12.826908">
        <ele>326.242848</ele>
        <time>2026-04-30T20:05:59.574Z</time>
      </trkpt>
      <trkpt lat="50.810870" lon="12.826688">
        <ele>326.286529</ele>
        <time>2026-04-30T20:06:02.451Z</time>
      </trkpt>
      <trkpt lat="50.810656" lon="12.826417">
        <ele>326.458065</ele>
        <time>2026-04-30T20:06:06.263Z</time>
      </trkpt>
      <trkpt lat="50.810369" lon="12.826052">
        <ele>326.715226</ele>
        <time>2026-04-30T20:06:11.518Z</time>
      </trkpt>
      <trkpt lat="50.809967" lon="12.825508">
        <ele>327.084656</ele>
        <time>2026-04-30T20:06:19.345Z</time>
      </trkpt>
      <trkpt lat="50.809832" lon="12.825305">
        <ele>327.214724</ele>
        <time>2026-04-30T20:06:22.136Z</time>
      </trkpt>
      <trkpt lat="50.809666" lon="12.825020">
        <ele>327.385792</ele>
        <time>2026-04-30T20:06:25.634Z</time>
      </trkpt>
      <trkpt lat="50.809398" lon="12.824594">
        <ele>327.818505</ele>
        <time>2026-04-30T20:06:30.575Z</time>
      </trkpt>
      <trkpt lat="50.809000" lon="12.824036">
        <ele>328.809680</ele>
        <time>2026-04-30T20:06:37.863Z</time>
      </trkpt>
      <trkpt lat="50.808770" lon="12.823592">
        <ele>329.485951</ele>
        <time>2026-04-30T20:06:44.188Z</time>
      </trkpt>
      <trkpt lat="50.808691" lon="12.823353">
        <ele>329.803665</ele>
        <time>2026-04-30T20:06:47.559Z</time>
      </trkpt>
      <trkpt lat="50.808623" lon="12.822958">
        <ele>330.285904</ele>
        <time>2026-04-30T20:06:53.014Z</time>
      </trkpt>
      <trkpt lat="50.808621" lon="12.822786">
        <ele>330.488542</ele>
        <time>2026-04-30T20:06:55.368Z</time>
      </trkpt>
      <trkpt lat="50.808681" lon="12.822498">
        <ele>330.845747</ele>
        <time>2026-04-30T20:06:59.454Z</time>
      </trkpt>
      <trkpt lat="50.808718" lon="12.822404">
        <ele>331.023927</ele>
        <time>2026-04-30T20:07:00.984Z</time>
      </trkpt>
      <trkpt lat="50.808901" lon="12.821921">
        <ele>332.123352</ele>
        <time>2026-04-30T20:07:09.192Z</time>
      </trkpt>
      <trkpt lat="50.808961" lon="12.821714">
        <ele>332.567946</ele>
        <time>2026-04-30T20:07:12.771Z</time>
      </trkpt>
      <trkpt lat="50.809000" lon="12.821444">
        <ele>333.108640</ele>
        <time>2026-04-30T20:07:17.056Z</time>
      </trkpt>
      <trkpt lat="50.809006" lon="12.821300">
        <ele>333.390369</ele>
        <time>2026-04-30T20:07:19.225Z</time>
      </trkpt>
      <trkpt lat="50.808964" lon="12.820915">
        <ele>334.153090</ele>
        <time>2026-04-30T20:07:24.840Z</time>
      </trkpt>
      <trkpt lat="50.808930" lon="12.820708">
        <ele>334.570627</ele>
        <time>2026-04-30T20:07:27.840Z</time>
      </trkpt>
      <trkpt lat="50.808986" lon="12.820660">
        <ele>334.767381</ele>
        <time>2026-04-30T20:07:29.222Z</time>
      </trkpt>
      <trkpt lat="50.808996" lon="12.820197">
        <ele>335.671784</ele>
        <time>2026-04-30T20:07:35.202Z</time>
      </trkpt>
      <trkpt lat="50.808953" lon="12.820112">
        <ele>335.884347</ele>
        <time>2026-04-30T20:07:36.553Z</time>
      </trkpt>
      <trkpt lat="50.808919" lon="12.820075">
        <ele>336.011825</ele>
        <time>2026-04-30T20:07:37.335Z</time>
      </trkpt>
      <trkpt lat="50.808866" lon="12.820015">
        <ele>336.213147</ele>
        <time>2026-04-30T20:07:38.617Z</time>
      </trkpt>
      <trkpt lat="50.808768" lon="12.820126">
        <ele>336.552586</ele>
        <time>2026-04-30T20:07:40.864Z</time>
      </trkpt>
      <trkpt lat="50.808728" lon="12.820122">
        <ele>336.643879</ele>
        <time>2026-04-30T20:07:41.648Z</time>
      </trkpt>
      <trkpt lat="50.808651" lon="12.819955">
        <ele>336.941436</ele>
        <time>2026-04-30T20:07:44.056Z</time>
      </trkpt>
      <trkpt lat="50.808611" lon="12.819744">
        <ele>337.258512</ele>
        <time>2026-04-30T20:07:46.642Z</time>
      </trkpt>
      <trkpt lat="50.808637" lon="12.819466">
        <ele>337.663012</ele>
        <time>2026-04-30T20:07:50.005Z</time>
      </trkpt>
      <trkpt lat="50.808788" lon="12.818786">
        <ele>338.700445</ele>
        <time>2026-04-30T20:07:58.337Z</time>
      </trkpt>
      <trkpt lat="50.808842" lon="12.818238">
        <ele>339.498742</ele>
        <time>2026-04-30T20:08:05.030Z</time>
      </trkpt>
      <trkpt lat="50.808822" lon="12.817719">
        <ele>340.247152</ele>
        <time>2026-04-30T20:08:11.712Z</time>
      </trkpt>
      <trkpt lat="50.808707" lon="12.817074">
        <ele>341.139913</ele>
        <time>2026-04-30T20:08:20.087Z</time>
      </trkpt>
      <trkpt lat="50.808677" lon="12.816967">
        <ele>341.289904</ele>
        <time>2026-04-30T20:08:21.496Z</time>
      </trkpt>
      <trkpt lat="50.807868" lon="12.814104">
        <ele>344.503642</ele>
        <time>2026-04-30T20:08:57.249Z</time>
      </trkpt>
      <trkpt lat="50.807678" lon="12.813455">
        <ele>344.752111</ele>
        <time>2026-04-30T20:09:03.307Z</time>
      </trkpt>
      <trkpt lat="50.807612" lon="12.813244">
        <ele>344.833896</ele>
        <time>2026-04-30T20:09:05.034Z</time>
      </trkpt>
      <trkpt lat="50.807575" lon="12.812985">
        <ele>344.926138</ele>
        <time>2026-04-30T20:09:06.965Z</time>
      </trkpt>
      <trkpt lat="50.807537" lon="12.812791">
        <ele>344.996694</ele>
        <time>2026-04-30T20:09:08.430Z</time>
      </trkpt>
      <trkpt lat="50.807516" lon="12.812744">
        <ele>345.016689</ele>
        <time>2026-04-30T20:09:08.831Z</time>
      </trkpt>
      <trkpt lat="50.807397" lon="12.812508">
        <ele>345.121572</ele>
        <time>2026-04-30T20:09:10.888Z</time>
      </trkpt>
      <trkpt lat="50.807335" lon="12.812410">
        <ele>345.169745</ele>
        <time>2026-04-30T20:09:11.806Z</time>
      </trkpt>
      <trkpt lat="50.807237" lon="12.812177">
        <ele>345.120711</ele>
        <time>2026-04-30T20:09:13.644Z</time>
      </trkpt>
      <trkpt lat="50.807176" lon="12.812034">
        <ele>345.062049</ele>
        <time>2026-04-30T20:09:14.754Z</time>
      </trkpt>
      <trkpt lat="50.807072" lon="12.811773">
        <ele>344.957138</ele>
        <time>2026-04-30T20:09:16.676Z</time>
      </trkpt>
      <trkpt lat="50.807009" lon="12.811531">
        <ele>344.868147</ele>
        <time>2026-04-30T20:09:18.276Z</time>
      </trkpt>
      <trkpt lat="50.806980" lon="12.811364">
        <ele>344.809260</ele>
        <time>2026-04-30T20:09:19.322Z</time>
      </trkpt>
      <trkpt lat="50.806930" lon="12.811071">
        <ele>344.706069</ele>
        <time>2026-04-30T20:09:21.148Z</time>
      </trkpt>
      <trkpt lat="50.806823" lon="12.810614">
        <ele>344.540361</ele>
        <time>2026-04-30T20:09:24.085Z</time>
      </trkpt>
      <trkpt lat="50.806288" lon="12.809003">
        <ele>344.982530</ele>
        <time>2026-04-30T20:09:38.241Z</time>
      </trkpt>
      <trkpt lat="50.806061" lon="12.808381">
        <ele>345.591392</ele>
        <time>2026-04-30T20:09:45.748Z</time>
      </trkpt>
      <trkpt lat="50.805929" lon="12.808027">
        <ele>345.939815</ele>
        <time>2026-04-30T20:09:50.482Z</time>
      </trkpt>
      <trkpt lat="50.805839" lon="12.807812">
        <ele>346.158424</ele>
        <time>2026-04-30T20:09:53.582Z</time>
      </trkpt>
      <trkpt lat="50.805805" lon="12.807730">
        <ele>346.241560</ele>
        <time>2026-04-30T20:09:54.764Z</time>
      </trkpt>
      <trkpt lat="50.805642" lon="12.807489">
        <ele>346.540793</ele>
        <time>2026-04-30T20:09:59.270Z</time>
      </trkpt>
      <trkpt lat="50.805527" lon="12.807379">
        <ele>346.758658</ele>
        <time>2026-04-30T20:10:01.923Z</time>
      </trkpt>
      <trkpt lat="50.805333" lon="12.807268">
        <ele>347.160650</ele>
        <time>2026-04-30T20:10:05.852Z</time>
      </trkpt>
      <trkpt lat="50.805059" lon="12.807191">
        <ele>347.702936</ele>
        <time>2026-04-30T20:10:11.024Z</time>
      </trkpt>
      <trkpt lat="50.804762" lon="12.807056">
        <ele>348.305090</ele>
        <time>2026-04-30T20:10:16.597Z</time>
      </trkpt>
      <trkpt lat="50.804311" lon="12.806739">
        <ele>349.266736</ele>
        <time>2026-04-30T20:10:25.302Z</time>
      </trkpt>
      <trkpt lat="50.803984" lon="12.806558">
        <ele>349.941806</ele>
        <time>2026-04-30T20:10:31.274Z</time>
      </trkpt>
      <trkpt lat="50.803866" lon="12.806498">
        <ele>350.167696</ele>
        <time>2026-04-30T20:10:33.514Z</time>
      </trkpt>
      <trkpt lat="50.803723" lon="12.806430">
        <ele>350.346183</ele>
        <time>2026-04-30T20:10:36.218Z</time>
      </trkpt>
      <trkpt lat="50.803098" lon="12.806177">
        <ele>351.117334</ele>
        <time>2026-04-30T20:10:47.594Z</time>
      </trkpt>
      <trkpt lat="50.802928" lon="12.806066">
        <ele>351.337165</ele>
        <time>2026-04-30T20:10:50.464Z</time>
      </trkpt>
      <trkpt lat="50.802791" lon="12.805935">
        <ele>351.528507</ele>
        <time>2026-04-30T20:10:52.958Z</time>
      </trkpt>
      <trkpt lat="50.802624" lon="12.805697">
        <ele>351.797164</ele>
        <time>2026-04-30T20:10:56.253Z</time>
      </trkpt>
      <trkpt lat="50.802279" lon="12.805181">
        <ele>352.360210</ele>
        <time>2026-04-30T20:11:02.419Z</time>
      </trkpt>
      <trkpt lat="50.802127" lon="12.804950">
        <ele>352.596595</ele>
        <time>2026-04-30T20:11:05.070Z</time>
      </trkpt>
      <trkpt lat="50.801950" lon="12.804680">
        <ele>352.872354</ele>
        <time>2026-04-30T20:11:08.174Z</time>
      </trkpt>
      <trkpt lat="50.801908" lon="12.804616">
        <ele>352.937755</ele>
        <time>2026-04-30T20:11:08.824Z</time>
      </trkpt>
      <trkpt lat="50.801840" lon="12.804512">
        <ele>353.043830</ele>
        <time>2026-04-30T20:11:10.058Z</time>
      </trkpt>
      <trkpt lat="50.801610" lon="12.804182">
        <ele>353.392068</ele>
        <time>2026-04-30T20:11:14.362Z</time>
      </trkpt>
      <trkpt lat="50.801070" lon="12.803491">
        <ele>354.171021</ele>
        <time>2026-04-30T20:11:27.058Z</time>
      </trkpt>
      <trkpt lat="50.800778" lon="12.803083">
        <ele>354.712484</ele>
        <time>2026-04-30T20:11:34.023Z</time>
      </trkpt>
      <trkpt lat="50.800524" lon="12.802623">
        <ele>355.297532</ele>
        <time>2026-04-30T20:11:41.084Z</time>
      </trkpt>
      <trkpt lat="50.800090" lon="12.801838">
        <ele>356.296476</ele>
        <time>2026-04-30T20:11:51.929Z</time>
      </trkpt>
      <trkpt lat="50.799940" lon="12.801585">
        <ele>356.628733</ele>
        <time>2026-04-30T20:11:55.050Z</time>
      </trkpt>
      <trkpt lat="50.799823" lon="12.801267">
        <ele>356.981166</ele>
        <time>2026-04-30T20:11:58.189Z</time>
      </trkpt>
      <trkpt lat="50.799775" lon="12.800786">
        <ele>357.588084</ele>
        <time>2026-04-30T20:12:02.735Z</time>
      </trkpt>
      <trkpt lat="50.799750" lon="12.800215">
        <ele>358.323464</ele>
        <time>2026-04-30T20:12:09.400Z</time>
      </trkpt>
      <trkpt lat="50.799687" lon="12.799845">
        <ele>358.815789</ele>
        <time>2026-04-30T20:12:14.378Z</time>
      </trkpt>
      <trkpt lat="50.799556" lon="12.799379">
        <ele>359.471060</ele>
        <time>2026-04-30T20:12:20.781Z</time>
      </trkpt>
      <trkpt lat="50.799483" lon="12.799111">
        <ele>359.846004</ele>
        <time>2026-04-30T20:12:24.348Z</time>
      </trkpt>
      <trkpt lat="50.799307" lon="12.798394">
        <ele>360.791818</ele>
        <time>2026-04-30T20:12:33.893Z</time>
      </trkpt>
      <trkpt lat="50.799158" lon="12.797909">
        <ele>361.277538</ele>
        <time>2026-04-30T20:12:40.494Z</time>
      </trkpt>
      <trkpt lat="50.799062" lon="12.797622">
        <ele>361.570014</ele>
        <time>2026-04-30T20:12:44.077Z</time>
      </trkpt>
      <trkpt lat="50.798967" lon="12.797268">
        <ele>361.916421</ele>
        <time>2026-04-30T20:12:47.930Z</time>
      </trkpt>
      <trkpt lat="50.798906" lon="12.796829">
        <ele>362.321281</ele>
        <time>2026-04-30T20:12:52.192Z</time>
      </trkpt>
      <trkpt lat="50.798883" lon="12.796617">
        <ele>362.515027</ele>
        <time>2026-04-30T20:12:54.010Z</time>
      </trkpt>
      <trkpt lat="50.798808" lon="12.796176">
        <ele>362.926375</ele>
        <time>2026-04-30T20:12:58.225Z</time>
      </trkpt>
      <trkpt lat="50.798671" lon="12.795870">
        <ele>363.258224</ele>
        <time>2026-04-30T20:13:02.037Z</time>
      </trkpt>
      <trkpt lat="50.798428" lon="12.795590">
        <ele>363.391437</ele>
        <time>2026-04-30T20:13:06.807Z</time>
      </trkpt>
      <trkpt lat="50.798386" lon="12.795547">
        <ele>363.413605</ele>
        <time>2026-04-30T20:13:07.569Z</time>
      </trkpt>
      <trkpt lat="50.798310" lon="12.795470">
        <ele>363.453597</ele>
        <time>2026-04-30T20:13:08.766Z</time>
      </trkpt>
      <trkpt lat="50.798088" lon="12.795248">
        <ele>363.569976</ele>
        <time>2026-04-30T20:13:11.991Z</time>
      </trkpt>
      <trkpt lat="50.798007" lon="12.795161">
        <ele>363.613360</ele>
        <time>2026-04-30T20:13:13.063Z</time>
      </trkpt>
      <trkpt lat="50.797721" lon="12.794785">
        <ele>363.778143</ele>
        <time>2026-04-30T20:13:17.105Z</time>
      </trkpt>
      <trkpt lat="50.797488" lon="12.794469">
        <ele>363.914137</ele>
        <time>2026-04-30T20:13:20.921Z</time>
      </trkpt>
      <trkpt lat="50.797183" lon="12.794134">
        <ele>364.185058</ele>
        <time>2026-04-30T20:13:25.918Z</time>
      </trkpt>
      <trkpt lat="50.797150" lon="12.794102">
        <ele>364.272195</ele>
        <time>2026-04-30T20:13:26.475Z</time>
      </trkpt>
      <trkpt lat="50.796939" lon="12.793953">
        <ele>364.792391</ele>
        <time>2026-04-30T20:13:29.854Z</time>
      </trkpt>
      <trkpt lat="50.796528" lon="12.793787">
        <ele>365.747354</ele>
        <time>2026-04-30T20:13:37.395Z</time>
      </trkpt>
      <trkpt lat="50.796381" lon="12.793693">
        <ele>366.104307</ele>
        <time>2026-04-30T20:13:40.736Z</time>
      </trkpt>
      <trkpt lat="50.796248" lon="12.793579">
        <ele>366.444852</ele>
        <time>2026-04-30T20:13:44.209Z</time>
      </trkpt>
      <trkpt lat="50.796149" lon="12.793461">
        <ele>366.723905</ele>
        <time>2026-04-30T20:13:47.185Z</time>
      </trkpt>
      <trkpt lat="50.795966" lon="12.793236">
        <ele>367.245679</ele>
        <time>2026-04-30T20:13:52.857Z</time>
      </trkpt>
      <trkpt lat="50.795919" lon="12.793171">
        <ele>367.386220</ele>
        <time>2026-04-30T20:13:54.379Z</time>
      </trkpt>
      <trkpt lat="50.795753" lon="12.792931">
        <ele>367.892484</ele>
        <time>2026-04-30T20:13:59.612Z</time>
      </trkpt>
      <trkpt lat="50.795561" lon="12.792614">
        <ele>368.199956</ele>
        <time>2026-04-30T20:14:05.084Z</time>
      </trkpt>
      <trkpt lat="50.795463" lon="12.792372">
        <ele>368.296513</ele>
        <time>2026-04-30T20:14:08.433Z</time>
      </trkpt>
      <trkpt lat="50.795301" lon="12.791343">
        <ele>368.652777</ele>
        <time>2026-04-30T20:14:17.592Z</time>
      </trkpt>
      <trkpt lat="50.795281" lon="12.791100">
        <ele>368.735105</ele>
        <time>2026-04-30T20:14:19.155Z</time>
      </trkpt>
      <trkpt lat="50.795233" lon="12.790515">
        <ele>368.933291</ele>
        <time>2026-04-30T20:14:22.757Z</time>
      </trkpt>
      <trkpt lat="50.795197" lon="12.790191">
        <ele>369.043812</ele>
        <time>2026-04-30T20:14:24.724Z</time>
      </trkpt>
      <trkpt lat="50.795128" lon="12.789697">
        <ele>369.385338</ele>
        <time>2026-04-30T20:14:27.925Z</time>
      </trkpt>
      <trkpt lat="50.795068" lon="12.789499">
        <ele>369.540289</ele>
        <time>2026-04-30T20:14:29.410Z</time>
      </trkpt>
      <trkpt lat="50.794823" lon="12.788966">
        <ele>370.005355</ele>
        <time>2026-04-30T20:14:34.938Z</time>
      </trkpt>
      <trkpt lat="50.794729" lon="12.788643">
        <ele>370.256288</ele>
        <time>2026-04-30T20:14:38.459Z</time>
      </trkpt>
      <trkpt lat="50.794698" lon="12.788422">
        <ele>370.416038</ele>
        <time>2026-04-30T20:14:41.078Z</time>
      </trkpt>
      <trkpt lat="50.794643" lon="12.787761">
        <ele>370.886520</ele>
        <time>2026-04-30T20:14:49.644Z</time>
      </trkpt>
      <trkpt lat="50.794545" lon="12.786753">
        <ele>372.413434</ele>
        <time>2026-04-30T20:15:04.036Z</time>
      </trkpt>
      <trkpt lat="50.794520" lon="12.786595">
        <ele>372.700092</ele>
        <time>2026-04-30T20:15:06.267Z</time>
      </trkpt>
      <trkpt lat="50.794416" lon="12.786041">
        <ele>373.717215</ele>
        <time>2026-04-30T20:15:14.018Z</time>
      </trkpt>
      <trkpt lat="50.794270" lon="12.785548">
        <ele>374.675398</ele>
        <time>2026-04-30T20:15:21.010Z</time>
      </trkpt>
      <trkpt lat="50.794185" lon="12.785576">
        <ele>374.917142</ele>
        <time>2026-04-30T20:15:22.714Z</time>
      </trkpt>
      <trkpt lat="50.793796" lon="12.785712">
        <ele>376.026381</ele>
        <time>2026-04-30T20:15:30.396Z</time>
      </trkpt>
      <trkpt lat="50.793700" lon="12.785738">
        <ele>376.335282</ele>
        <time>2026-04-30T20:15:32.401Z</time>
      </trkpt>
      <trkpt lat="50.793551" lon="12.785781">
        <ele>376.828117</ele>
        <time>2026-04-30T20:15:35.458Z</time>
      </trkpt>
      <trkpt lat="50.792863" lon="12.785785">
        <ele>379.066829</ele>
        <time>2026-04-30T20:15:49.707Z</time>
      </trkpt>
      <trkpt lat="50.792807" lon="12.785805">
        <ele>379.253635</ele>
        <time>2026-04-30T20:15:51.108Z</time>
      </trkpt>
      <trkpt lat="50.792305" lon="12.785958">
        <ele>380.917142</ele>
        <time>2026-04-30T20:16:03.423Z</time>
      </trkpt>
      <trkpt lat="50.792169" lon="12.785957">
        <ele>381.359680</ele>
        <time>2026-04-30T20:16:06.760Z</time>
      </trkpt>
      <trkpt lat="50.792110" lon="12.785949">
        <ele>381.552365</ele>
        <time>2026-04-30T20:16:08.166Z</time>
      </trkpt>
      <trkpt lat="50.791853" lon="12.785980">
        <ele>382.341366</ele>
        <time>2026-04-30T20:16:14.542Z</time>
      </trkpt>
      <trkpt lat="50.791569" lon="12.786156">
        <ele>383.227695</ele>
        <time>2026-04-30T20:16:21.960Z</time>
      </trkpt>
      <trkpt lat="50.791400" lon="12.786320">
        <ele>383.803824</ele>
        <time>2026-04-30T20:16:26.544Z</time>
      </trkpt>
      <trkpt lat="50.791164" lon="12.786703">
        <ele>384.786306</ele>
        <time>2026-04-30T20:16:33.954Z</time>
      </trkpt>
      <trkpt lat="50.790940" lon="12.786240">
        <ele>385.857306</ele>
        <time>2026-04-30T20:16:41.571Z</time>
      </trkpt>
      <trkpt lat="50.790806" lon="12.786391">
        <ele>386.335385</ele>
        <time>2026-04-30T20:16:44.724Z</time>
      </trkpt>
      <trkpt lat="50.790387" lon="12.786750">
        <ele>387.291882</ele>
        <time>2026-04-30T20:16:53.169Z</time>
      </trkpt>
      <trkpt lat="50.789389" lon="12.787425">
        <ele>388.063631</ele>
        <time>2026-04-30T20:17:09.094Z</time>
      </trkpt>
      <trkpt lat="50.788814" lon="12.787961">
        <ele>388.318157</ele>
        <time>2026-04-30T20:17:16.629Z</time>
      </trkpt>
      <trkpt lat="50.788601" lon="12.788215">
        <ele>388.114597</ele>
        <time>2026-04-30T20:17:19.419Z</time>
      </trkpt>
      <trkpt lat="50.788178" lon="12.788885">
        <ele>387.657780</ele>
        <time>2026-04-30T20:17:25.155Z</time>
      </trkpt>
      <trkpt lat="50.787928" lon="12.789403">
        <ele>387.343376</ele>
        <time>2026-04-30T20:17:29.101Z</time>
      </trkpt>
      <trkpt lat="50.787706" lon="12.789998">
        <ele>387.119828</ele>
        <time>2026-04-30T20:17:33.383Z</time>
      </trkpt>
      <trkpt lat="50.787196" lon="12.791348">
        <ele>388.046775</ele>
        <time>2026-04-30T20:17:45.308Z</time>
      </trkpt>
      <trkpt lat="50.786988" lon="12.791742">
        <ele>388.349325</ele>
        <time>2026-04-30T20:17:50.990Z</time>
      </trkpt>
      <trkpt lat="50.786740" lon="12.792135">
        <ele>388.676614</ele>
        <time>2026-04-30T20:17:58.015Z</time>
      </trkpt>
      <trkpt lat="50.786495" lon="12.792438">
        <ele>389.532990</ele>
        <time>2026-04-30T20:18:04.826Z</time>
      </trkpt>
      <trkpt lat="50.786182" lon="12.792746">
        <ele>390.722357</ele>
        <time>2026-04-30T20:18:13.483Z</time>
      </trkpt>
      <trkpt lat="50.785803" lon="12.793013">
        <ele>392.060997</ele>
        <time>2026-04-30T20:18:23.509Z</time>
      </trkpt>
      <trkpt lat="50.785508" lon="12.793167">
        <ele>393.063308</ele>
        <time>2026-04-30T20:18:30.858Z</time>
      </trkpt>
      <trkpt lat="50.785087" lon="12.793285">
        <ele>394.442818</ele>
        <time>2026-04-30T20:18:40.403Z</time>
      </trkpt>
      <trkpt lat="50.784849" lon="12.793315">
        <ele>394.797391</ele>
        <time>2026-04-30T20:18:45.281Z</time>
      </trkpt>
      <trkpt lat="50.784348" lon="12.793288">
        <ele>395.416333</ele>
        <time>2026-04-30T20:18:54.291Z</time>
      </trkpt>
      <trkpt lat="50.783751" lon="12.793074">
        <ele>396.172139</ele>
        <time>2026-04-30T20:19:03.173Z</time>
      </trkpt>
      <trkpt lat="50.782566" lon="12.792471">
        <ele>397.401463</ele>
        <time>2026-04-30T20:19:17.900Z</time>
      </trkpt>
      <trkpt lat="50.782530" lon="12.792452">
        <ele>397.433125</ele>
        <time>2026-04-30T20:19:18.367Z</time>
      </trkpt>
      <trkpt lat="50.782500" lon="12.792438">
        <ele>397.459221</ele>
        <time>2026-04-30T20:19:18.748Z</time>
      </trkpt>
      <trkpt lat="50.777049" lon="12.789693">
        <ele>402.368406</ele>
        <time>2026-04-30T20:20:44.276Z</time>
      </trkpt>
      <trkpt lat="50.776477" lon="12.789405">
        <ele>402.939718</ele>
        <time>2026-04-30T20:20:53.343Z</time>
      </trkpt>
      <trkpt lat="50.774811" lon="12.788559">
        <ele>404.361383</ele>
        <time>2026-04-30T20:21:18.502Z</time>
      </trkpt>
      <trkpt lat="50.774417" lon="12.788306">
        <ele>404.744865</ele>
        <time>2026-04-30T20:21:24.736Z</time>
      </trkpt>
      <trkpt lat="50.773926" lon="12.787927">
        <ele>405.250151</ele>
        <time>2026-04-30T20:21:33.212Z</time>
      </trkpt>
      <trkpt lat="50.773905" lon="12.787903">
        <ele>405.274113</ele>
        <time>2026-04-30T20:21:33.603Z</time>
      </trkpt>
      <trkpt lat="50.773885" lon="12.787880">
        <ele>405.296983</ele>
        <time>2026-04-30T20:21:33.979Z</time>
      </trkpt>
      <trkpt lat="50.773608" lon="12.787551">
        <ele>405.617364</ele>
        <time>2026-04-30T20:21:39.123Z</time>
      </trkpt>
      <trkpt lat="50.773327" lon="12.787153">
        <ele>405.966234</ele>
        <time>2026-04-30T20:21:44.682Z</time>
      </trkpt>
      <trkpt lat="50.773113" lon="12.786793">
        <ele>406.165419</ele>
        <time>2026-04-30T20:21:49.308Z</time>
      </trkpt>
      <trkpt lat="50.772547" lon="12.785492">
        <ele>406.576210</ele>
        <time>2026-04-30T20:22:02.279Z</time>
      </trkpt>
      <trkpt lat="50.770591" lon="12.780626">
        <ele>407.770324</ele>
        <time>2026-04-30T20:22:47.977Z</time>
      </trkpt>
      <trkpt lat="50.769974" lon="12.779102">
        <ele>408.454460</ele>
        <time>2026-04-30T20:23:04.733Z</time>
      </trkpt>
      <trkpt lat="50.769845" lon="12.778842">
        <ele>408.612727</ele>
        <time>2026-04-30T20:23:07.888Z</time>
      </trkpt>
      <trkpt lat="50.769493" lon="12.778213">
        <ele>409.014976</ele>
        <time>2026-04-30T20:23:15.713Z</time>
      </trkpt>
      <trkpt lat="50.769165" lon="12.777696">
        <ele>409.365697</ele>
        <time>2026-04-30T20:23:22.233Z</time>
      </trkpt>
      <trkpt lat="50.768603" lon="12.777018">
        <ele>409.633470</ele>
        <time>2026-04-30T20:23:31.297Z</time>
      </trkpt>
      <trkpt lat="50.768194" lon="12.776639">
        <ele>409.805908</ele>
        <time>2026-04-30T20:23:37.037Z</time>
      </trkpt>
      <trkpt lat="50.767873" lon="12.776388">
        <ele>409.936167</ele>
        <time>2026-04-30T20:23:41.512Z</time>
      </trkpt>
      <trkpt lat="50.767456" lon="12.776133">
        <ele>410.242123</ele>
        <time>2026-04-30T20:23:47.307Z</time>
      </trkpt>
      <trkpt lat="50.765618" lon="12.775144">
        <ele>413.115079</ele>
        <time>2026-04-30T20:24:18.776Z</time>
      </trkpt>
      <trkpt lat="50.765349" lon="12.774971">
        <ele>413.894456</ele>
        <time>2026-04-30T20:24:24.691Z</time>
      </trkpt>
      <trkpt lat="50.765073" lon="12.774760">
        <ele>414.717228</ele>
        <time>2026-04-30T20:24:31.253Z</time>
      </trkpt>
      <trkpt lat="50.764239" lon="12.773986">
        <ele>417.250895</ele>
        <time>2026-04-30T20:24:52.982Z</time>
      </trkpt>
      <trkpt lat="50.763361" lon="12.773174">
        <ele>419.067903</ele>
        <time>2026-04-30T20:25:13.526Z</time>
      </trkpt>
      <trkpt lat="50.762979" lon="12.772858">
        <ele>419.838037</ele>
        <time>2026-04-30T20:25:20.256Z</time>
      </trkpt>
      <trkpt lat="50.762564" lon="12.772590">
        <ele>420.129800</ele>
        <time>2026-04-30T20:25:25.878Z</time>
      </trkpt>
      <trkpt lat="50.761906" lon="12.772310">
        <ele>419.266947</ele>
        <time>2026-04-30T20:25:32.425Z</time>
      </trkpt>
      <trkpt lat="50.761437" lon="12.772212">
        <ele>418.667906</ele>
        <time>2026-04-30T20:25:36.616Z</time>
      </trkpt>
      <trkpt lat="50.761087" lon="12.772184">
        <ele>418.224148</ele>
        <time>2026-04-30T20:25:39.678Z</time>
      </trkpt>
      <trkpt lat="50.761037" lon="12.772173">
        <ele>418.160225</ele>
        <time>2026-04-30T20:25:40.115Z</time>
      </trkpt>
      <trkpt lat="50.761001" lon="12.772165">
        <ele>418.114191</ele>
        <time>2026-04-30T20:25:40.431Z</time>
      </trkpt>
      <trkpt lat="50.760313" lon="12.772039">
        <ele>417.168381</ele>
        <time>2026-04-30T20:25:46.532Z</time>
      </trkpt>
      <trkpt lat="50.759992" lon="12.771909">
        <ele>416.713847</ele>
        <time>2026-04-30T20:25:49.572Z</time>
      </trkpt>
      <trkpt lat="50.759673" lon="12.771746">
        <ele>416.253985</ele>
        <time>2026-04-30T20:25:52.792Z</time>
      </trkpt>
      <trkpt lat="50.759153" lon="12.771367">
        <ele>415.557162</ele>
        <time>2026-04-30T20:25:58.478Z</time>
      </trkpt>
      <trkpt lat="50.756359" lon="12.768416">
        <ele>414.227327</ele>
        <time>2026-04-30T20:26:35.433Z</time>
      </trkpt>
      <trkpt lat="50.756298" lon="12.768254">
        <ele>414.183048</ele>
        <time>2026-04-30T20:26:36.664Z</time>
      </trkpt>
      <trkpt lat="50.756228" lon="12.768211">
        <ele>414.158288</ele>
        <time>2026-04-30T20:26:37.446Z</time>
      </trkpt>
      <trkpt lat="50.756203" lon="12.768217">
        <ele>414.150467</ele>
        <time>2026-04-30T20:26:37.714Z</time>
      </trkpt>
      <trkpt lat="50.756175" lon="12.768220">
        <ele>414.141786</ele>
        <time>2026-04-30T20:26:38.002Z</time>
      </trkpt>
      <trkpt lat="50.756070" lon="12.768151">
        <ele>414.106612</ele>
        <time>2026-04-30T20:26:39.189Z</time>
      </trkpt>
      <trkpt lat="50.755650" lon="12.767825">
        <ele>413.961880</ele>
        <time>2026-04-30T20:26:44.104Z</time>
      </trkpt>
      <trkpt lat="50.755321" lon="12.767637">
        <ele>413.853668</ele>
        <time>2026-04-30T20:26:47.821Z</time>
      </trkpt>
      <trkpt lat="50.753539" lon="12.766971">
        <ele>413.421910</ele>
        <time>2026-04-30T20:27:08.978Z</time>
      </trkpt>
      <trkpt lat="50.753082" lon="12.766764">
        <ele>413.334814</ele>
        <time>2026-04-30T20:27:14.401Z</time>
      </trkpt>
      <trkpt lat="50.752740" lon="12.766565">
        <ele>413.231485</ele>
        <time>2026-04-30T20:27:18.403Z</time>
      </trkpt>
      <trkpt lat="50.752474" lon="12.766344">
        <ele>413.075538</ele>
        <time>2026-04-30T20:27:21.633Z</time>
      </trkpt>
      <trkpt lat="50.751863" lon="12.765716">
        <ele>412.697319</ele>
        <time>2026-04-30T20:27:29.266Z</time>
      </trkpt>
      <trkpt lat="50.750916" lon="12.764269">
        <ele>412.088451</ele>
        <time>2026-04-30T20:27:43.047Z</time>
      </trkpt>
      <trkpt lat="50.749650" lon="12.762334">
        <ele>411.672974</ele>
        <time>2026-04-30T20:28:02.443Z</time>
      </trkpt>
      <trkpt lat="50.749023" lon="12.761323">
        <ele>411.741347</ele>
        <time>2026-04-30T20:28:13.888Z</time>
      </trkpt>
      <trkpt lat="50.748726" lon="12.760703">
        <ele>411.702719</ele>
        <time>2026-04-30T20:28:20.233Z</time>
      </trkpt>
      <trkpt lat="50.748452" lon="12.760035">
        <ele>411.556996</ele>
        <time>2026-04-30T20:28:26.277Z</time>
      </trkpt>
      <trkpt lat="50.747103" lon="12.755265">
        <ele>409.800848</ele>
        <time>2026-04-30T20:29:00.656Z</time>
      </trkpt>
      <trkpt lat="50.746955" lon="12.754900">
        <ele>409.586063</ele>
        <time>2026-04-30T20:29:03.387Z</time>
      </trkpt>
      <trkpt lat="50.746951" lon="12.754885">
        <ele>409.577998</ele>
        <time>2026-04-30T20:29:03.488Z</time>
      </trkpt>
      <trkpt lat="50.746934" lon="12.754813">
        <ele>409.539923</ele>
        <time>2026-04-30T20:29:03.977Z</time>
      </trkpt>
      <trkpt lat="50.746921" lon="12.754754">
        <ele>409.508969</ele>
        <time>2026-04-30T20:29:04.377Z</time>
      </trkpt>
      <trkpt lat="50.746920" lon="12.754733">
        <ele>409.498535</ele>
        <time>2026-04-30T20:29:04.508Z</time>
      </trkpt>
      <trkpt lat="50.746915" lon="12.754642">
        <ele>409.453280</ele>
        <time>2026-04-30T20:29:05.101Z</time>
      </trkpt>
      <trkpt lat="50.746590" lon="12.753949">
        <ele>409.025904</ele>
        <time>2026-04-30T20:29:10.571Z</time>
      </trkpt>
      <trkpt lat="50.746256" lon="12.753329">
        <ele>408.642787</ele>
        <time>2026-04-30T20:29:15.727Z</time>
      </trkpt>
      <trkpt lat="50.745286" lon="12.751658">
        <ele>407.748856</ele>
        <time>2026-04-30T20:29:30.463Z</time>
      </trkpt>
      <trkpt lat="50.745036" lon="12.751243">
        <ele>407.560559</ele>
        <time>2026-04-30T20:29:34.365Z</time>
      </trkpt>
      <trkpt lat="50.744645" lon="12.750701">
        <ele>407.391961</ele>
        <time>2026-04-30T20:29:40.236Z</time>
      </trkpt>
      <trkpt lat="50.744564" lon="12.750612">
        <ele>407.359981</ele>
        <time>2026-04-30T20:29:41.363Z</time>
      </trkpt>
      <trkpt lat="50.744301" lon="12.750320">
        <ele>407.255789</ele>
        <time>2026-04-30T20:29:45.064Z</time>
      </trkpt>
      <trkpt lat="50.743830" lon="12.749900">
        <ele>407.080479</ele>
        <time>2026-04-30T20:29:51.221Z</time>
      </trkpt>
      <trkpt lat="50.742812" lon="12.749194">
        <ele>406.333151</ele>
        <time>2026-04-30T20:30:02.587Z</time>
      </trkpt>
      <trkpt lat="50.742685" lon="12.749139">
        <ele>406.235069</ele>
        <time>2026-04-30T20:30:03.918Z</time>
      </trkpt>
      <trkpt lat="50.742671" lon="12.749133">
        <ele>406.224265</ele>
        <time>2026-04-30T20:30:04.061Z</time>
      </trkpt>
      <trkpt lat="50.742637" lon="12.749108">
        <ele>406.196333</ele>
        <time>2026-04-30T20:30:04.442Z</time>
      </trkpt>
      <trkpt lat="50.742606" lon="12.748788">
        <ele>406.043747</ele>
        <time>2026-04-30T20:30:06.513Z</time>
      </trkpt>
      <trkpt lat="50.742515" lon="12.748527">
        <ele>405.903291</ele>
        <time>2026-04-30T20:30:08.421Z</time>
      </trkpt>
      <trkpt lat="50.742503" lon="12.748496">
        <ele>405.886163</ele>
        <time>2026-04-30T20:30:08.665Z</time>
      </trkpt>
      <trkpt lat="50.742359" lon="12.748148">
        <ele>405.690181</ele>
        <time>2026-04-30T20:30:11.205Z</time>
      </trkpt>
      <trkpt lat="50.742172" lon="12.747669">
        <ele>405.548990</ele>
        <time>2026-04-30T20:30:14.599Z</time>
      </trkpt>
      <trkpt lat="50.741961" lon="12.746955">
        <ele>405.359251</ele>
        <time>2026-04-30T20:30:19.639Z</time>
      </trkpt>
      <trkpt lat="50.741935" lon="12.746796">
        <ele>405.319710</ele>
        <time>2026-04-30T20:30:20.716Z</time>
      </trkpt>
      <trkpt lat="50.741810" lon="12.746790">
        <ele>405.272127</ele>
        <time>2026-04-30T20:30:22.065Z</time>
      </trkpt>
      <trkpt lat="50.741438" lon="12.746770">
        <ele>405.130502</ele>
        <time>2026-04-30T20:30:26.453Z</time>
      </trkpt>
      <trkpt lat="50.741095" lon="12.746760">
        <ele>404.999972</ele>
        <time>2026-04-30T20:30:30.901Z</time>
      </trkpt>
      <trkpt lat="50.740726" lon="12.746752">
        <ele>405.162352</ele>
        <time>2026-04-30T20:30:35.848Z</time>
      </trkpt>
      <trkpt lat="50.740627" lon="12.746743">
        <ele>405.209467</ele>
        <time>2026-04-30T20:30:37.260Z</time>
      </trkpt>
      <trkpt lat="50.740409" lon="12.746717">
        <ele>405.313340</ele>
        <time>2026-04-30T20:30:40.481Z</time>
      </trkpt>
      <trkpt lat="50.740117" lon="12.746658">
        <ele>405.453207</ele>
        <time>2026-04-30T20:30:44.867Z</time>
      </trkpt>
      <trkpt lat="50.740045" lon="12.746646">
        <ele>405.487606</ele>
        <time>2026-04-30T20:30:45.917Z</time>
      </trkpt>
      <trkpt lat="50.739820" lon="12.746605">
        <ele>405.595218</ele>
        <time>2026-04-30T20:30:49.212Z</time>
      </trkpt>
      <trkpt lat="50.739769" lon="12.746587">
        <ele>405.620047</ele>
        <time>2026-04-30T20:30:49.944Z</time>
      </trkpt>
      <trkpt lat="50.739208" lon="12.746380">
        <ele>405.853255</ele>
        <time>2026-04-30T20:30:57.227Z</time>
      </trkpt>
      <trkpt lat="50.739011" lon="12.746274">
        <ele>405.863062</ele>
        <time>2026-04-30T20:30:59.451Z</time>
      </trkpt>
      <trkpt lat="50.738767" lon="12.746238">
        <ele>405.874610</ele>
        <time>2026-04-30T20:31:02.073Z</time>
      </trkpt>
      <trkpt lat="50.738484" lon="12.746299">
        <ele>405.888070</ele>
        <time>2026-04-30T20:31:05.171Z</time>
      </trkpt>
      <trkpt lat="50.738461" lon="12.746222">
        <ele>405.890609</ele>
        <time>2026-04-30T20:31:06.728Z</time>
      </trkpt>
      <trkpt lat="50.738431" lon="12.746128">
        <ele>405.893749</ele>
        <time>2026-04-30T20:31:08.645Z</time>
      </trkpt>
      <trkpt lat="50.738319" lon="12.746198">
        <ele>405.899424</ele>
        <time>2026-04-30T20:31:09.958Z</time>
      </trkpt>
      <trkpt lat="50.736462" lon="12.744959">
        <ele>407.023791</ele>
        <time>2026-04-30T20:31:36.689Z</time>
      </trkpt>
      <trkpt lat="50.736423" lon="12.744930">
        <ele>407.060177</ele>
        <time>2026-04-30T20:31:37.417Z</time>
      </trkpt>
      <trkpt lat="50.736388" lon="12.744902">
        <ele>407.093293</ele>
        <time>2026-04-30T20:31:38.065Z</time>
      </trkpt>
      <trkpt lat="50.736018" lon="12.744580">
        <ele>407.449873</ele>
        <time>2026-04-30T20:31:45.302Z</time>
      </trkpt>
      <trkpt lat="50.735846" lon="12.744380">
        <ele>407.809397</ele>
        <time>2026-04-30T20:31:49.114Z</time>
      </trkpt>
      <trkpt lat="50.735622" lon="12.744120">
        <ele>408.279957</ele>
        <time>2026-04-30T20:31:54.236Z</time>
      </trkpt>
      <trkpt lat="50.735381" lon="12.743786">
        <ele>408.822682</ele>
        <time>2026-04-30T20:32:00.320Z</time>
      </trkpt>
      <trkpt lat="50.734666" lon="12.742567">
        <ele>410.564226</ele>
        <time>2026-04-30T20:32:18.291Z</time>
      </trkpt>
      <trkpt lat="50.734570" lon="12.742408">
        <ele>410.712862</ele>
        <time>2026-04-30T20:32:20.479Z</time>
      </trkpt>
      <trkpt lat="50.734118" lon="12.741702">
        <ele>411.392119</ele>
        <time>2026-04-30T20:32:29.972Z</time>
      </trkpt>
      <trkpt lat="50.733728" lon="12.741245">
        <ele>411.911037</ele>
        <time>2026-04-30T20:32:37.194Z</time>
      </trkpt>
      <trkpt lat="50.733267" lon="12.740845">
        <ele>412.433599</ele>
        <time>2026-04-30T20:32:45.056Z</time>
      </trkpt>
      <trkpt lat="50.733088" lon="12.740586">
        <ele>412.502860</ele>
        <time>2026-04-30T20:32:48.600Z</time>
      </trkpt>
      <trkpt lat="50.733056" lon="12.740570">
        <ele>412.512438</ele>
        <time>2026-04-30T20:32:49.093Z</time>
      </trkpt>
      <trkpt lat="50.732995" lon="12.740586">
        <ele>412.530083</ele>
        <time>2026-04-30T20:32:50.004Z</time>
      </trkpt>
      <trkpt lat="50.732917" lon="12.740414">
        <ele>412.568298</ele>
        <time>2026-04-30T20:32:51.919Z</time>
      </trkpt>
      <trkpt lat="50.732748" lon="12.740032">
        <ele>412.652475</ele>
        <time>2026-04-30T20:32:55.983Z</time>
      </trkpt>
      <trkpt lat="50.732439" lon="12.739375">
        <ele>412.800311</ele>
        <time>2026-04-30T20:33:02.683Z</time>
      </trkpt>
      <trkpt lat="50.732149" lon="12.738839">
        <ele>412.927668</ele>
        <time>2026-04-30T20:33:07.596Z</time>
      </trkpt>
      <trkpt lat="50.732006" lon="12.738662">
        <ele>412.801670</ele>
        <time>2026-04-30T20:33:09.465Z</time>
      </trkpt>
      <trkpt lat="50.731223" lon="12.737926">
        <ele>412.079047</ele>
        <time>2026-04-30T20:33:18.388Z</time>
      </trkpt>
      <trkpt lat="50.731055" lon="12.737777">
        <ele>411.926241</ele>
        <time>2026-04-30T20:33:20.268Z</time>
      </trkpt>
      <trkpt lat="50.731000" lon="12.737723">
        <ele>411.874882</ele>
        <time>2026-04-30T20:33:20.889Z</time>
      </trkpt>
      <trkpt lat="50.730861" lon="12.737599">
        <ele>411.748276</ele>
        <time>2026-04-30T20:33:22.453Z</time>
      </trkpt>
      <trkpt lat="50.729384" lon="12.736240">
        <ele>411.332034</ele>
        <time>2026-04-30T20:33:40.409Z</time>
      </trkpt>
      <trkpt lat="50.728278" lon="12.735222">
        <ele>412.463101</ele>
        <time>2026-04-30T20:34:00.503Z</time>
      </trkpt>
      <trkpt lat="50.728254" lon="12.735200">
        <ele>412.500097</ele>
        <time>2026-04-30T20:34:00.995Z</time>
      </trkpt>
      <trkpt lat="50.727634" lon="12.734585">
        <ele>413.476188</ele>
        <time>2026-04-30T20:34:13.624Z</time>
      </trkpt>
      <trkpt lat="50.727558" lon="12.734495">
        <ele>413.602827</ele>
        <time>2026-04-30T20:34:15.231Z</time>
      </trkpt>
      <trkpt lat="50.727088" lon="12.733915">
        <ele>414.064183</ele>
        <time>2026-04-30T20:34:24.838Z</time>
      </trkpt>
      <trkpt lat="50.726910" lon="12.733679">
        <ele>414.229719</ele>
        <time>2026-04-30T20:34:28.255Z</time>
      </trkpt>
      <trkpt lat="50.726564" lon="12.733163">
        <ele>414.568666</ele>
        <time>2026-04-30T20:34:34.579Z</time>
      </trkpt>
      <trkpt lat="50.725919" lon="12.732247">
        <ele>414.951262</ele>
        <time>2026-04-30T20:34:45.350Z</time>
      </trkpt>
      <trkpt lat="50.725530" lon="12.731875">
        <ele>414.935051</ele>
        <time>2026-04-30T20:34:50.975Z</time>
      </trkpt>
      <trkpt lat="50.725435" lon="12.731790">
        <ele>414.931159</ele>
        <time>2026-04-30T20:34:52.329Z</time>
      </trkpt>
      <trkpt lat="50.725332" lon="12.731676">
        <ele>414.926675</ele>
        <time>2026-04-30T20:34:53.861Z</time>
      </trkpt>
      <trkpt lat="50.725189" lon="12.731494">
        <ele>414.920128</ele>
        <time>2026-04-30T20:34:56.014Z</time>
      </trkpt>
      <trkpt lat="50.725066" lon="12.731251">
        <ele>414.913107</ele>
        <time>2026-04-30T20:34:58.228Z</time>
      </trkpt>
      <trkpt lat="50.724886" lon="12.730742">
        <ele>414.899949</ele>
        <time>2026-04-30T20:35:02.232Z</time>
      </trkpt>
      <trkpt lat="50.724782" lon="12.730308">
        <ele>414.722641</ele>
        <time>2026-04-30T20:35:05.453Z</time>
      </trkpt>
      <trkpt lat="50.724606" lon="12.729634">
        <ele>414.396899</ele>
        <time>2026-04-30T20:35:10.459Z</time>
      </trkpt>
      <trkpt lat="50.724430" lon="12.729392">
        <ele>414.232220</ele>
        <time>2026-04-30T20:35:12.847Z</time>
      </trkpt>
      <trkpt lat="50.724056" lon="12.728866">
        <ele>413.878806</ele>
        <time>2026-04-30T20:35:17.733Z</time>
      </trkpt>
      <trkpt lat="50.723400" lon="12.727949">
        <ele>412.995549</ele>
        <time>2026-04-30T20:35:26.294Z</time>
      </trkpt>
      <trkpt lat="50.722940" lon="12.727319">
        <ele>412.256719</ele>
        <time>2026-04-30T20:35:32.165Z</time>
      </trkpt>
      <trkpt lat="50.722851" lon="12.727202">
        <ele>412.116204</ele>
        <time>2026-04-30T20:35:33.251Z</time>
      </trkpt>
      <trkpt lat="50.722725" lon="12.727035">
        <ele>411.916603</ele>
        <time>2026-04-30T20:35:34.798Z</time>
      </trkpt>
      <trkpt lat="50.722662" lon="12.726951">
        <ele>411.816555</ele>
        <time>2026-04-30T20:35:35.584Z</time>
      </trkpt>
      <trkpt lat="50.722619" lon="12.726892">
        <ele>411.747435</ele>
        <time>2026-04-30T20:35:36.120Z</time>
      </trkpt>
      <trkpt lat="50.722047" lon="12.726116">
        <ele>410.410161</ele>
        <time>2026-04-30T20:35:43.027Z</time>
      </trkpt>
      <trkpt lat="50.721816" lon="12.725808">
        <ele>409.790950</ele>
        <time>2026-04-30T20:35:45.673Z</time>
      </trkpt>
      <trkpt lat="50.721580" lon="12.725606">
        <ele>409.241124</ele>
        <time>2026-04-30T20:35:47.984Z</time>
      </trkpt>
      <trkpt lat="50.721428" lon="12.725539">
        <ele>408.917876</ele>
        <time>2026-04-30T20:35:49.342Z</time>
      </trkpt>
      <trkpt lat="50.721280" lon="12.725487">
        <ele>408.607308</ele>
        <time>2026-04-30T20:35:50.638Z</time>
      </trkpt>
      <trkpt lat="50.721143" lon="12.725412">
        <ele>408.310305</ele>
        <time>2026-04-30T20:35:51.870Z</time>
      </trkpt>
      <trkpt lat="50.721004" lon="12.725281">
        <ele>407.978752</ele>
        <time>2026-04-30T20:35:53.242Z</time>
      </trkpt>
      <trkpt lat="50.720903" lon="12.725152">
        <ele>407.739466</ele>
        <time>2026-04-30T20:35:54.327Z</time>
      </trkpt>
      <trkpt lat="50.720704" lon="12.724907">
        <ele>407.503605</ele>
        <time>2026-04-30T20:35:56.459Z</time>
      </trkpt>
      <trkpt lat="50.720611" lon="12.724841">
        <ele>407.408296</ele>
        <time>2026-04-30T20:35:57.315Z</time>
      </trkpt>
      <trkpt lat="50.720265" lon="12.724639">
        <ele>407.063465</ele>
        <time>2026-04-30T20:36:00.551Z</time>
      </trkpt>
      <trkpt lat="50.719986" lon="12.724432">
        <ele>406.775313</ele>
        <time>2026-04-30T20:36:03.658Z</time>
      </trkpt>
      <trkpt lat="50.719669" lon="12.724148">
        <ele>406.434629</ele>
        <time>2026-04-30T20:36:07.617Z</time>
      </trkpt>
      <trkpt lat="50.719587" lon="12.724075">
        <ele>406.346637</ele>
        <time>2026-04-30T20:36:08.643Z</time>
      </trkpt>
      <trkpt lat="50.719506" lon="12.723998">
        <ele>406.258261</ele>
        <time>2026-04-30T20:36:09.781Z</time>
      </trkpt>
      <trkpt lat="50.719358" lon="12.723865">
        <ele>406.099084</ele>
        <time>2026-04-30T20:36:12.022Z</time>
      </trkpt>
      <trkpt lat="50.719173" lon="12.723675">
        <ele>406.470414</ele>
        <time>2026-04-30T20:36:15.344Z</time>
      </trkpt>
      <trkpt lat="50.718888" lon="12.723314">
        <ele>407.179550</ele>
        <time>2026-04-30T20:36:21.761Z</time>
      </trkpt>
      <trkpt lat="50.718479" lon="12.722656">
        <ele>408.312784</ele>
        <time>2026-04-30T20:36:33.527Z</time>
      </trkpt>
      <trkpt lat="50.718107" lon="12.721938">
        <ele>409.452981</ele>
        <time>2026-04-30T20:36:45.102Z</time>
      </trkpt>
      <trkpt lat="50.717987" lon="12.721716">
        <ele>409.787749</ele>
        <time>2026-04-30T20:36:48.585Z</time>
      </trkpt>
      <trkpt lat="50.717843" lon="12.721536">
        <ele>410.108581</ele>
        <time>2026-04-30T20:36:51.964Z</time>
      </trkpt>
      <trkpt lat="50.717663" lon="12.721421">
        <ele>410.447806</ele>
        <time>2026-04-30T20:36:55.534Z</time>
      </trkpt>
      <trkpt lat="50.717647" lon="12.720931">
        <ele>410.990534</ele>
        <time>2026-04-30T20:37:01.268Z</time>
      </trkpt>
      <trkpt lat="50.717626" lon="12.720778">
        <ele>411.163704</ele>
        <time>2026-04-30T20:37:03.072Z</time>
      </trkpt>
      <trkpt lat="50.717609" lon="12.720725">
        <ele>411.229424</ele>
        <time>2026-04-30T20:37:03.740Z</time>
      </trkpt>
      <trkpt lat="50.717551" lon="12.720539">
        <ele>411.458765</ele>
        <time>2026-04-30T20:37:06.075Z</time>
      </trkpt>
      <trkpt lat="50.717397" lon="12.720265">
        <ele>411.864038</ele>
        <time>2026-04-30T20:37:09.972Z</time>
      </trkpt>
      <trkpt lat="50.717022" lon="12.719527">
        <ele>412.750335</ele>
        <time>2026-04-30T20:37:19.446Z</time>
      </trkpt>
      <trkpt lat="50.716969" lon="12.719433">
        <ele>412.775910</ele>
        <time>2026-04-30T20:37:20.666Z</time>
      </trkpt>
      <trkpt lat="50.716750" lon="12.719037">
        <ele>412.882745</ele>
        <time>2026-04-30T20:37:25.681Z</time>
      </trkpt>
      <trkpt lat="50.716249" lon="12.718129">
        <ele>413.127467</ele>
        <time>2026-04-30T20:37:35.485Z</time>
      </trkpt>
      <trkpt lat="50.715882" lon="12.717459">
        <ele>413.272817</ele>
        <time>2026-04-30T20:37:41.444Z</time>
      </trkpt>
      <trkpt lat="50.715401" lon="12.716572">
        <ele>412.997032</ele>
        <time>2026-04-30T20:37:49.158Z</time>
      </trkpt>
      <trkpt lat="50.715332" lon="12.716384">
        <ele>412.945716</ele>
        <time>2026-04-30T20:37:50.658Z</time>
      </trkpt>
      <trkpt lat="50.715252" lon="12.716057">
        <ele>412.862931</ele>
        <time>2026-04-30T20:37:53.200Z</time>
      </trkpt>
      <trkpt lat="50.714736" lon="12.713833">
        <ele>411.311521</ele>
        <time>2026-04-30T20:38:09.853Z</time>
      </trkpt>
      <trkpt lat="50.714014" lon="12.710746">
        <ele>407.716179</ele>
        <time>2026-04-30T20:38:27.276Z</time>
      </trkpt>
      <trkpt lat="50.713909" lon="12.710351">
        <ele>407.206110</ele>
        <time>2026-04-30T20:38:29.738Z</time>
      </trkpt>
      <trkpt lat="50.713568" lon="12.709414">
        <ele>406.877779</ele>
        <time>2026-04-30T20:38:36.996Z</time>
      </trkpt>
      <trkpt lat="50.713164" lon="12.708327">
        <ele>407.995955</ele>
        <time>2026-04-30T20:38:49.221Z</time>
      </trkpt>
      <trkpt lat="50.712921" lon="12.708436">
        <ele>408.349878</ele>
        <time>2026-04-30T20:38:54.009Z</time>
      </trkpt>
      <trkpt lat="50.712546" lon="12.708769">
        <ele>408.952635</ele>
        <time>2026-04-30T20:39:03.062Z</time>
      </trkpt>
      <trkpt lat="50.712096" lon="12.709136">
        <ele>411.306737</ele>
        <time>2026-04-30T20:39:14.633Z</time>
      </trkpt>
      <trkpt lat="50.711867" lon="12.709193">
        <ele>412.424431</ele>
        <time>2026-04-30T20:39:20.320Z</time>
      </trkpt>
      <trkpt lat="50.711700" lon="12.709196">
        <ele>413.229631</ele>
        <time>2026-04-30T20:39:24.605Z</time>
      </trkpt>
      <trkpt lat="50.710619" lon="12.709029">
        <ele>418.883723</ele>
        <time>2026-04-30T20:39:57.656Z</time>
      </trkpt>
      <trkpt lat="50.710299" lon="12.709060">
        <ele>421.229955</ele>
        <time>2026-04-30T20:40:08.844Z</time>
      </trkpt>
      <trkpt lat="50.709562" lon="12.709298">
        <ele>426.735101</ele>
        <time>2026-04-30T20:40:36.574Z</time>
      </trkpt>
      <trkpt lat="50.708171" lon="12.709760">
        <ele>435.836531</ele>
        <time>2026-04-30T20:41:28.624Z</time>
      </trkpt>
      <trkpt lat="50.708075" lon="12.709813">
        <ele>436.427444</ele>
        <time>2026-04-30T20:41:31.754Z</time>
      </trkpt>
      <trkpt lat="50.707992" lon="12.709859">
        <ele>436.938552</ele>
        <time>2026-04-30T20:41:34.438Z</time>
      </trkpt>
      <trkpt lat="50.707836" lon="12.710038">
        <ele>438.059015</ele>
        <time>2026-04-30T20:41:39.965Z</time>
      </trkpt>
      <trkpt lat="50.707575" lon="12.710500">
        <ele>440.337132</ele>
        <time>2026-04-30T20:41:50.333Z</time>
      </trkpt>
      <trkpt lat="50.706533" lon="12.712598">
        <ele>443.501849</ele>
        <time>2026-04-30T20:42:20.636Z</time>
      </trkpt>
      <trkpt lat="50.706313" lon="12.713282">
        <ele>443.335269</ele>
        <time>2026-04-30T20:42:25.717Z</time>
      </trkpt>
      <trkpt lat="50.705975" lon="12.714370">
        <ele>441.322344</ele>
        <time>2026-04-30T20:42:32.155Z</time>
      </trkpt>
      <trkpt lat="50.705869" lon="12.714617">
        <ele>440.826743</ele>
        <time>2026-04-30T20:42:33.640Z</time>
      </trkpt>
      <trkpt lat="50.705234" lon="12.715622">
        <ele>438.513363</ele>
        <time>2026-04-30T20:42:40.677Z</time>
      </trkpt>
      <trkpt lat="50.704690" lon="12.716507">
        <ele>436.593475</ele>
        <time>2026-04-30T20:42:47.050Z</time>
      </trkpt>
      <trkpt lat="50.703982" lon="12.717898">
        <ele>434.480323</ele>
        <time>2026-04-30T20:42:57.686Z</time>
      </trkpt>
      <trkpt lat="50.703745" lon="12.718229">
        <ele>434.250547</ele>
        <time>2026-04-30T20:43:01.178Z</time>
      </trkpt>
      <trkpt lat="50.703402" lon="12.718609">
        <ele>433.946261</ele>
        <time>2026-04-30T20:43:06.239Z</time>
      </trkpt>
      <trkpt lat="50.703112" lon="12.718828">
        <ele>433.712815</ele>
        <time>2026-04-30T20:43:09.925Z</time>
      </trkpt>
      <trkpt lat="50.702994" lon="12.718900">
        <ele>433.620947</ele>
        <time>2026-04-30T20:43:11.261Z</time>
      </trkpt>
      <trkpt lat="50.702829" lon="12.718979">
        <ele>433.495736</ele>
        <time>2026-04-30T20:43:12.964Z</time>
      </trkpt>
      <trkpt lat="50.702560" lon="12.719052">
        <ele>432.929495</ele>
        <time>2026-04-30T20:43:15.511Z</time>
      </trkpt>
      <trkpt lat="50.702462" lon="12.719103">
        <ele>432.677127</ele>
        <time>2026-04-30T20:43:16.447Z</time>
      </trkpt>
      <trkpt lat="50.702312" lon="12.719180">
        <ele>432.291362</ele>
        <time>2026-04-30T20:43:17.828Z</time>
      </trkpt>
      <trkpt lat="50.702011" lon="12.719401">
        <ele>431.479486</ele>
        <time>2026-04-30T20:43:20.624Z</time>
      </trkpt>
      <trkpt lat="50.701690" lon="12.719660">
        <ele>430.597827</ele>
        <time>2026-04-30T20:43:23.557Z</time>
      </trkpt>
      <trkpt lat="50.701509" lon="12.719881">
        <ele>430.038218</ele>
        <time>2026-04-30T20:43:25.402Z</time>
      </trkpt>
      <trkpt lat="50.701425" lon="12.720010">
        <ele>429.751621</ele>
        <time>2026-04-30T20:43:26.335Z</time>
      </trkpt>
      <trkpt lat="50.701262" lon="12.720411">
        <ele>429.025582</ele>
        <time>2026-04-30T20:43:28.755Z</time>
      </trkpt>
      <trkpt lat="50.701202" lon="12.720585">
        <ele>428.810287</ele>
        <time>2026-04-30T20:43:29.785Z</time>
      </trkpt>
      <trkpt lat="50.701145" lon="12.720749">
        <ele>428.606996</ele>
        <time>2026-04-30T20:43:30.774Z</time>
      </trkpt>
      <trkpt lat="50.700794" lon="12.721794">
        <ele>427.321571</ele>
        <time>2026-04-30T20:43:37.360Z</time>
      </trkpt>
      <trkpt lat="50.700449" lon="12.722808">
        <ele>426.070707</ele>
        <time>2026-04-30T20:43:44.445Z</time>
      </trkpt>
      <trkpt lat="50.700325" lon="12.722999">
        <ele>425.921159</ele>
        <time>2026-04-30T20:43:46.308Z</time>
      </trkpt>
      <trkpt lat="50.700213" lon="12.723050">
        <ele>425.873120</ele>
        <time>2026-04-30T20:43:47.580Z</time>
      </trkpt>
      <trkpt lat="50.700059" lon="12.722994">
        <ele>425.807993</ele>
        <time>2026-04-30T20:43:49.366Z</time>
      </trkpt>
      <trkpt lat="50.699797" lon="12.722800">
        <ele>425.688733</ele>
        <time>2026-04-30T20:43:52.753Z</time>
      </trkpt>
      <trkpt lat="50.699693" lon="12.722730">
        <ele>425.642141</ele>
        <time>2026-04-30T20:43:54.088Z</time>
      </trkpt>
      <trkpt lat="50.699505" lon="12.722604">
        <ele>425.557971</ele>
        <time>2026-04-30T20:43:56.460Z</time>
      </trkpt>
      <trkpt lat="50.699394" lon="12.722567">
        <ele>425.511218</ele>
        <time>2026-04-30T20:43:57.797Z</time>
      </trkpt>
      <trkpt lat="50.699256" lon="12.722572">
        <ele>425.454331</ele>
        <time>2026-04-30T20:43:59.395Z</time>
      </trkpt>
      <trkpt lat="50.699179" lon="12.722609">
        <ele>425.421161</ele>
        <time>2026-04-30T20:44:00.288Z</time>
      </trkpt>
      <trkpt lat="50.699033" lon="12.722708">
        <ele>425.355677</ele>
        <time>2026-04-30T20:44:02.048Z</time>
      </trkpt>
      <trkpt lat="50.698879" lon="12.722877">
        <ele>425.278386</ele>
        <time>2026-04-30T20:44:04.057Z</time>
      </trkpt>
      <trkpt lat="50.698336" lon="12.723595">
        <ele>424.216700</ele>
        <time>2026-04-30T20:44:11.093Z</time>
      </trkpt>
      <trkpt lat="50.698064" lon="12.724014">
        <ele>423.557978</ele>
        <time>2026-04-30T20:44:14.446Z</time>
      </trkpt>
      <trkpt lat="50.697691" lon="12.724579">
        <ele>422.661972</ele>
        <time>2026-04-30T20:44:18.832Z</time>
      </trkpt>
      <trkpt lat="50.697627" lon="12.724673">
        <ele>422.510453</ele>
        <time>2026-04-30T20:44:19.573Z</time>
      </trkpt>
      <trkpt lat="50.697099" lon="12.725464">
        <ele>421.821264</ele>
        <time>2026-04-30T20:44:25.795Z</time>
      </trkpt>
      <trkpt lat="50.697018" lon="12.725539">
        <ele>421.766833</ele>
        <time>2026-04-30T20:44:26.628Z</time>
      </trkpt>
      <trkpt lat="50.696838" lon="12.725557">
        <ele>421.662288</ele>
        <time>2026-04-30T20:44:28.299Z</time>
      </trkpt>
      <trkpt lat="50.696798" lon="12.725784">
        <ele>421.575778</ele>
        <time>2026-04-30T20:44:29.733Z</time>
      </trkpt>
      <trkpt lat="50.696616" lon="12.726128">
        <ele>421.411212</ele>
        <time>2026-04-30T20:44:32.679Z</time>
      </trkpt>
      <trkpt lat="50.696405" lon="12.726479">
        <ele>421.233541</ele>
        <time>2026-04-30T20:44:36.635Z</time>
      </trkpt>
      <trkpt lat="50.696325" lon="12.726603">
        <ele>421.168556</ele>
        <time>2026-04-30T20:44:38.316Z</time>
      </trkpt>
      <trkpt lat="50.696233" lon="12.726840">
        <ele>421.066497</ele>
        <time>2026-04-30T20:44:41.390Z</time>
      </trkpt>
      <trkpt lat="50.696195" lon="12.727099">
        <ele>421.693785</ele>
        <time>2026-04-30T20:44:44.564Z</time>
      </trkpt>
      <trkpt lat="50.696193" lon="12.727220">
        <ele>421.979970</ele>
        <time>2026-04-30T20:44:46.084Z</time>
      </trkpt>
      <trkpt lat="50.696208" lon="12.727726">
        <ele>423.177643</ele>
        <time>2026-04-30T20:44:53.003Z</time>
      </trkpt>
      <trkpt lat="50.696064" lon="12.727718">
        <ele>423.715472</ele>
        <time>2026-04-30T20:44:56.355Z</time>
      </trkpt>
      <trkpt lat="50.695857" lon="12.727581">
        <ele>424.553274</ele>
        <time>2026-04-30T20:45:01.884Z</time>
      </trkpt>
      <trkpt lat="50.695731" lon="12.727560">
        <ele>425.026197</ele>
        <time>2026-04-30T20:45:05.088Z</time>
      </trkpt>
      <trkpt lat="50.695629" lon="12.727585">
        <ele>425.411484</ele>
        <time>2026-04-30T20:45:07.670Z</time>
      </trkpt>
      <trkpt lat="50.694361" lon="12.728397">
        <ele>432.359536</ele>
        <time>2026-04-30T20:45:46.246Z</time>
      </trkpt>
      <trkpt lat="50.694064" lon="12.728534">
        <ele>434.290548</ele>
        <time>2026-04-30T20:45:56.176Z</time>
      </trkpt>
      <trkpt lat="50.694027" lon="12.728544">
        <ele>434.524816</ele>
        <time>2026-04-30T20:45:57.390Z</time>
      </trkpt>
      <trkpt lat="50.693841" lon="12.728579">
        <ele>435.693814</ele>
        <time>2026-04-30T20:46:03.687Z</time>
      </trkpt>
      <trkpt lat="50.693192" lon="12.728889">
        <ele>440.114938</ele>
        <time>2026-04-30T20:46:27.784Z</time>
      </trkpt>
      <trkpt lat="50.692119" lon="12.729283">
        <ele>448.405465</ele>
        <time>2026-04-30T20:47:08.571Z</time>
      </trkpt>
      <trkpt lat="50.691788" lon="12.729338">
        <ele>450.910194</ele>
        <time>2026-04-30T20:47:20.647Z</time>
      </trkpt>
      <trkpt lat="50.691134" lon="12.729222">
        <ele>455.240521</ele>
        <time>2026-04-30T20:47:43.370Z</time>
      </trkpt>
      <trkpt lat="50.691013" lon="12.729238">
        <ele>455.983119</ele>
        <time>2026-04-30T20:47:47.352Z</time>
      </trkpt>
      <trkpt lat="50.690511" lon="12.729389">
        <ele>459.108473</ele>
        <time>2026-04-30T20:48:03.367Z</time>
      </trkpt>
      <trkpt lat="50.689848" lon="12.729645">
        <ele>463.282768</ele>
        <time>2026-04-30T20:48:23.267Z</time>
      </trkpt>
      <trkpt lat="50.689754" lon="12.729653">
        <ele>463.817529</ele>
        <time>2026-04-30T20:48:25.925Z</time>
      </trkpt>
      <trkpt lat="50.689169" lon="12.729533">
        <ele>466.960288</ele>
        <time>2026-04-30T20:48:42.739Z</time>
      </trkpt>
      <trkpt lat="50.688935" lon="12.729539">
        <ele>468.207073</ele>
        <time>2026-04-30T20:48:49.600Z</time>
      </trkpt>
      <trkpt lat="50.688651" lon="12.729639">
        <ele>469.757255</ele>
        <time>2026-04-30T20:48:58.161Z</time>
      </trkpt>
      <trkpt lat="50.688010" lon="12.730067">
        <ele>473.418002</ele>
        <time>2026-04-30T20:49:18.782Z</time>
      </trkpt>
      <trkpt lat="50.686896" lon="12.730281">
        <ele>478.573467</ele>
        <time>2026-04-30T20:49:49.435Z</time>
      </trkpt>
      <trkpt lat="50.686696" lon="12.730370">
        <ele>479.528082</ele>
        <time>2026-04-30T20:49:54.606Z</time>
      </trkpt>
      <trkpt lat="50.686520" lon="12.730511">
        <ele>480.434813</ele>
        <time>2026-04-30T20:49:59.455Z</time>
      </trkpt>
      <trkpt lat="50.685932" lon="12.731177">
        <ele>483.180406</ele>
        <time>2026-04-30T20:50:16.812Z</time>
      </trkpt>
      <trkpt lat="50.685257" lon="12.731639">
        <ele>485.735611</ele>
        <time>2026-04-30T20:50:33.519Z</time>
      </trkpt>
      <trkpt lat="50.685091" lon="12.731782">
        <ele>486.392409</ele>
        <time>2026-04-30T20:50:37.759Z</time>
      </trkpt>
      <trkpt lat="50.684757" lon="12.731987">
        <ele>487.634778</ele>
        <time>2026-04-30T20:50:45.664Z</time>
      </trkpt>
      <trkpt lat="50.684059" lon="12.732413">
        <ele>488.933286</ele>
        <time>2026-04-30T20:51:01.905Z</time>
      </trkpt>
      <trkpt lat="50.683423" lon="12.732756">
        <ele>490.099469</ele>
        <time>2026-04-30T20:51:14.010Z</time>
      </trkpt>
      <trkpt lat="50.683064" lon="12.733023">
        <ele>490.685917</ele>
        <time>2026-04-30T20:51:19.012Z</time>
      </trkpt>
      <trkpt lat="50.683045" lon="12.733187">
        <ele>490.329118</ele>
        <time>2026-04-30T20:51:20.088Z</time>
      </trkpt>
      <trkpt lat="50.683091" lon="12.733917">
        <ele>488.759122</ele>
        <time>2026-04-30T20:51:24.261Z</time>
      </trkpt>
      <trkpt lat="50.683315" lon="12.734720">
        <ele>486.881430</ele>
        <time>2026-04-30T20:51:28.641Z</time>
      </trkpt>
      <trkpt lat="50.683579" lon="12.735801">
        <ele>484.282420</ele>
        <time>2026-04-30T20:51:34.089Z</time>
      </trkpt>
      <trkpt lat="50.683794" lon="12.737127">
        <ele>480.083825</ele>
        <time>2026-04-30T20:51:40.561Z</time>
      </trkpt>
      <trkpt lat="50.683824" lon="12.738269">
        <ele>476.577725</ele>
        <time>2026-04-30T20:51:48.494Z</time>
      </trkpt>
      <trkpt lat="50.683795" lon="12.738366">
        <ele>476.248716</ele>
        <time>2026-04-30T20:51:49.250Z</time>
      </trkpt>
      <trkpt lat="50.683699" lon="12.738517">
        <ele>475.788040</ele>
        <time>2026-04-30T20:51:50.755Z</time>
      </trkpt>
      <trkpt lat="50.682920" lon="12.739486">
        <ele>473.471522</ele>
        <time>2026-04-30T20:52:02.286Z</time>
      </trkpt>
      <trkpt lat="50.682716" lon="12.739735">
        <ele>472.869214</ele>
        <time>2026-04-30T20:52:05.615Z</time>
      </trkpt>
      <trkpt lat="50.682637" lon="12.739880">
        <ele>472.586222</ele>
        <time>2026-04-30T20:52:07.248Z</time>
      </trkpt>
      <trkpt lat="50.682402" lon="12.739782">
        <ele>472.018538</ele>
        <time>2026-04-30T20:52:09.740Z</time>
      </trkpt>
      <trkpt lat="50.681819" lon="12.739754">
        <ele>472.407661</ele>
        <time>2026-04-30T20:52:17.397Z</time>
      </trkpt>
      <trkpt lat="50.681500" lon="12.739828">
        <ele>472.839374</ele>
        <time>2026-04-30T20:52:22.819Z</time>
      </trkpt>
      <trkpt lat="50.681193" lon="12.739944">
        <ele>473.262048</ele>
        <time>2026-04-30T20:52:28.691Z</time>
      </trkpt>
      <trkpt lat="50.680608" lon="12.740240">
        <ele>474.084604</ele>
        <time>2026-04-30T20:52:40.147Z</time>
      </trkpt>
      <trkpt lat="50.680434" lon="12.740282">
        <ele>474.314546</ele>
        <time>2026-04-30T20:52:43.388Z</time>
      </trkpt>
      <trkpt lat="50.680039" lon="12.740307">
        <ele>474.822520</ele>
        <time>2026-04-30T20:52:50.442Z</time>
      </trkpt>
      <trkpt lat="50.679675" lon="12.740318">
        <ele>475.290337</ele>
        <time>2026-04-30T20:52:56.673Z</time>
      </trkpt>
      <trkpt lat="50.679250" lon="12.740404">
        <ele>475.840923</ele>
        <time>2026-04-30T20:53:04.122Z</time>
      </trkpt>
      <trkpt lat="50.678531" lon="12.740619">
        <ele>476.485066</ele>
        <time>2026-04-30T20:53:13.571Z</time>
      </trkpt>
      <trkpt lat="50.678228" lon="12.740607">
        <ele>476.479848</ele>
        <time>2026-04-30T20:53:16.685Z</time>
      </trkpt>
      <trkpt lat="50.678204" lon="12.740606">
        <ele>476.479435</ele>
        <time>2026-04-30T20:53:16.940Z</time>
      </trkpt>
      <trkpt lat="50.678153" lon="12.741043">
        <ele>476.474587</ele>
        <time>2026-04-30T20:53:20.785Z</time>
      </trkpt>
      <trkpt lat="50.678076" lon="12.741361">
        <ele>476.470874</ele>
        <time>2026-04-30T20:53:23.675Z</time>
      </trkpt>
      <trkpt lat="50.677841" lon="12.741596">
        <ele>476.466084</ele>
        <time>2026-04-30T20:53:27.701Z</time>
      </trkpt>
      <trkpt lat="50.677775" lon="12.741717">
        <ele>476.464343</ele>
        <time>2026-04-30T20:53:29.282Z</time>
      </trkpt>
      <trkpt lat="50.677748" lon="12.741848">
        <ele>476.462840</ele>
        <time>2026-04-30T20:53:30.658Z</time>
      </trkpt>
      <trkpt lat="50.677322" lon="12.741956">
        <ele>477.265437</ele>
        <time>2026-04-30T20:53:38.794Z</time>
      </trkpt>
      <trkpt lat="50.677257" lon="12.741992">
        <ele>477.632944</ele>
        <time>2026-04-30T20:53:40.373Z</time>
      </trkpt>
      <trkpt lat="50.677175" lon="12.742038">
        <ele>478.097227</ele>
        <time>2026-04-30T20:53:42.402Z</time>
      </trkpt>
      <trkpt lat="50.676868" lon="12.742386">
        <ele>480.113799</ele>
        <time>2026-04-30T20:53:53.087Z</time>
      </trkpt>
      <trkpt lat="50.676561" lon="12.742986">
        <ele>482.720902</ele>
        <time>2026-04-30T20:54:10.355Z</time>
      </trkpt>
      <trkpt lat="50.676366" lon="12.742957">
        <ele>483.765822</ele>
        <time>2026-04-30T20:54:17.413Z</time>
      </trkpt>
      <trkpt lat="50.675980" lon="12.743090">
        <ele>485.873619</ele>
        <time>2026-04-30T20:54:34.704Z</time>
      </trkpt>
      <trkpt lat="50.675812" lon="12.743182">
        <ele>487.216235</ele>
        <time>2026-04-30T20:54:42.651Z</time>
      </trkpt>
      <trkpt lat="50.675590" lon="12.743393">
        <ele>489.307338</ele>
        <time>2026-04-30T20:54:54.283Z</time>
      </trkpt>
      <trkpt lat="50.674745" lon="12.744356">
        <ele>497.717721</ele>
        <time>2026-04-30T20:55:39.578Z</time>
      </trkpt>
      <trkpt lat="50.674003" lon="12.745227">
        <ele>503.761983</ele>
        <time>2026-04-30T20:56:14.434Z</time>
      </trkpt>
      <trkpt lat="50.673183" lon="12.745965">
        <ele>509.038090</ele>
        <time>2026-04-30T20:56:45.077Z</time>
      </trkpt>
      <trkpt lat="50.672956" lon="12.746323">
        <ele>510.798234</ele>
        <time>2026-04-30T20:56:55.042Z</time>
      </trkpt>
      <trkpt lat="50.672813" lon="12.746633">
        <ele>511.941471</ele>
        <time>2026-04-30T20:57:02.506Z</time>
      </trkpt>
      <trkpt lat="50.672773" lon="12.746824">
        <ele>512.541256</ele>
        <time>2026-04-30T20:57:06.411Z</time>
      </trkpt>
      <trkpt lat="50.672695" lon="12.746923">
        <ele>513.012216</ele>
        <time>2026-04-30T20:57:09.053Z</time>
      </trkpt>
      <trkpt lat="50.672548" lon="12.747278">
        <ele>514.276620</ele>
        <time>2026-04-30T20:57:16.139Z</time>
      </trkpt>
      <trkpt lat="50.672269" lon="12.748236">
        <ele>517.420234</ele>
        <time>2026-04-30T20:57:34.198Z</time>
      </trkpt>
      <trkpt lat="50.671817" lon="12.749231">
        <ele>521.097709</ele>
        <time>2026-04-30T20:57:55.346Z</time>
      </trkpt>
      <trkpt lat="50.671685" lon="12.749440">
        <ele>521.989555</ele>
        <time>2026-04-30T20:58:00.368Z</time>
      </trkpt>
      <trkpt lat="50.670649" lon="12.750701">
        <ele>528.289076</ele>
        <time>2026-04-30T20:58:35.454Z</time>
      </trkpt>
      <trkpt lat="50.668873" lon="12.752210">
        <ele>539.111790</ele>
        <time>2026-04-30T20:59:34.040Z</time>
      </trkpt>
      <trkpt lat="50.668418" lon="12.752597">
        <ele>542.142280</ele>
        <time>2026-04-30T20:59:49.999Z</time>
      </trkpt>
      <trkpt lat="50.668307" lon="12.752670">
        <ele>542.847321</ele>
        <time>2026-04-30T20:59:53.745Z</time>
      </trkpt>
      <trkpt lat="50.668127" lon="12.752704">
        <ele>543.910159</ele>
        <time>2026-04-30T20:59:59.452Z</time>
      </trkpt>
      <trkpt lat="50.666857" lon="12.752594">
        <ele>550.921527</ele>
        <time>2026-04-30T21:00:39.439Z</time>
      </trkpt>
      <trkpt lat="50.666656" lon="12.752591">
        <ele>551.957771</ele>
        <time>2026-04-30T21:00:45.384Z</time>
      </trkpt>
      <trkpt lat="50.666470" lon="12.752658">
        <ele>552.941316</ele>
        <time>2026-04-30T21:00:50.932Z</time>
      </trkpt>
      <trkpt lat="50.666029" lon="12.753013">
        <ele>555.493596</ele>
        <time>2026-04-30T21:01:04.618Z</time>
      </trkpt>
      <trkpt lat="50.664724" lon="12.754288">
        <ele>560.547044</ele>
        <time>2026-04-30T21:01:40.194Z</time>
      </trkpt>
      <trkpt lat="50.664464" lon="12.754534">
        <ele>561.418018</ele>
        <time>2026-04-30T21:01:46.023Z</time>
      </trkpt>
      <trkpt lat="50.663365" lon="12.755443">
        <ele>562.587383</ele>
        <time>2026-04-30T21:02:03.323Z</time>
      </trkpt>
      <trkpt lat="50.662241" lon="12.756366">
        <ele>564.438816</ele>
        <time>2026-04-30T21:02:17.602Z</time>
      </trkpt>
      <trkpt lat="50.662147" lon="12.756441">
        <ele>564.771066</ele>
        <time>2026-04-30T21:02:19.220Z</time>
      </trkpt>
      <trkpt lat="50.661724" lon="12.756704">
        <ele>566.205143</ele>
        <time>2026-04-30T21:02:27.867Z</time>
      </trkpt>
      <trkpt lat="50.661645" lon="12.756742">
        <ele>566.465645</ele>
        <time>2026-04-30T21:02:29.784Z</time>
      </trkpt>
      <trkpt lat="50.661367" lon="12.757083">
        <ele>567.576366</ele>
        <time>2026-04-30T21:02:39.123Z</time>
      </trkpt>
      <trkpt lat="50.660865" lon="12.757750">
        <ele>571.841059</ele>
        <time>2026-04-30T21:03:01.449Z</time>
      </trkpt>
      <trkpt lat="50.660258" lon="12.758854">
        <ele>581.129933</ele>
        <time>2026-04-30T21:03:42.584Z</time>
      </trkpt>
      <trkpt lat="50.659685" lon="12.759771">
        <ele>589.562393</ele>
        <time>2026-04-30T21:04:25.062Z</time>
      </trkpt>
      <trkpt lat="50.659457" lon="12.760643">
        <ele>596.121640</ele>
        <time>2026-04-30T21:04:56.188Z</time>
      </trkpt>
      <trkpt lat="50.659283" lon="12.761098">
        <ele>599.816757</ele>
        <time>2026-04-30T21:05:12.768Z</time>
      </trkpt>
      <trkpt lat="50.658589" lon="12.762417">
        <ele>608.848070</ele>
        <time>2026-04-30T21:05:57.210Z</time>
      </trkpt>
      <trkpt lat="50.658163" lon="12.763144">
        <ele>612.003323</ele>
        <time>2026-04-30T21:06:16.312Z</time>
      </trkpt>
      <trkpt lat="50.657745" lon="12.764219">
        <ele>614.955150</ele>
        <time>2026-04-30T21:06:31.722Z</time>
      </trkpt>
      <trkpt lat="50.657553" lon="12.764846">
        <ele>613.061116</ele>
        <time>2026-04-30T21:06:35.740Z</time>
      </trkpt>
      <trkpt lat="50.657279" lon="12.765508">
        <ele>610.910611</ele>
        <time>2026-04-30T21:06:39.585Z</time>
      </trkpt>
      <trkpt lat="50.657029" lon="12.765877">
        <ele>609.441573</ele>
        <time>2026-04-30T21:06:42.067Z</time>
      </trkpt>
      <trkpt lat="50.656401" lon="12.766621">
        <ele>604.289099</ele>
        <time>2026-04-30T21:06:47.584Z</time>
      </trkpt>
      <trkpt lat="50.656298" lon="12.767035">
        <ele>601.778412</ele>
        <time>2026-04-30T21:06:49.537Z</time>
      </trkpt>
      <trkpt lat="50.656252" lon="12.767514">
        <ele>599.043453</ele>
        <time>2026-04-30T21:06:51.660Z</time>
      </trkpt>
      <trkpt lat="50.656186" lon="12.767894">
        <ele>596.819178</ele>
        <time>2026-04-30T21:06:53.402Z</time>
      </trkpt>
      <trkpt lat="50.656041" lon="12.768179">
        <ele>594.756222</ele>
        <time>2026-04-30T21:06:55.022Z</time>
      </trkpt>
      <trkpt lat="50.655740" lon="12.768465">
        <ele>591.625872</ele>
        <time>2026-04-30T21:06:57.470Z</time>
      </trkpt>
      <trkpt lat="50.655267" lon="12.769057">
        <ele>586.167488</ele>
        <time>2026-04-30T21:07:01.650Z</time>
      </trkpt>
      <trkpt lat="50.654807" lon="12.769721">
        <ele>580.530702</ele>
        <time>2026-04-30T21:07:05.986Z</time>
      </trkpt>
      <trkpt lat="50.654621" lon="12.769911">
        <ele>578.527480</ele>
        <time>2026-04-30T21:07:07.529Z</time>
      </trkpt>
      <trkpt lat="50.654531" lon="12.769959">
        <ele>577.668644</ele>
        <time>2026-04-30T21:07:08.196Z</time>
      </trkpt>
      <trkpt lat="50.654221" lon="12.769956">
        <ele>575.005147</ele>
        <time>2026-04-30T21:07:10.357Z</time>
      </trkpt>
      <trkpt lat="50.653788" lon="12.769856">
        <ele>571.984892</ele>
        <time>2026-04-30T21:07:13.434Z</time>
      </trkpt>
      <trkpt lat="50.653597" lon="12.769851">
        <ele>570.666505</ele>
        <time>2026-04-30T21:07:14.789Z</time>
      </trkpt>
      <trkpt lat="50.653388" lon="12.770007">
        <ele>569.070710</ele>
        <time>2026-04-30T21:07:16.447Z</time>
      </trkpt>
      <trkpt lat="50.653460" lon="12.771342">
        <ele>563.208082</ele>
        <time>2026-04-30T21:07:22.615Z</time>
      </trkpt>
      <trkpt lat="50.653480" lon="12.772057">
        <ele>562.718492</ele>
        <time>2026-04-30T21:07:26.183Z</time>
      </trkpt>
      <trkpt lat="50.653494" lon="12.772690">
        <ele>562.417837</ele>
        <time>2026-04-30T21:07:29.792Z</time>
      </trkpt>
      <trkpt lat="50.653477" lon="12.773448">
        <ele>562.057805</ele>
        <time>2026-04-30T21:07:35.929Z</time>
      </trkpt>
      <trkpt lat="50.653422" lon="12.773730">
        <ele>561.917755</ele>
        <time>2026-04-30T21:07:39.245Z</time>
      </trkpt>
      <trkpt lat="50.653321" lon="12.773944">
        <ele>561.791118</ele>
        <time>2026-04-30T21:07:42.666Z</time>
      </trkpt>
      <trkpt lat="50.653200" lon="12.774119">
        <ele>561.820808</ele>
        <time>2026-04-30T21:07:46.300Z</time>
      </trkpt>
      <trkpt lat="50.652070" lon="12.775117">
        <ele>566.736609</ele>
        <time>2026-04-30T21:08:17.467Z</time>
      </trkpt>
      <trkpt lat="50.651469" lon="12.775801">
        <ele>569.846929</ele>
        <time>2026-04-30T21:08:36.683Z</time>
      </trkpt>
      <trkpt lat="50.650806" lon="12.776642">
        <ele>574.008914</ele>
        <time>2026-04-30T21:09:00.081Z</time>
      </trkpt>
      <trkpt lat="50.650214" lon="12.777451">
        <ele>577.761631</ele>
        <time>2026-04-30T21:09:22.992Z</time>
      </trkpt>
      <trkpt lat="50.649666" lon="12.778244">
        <ele>580.848714</ele>
        <time>2026-04-30T21:09:43.024Z</time>
      </trkpt>
      <trkpt lat="50.649336" lon="12.778807">
        <ele>582.866620</ele>
        <time>2026-04-30T21:09:54.773Z</time>
      </trkpt>
      <trkpt lat="50.648725" lon="12.779851">
        <ele>586.141730</ele>
        <time>2026-04-30T21:10:14.599Z</time>
      </trkpt>
      <trkpt lat="50.648518" lon="12.780123">
        <ele>586.975043</ele>
        <time>2026-04-30T21:10:20.187Z</time>
      </trkpt>
      <trkpt lat="50.648148" lon="12.780421">
        <ele>588.259982</ele>
        <time>2026-04-30T21:10:28.893Z</time>
      </trkpt>
      <trkpt lat="50.647435" lon="12.780791">
        <ele>590.579426</ele>
        <time>2026-04-30T21:10:45.361Z</time>
      </trkpt>
      <trkpt lat="50.646887" lon="12.781277">
        <ele>592.506762</ele>
        <time>2026-04-30T21:10:59.796Z</time>
      </trkpt>
      <trkpt lat="50.646126" lon="12.781924">
        <ele>595.157073</ele>
        <time>2026-04-30T21:11:18.299Z</time>
      </trkpt>
      <trkpt lat="50.645882" lon="12.782072">
        <ele>595.945350</ele>
        <time>2026-04-30T21:11:23.730Z</time>
      </trkpt>
      <trkpt lat="50.644695" lon="12.782535">
        <ele>599.185571</ele>
        <time>2026-04-30T21:11:48.365Z</time>
      </trkpt>
      <trkpt lat="50.644459" lon="12.782643">
        <ele>599.836748</ele>
        <time>2026-04-30T21:11:53.338Z</time>
      </trkpt>
      <trkpt lat="50.644078" lon="12.782881">
        <ele>600.893944</ele>
        <time>2026-04-30T21:12:01.791Z</time>
      </trkpt>
      <trkpt lat="50.643728" lon="12.783210">
        <ele>601.868435</ele>
        <time>2026-04-30T21:12:10.204Z</time>
      </trkpt>
      <trkpt lat="50.643448" lon="12.783546">
        <ele>602.709924</ele>
        <time>2026-04-30T21:12:17.553Z</time>
      </trkpt>
      <trkpt lat="50.643160" lon="12.783997">
        <ele>603.680631</ele>
        <time>2026-04-30T21:12:25.479Z</time>
      </trkpt>
      <trkpt lat="50.642818" lon="12.784660">
        <ele>604.950505</ele>
        <time>2026-04-30T21:12:35.614Z</time>
      </trkpt>
      <trkpt lat="50.642669" lon="12.785007">
        <ele>605.233035</ele>
        <time>2026-04-30T21:12:40.250Z</time>
      </trkpt>
      <trkpt lat="50.641524" lon="12.787634">
        <ele>605.761727</ele>
        <time>2026-04-30T21:13:09.769Z</time>
      </trkpt>
      <trkpt lat="50.641341" lon="12.787933">
        <ele>605.201959</ele>
        <time>2026-04-30T21:13:12.238Z</time>
      </trkpt>
      <trkpt lat="50.641012" lon="12.788288">
        <ele>604.355144</ele>
        <time>2026-04-30T21:13:15.677Z</time>
      </trkpt>
      <trkpt lat="50.638187" lon="12.790573">
        <ele>590.226206</ele>
        <time>2026-04-30T21:13:39.754Z</time>
      </trkpt>
      <trkpt lat="50.637609" lon="12.791075">
        <ele>586.547230</ele>
        <time>2026-04-30T21:13:44.591Z</time>
      </trkpt>
      <trkpt lat="50.636195" lon="12.792637">
        <ele>576.300325</ele>
        <time>2026-04-30T21:13:57.208Z</time>
      </trkpt>
      <trkpt lat="50.635841" lon="12.793034">
        <ele>573.676357</ele>
        <time>2026-04-30T21:14:00.405Z</time>
      </trkpt>
      <trkpt lat="50.635340" lon="12.793579">
        <ele>570.302473</ele>
        <time>2026-04-30T21:14:04.918Z</time>
      </trkpt>
      <trkpt lat="50.634793" lon="12.793997">
        <ele>566.947774</ele>
        <time>2026-04-30T21:14:09.459Z</time>
      </trkpt>
      <trkpt lat="50.634115" lon="12.794507">
        <ele>562.780508</ele>
        <time>2026-04-30T21:14:15.062Z</time>
      </trkpt>
      <trkpt lat="50.634015" lon="12.794614">
        <ele>562.095138</ele>
        <time>2026-04-30T21:14:15.960Z</time>
      </trkpt>
      <trkpt lat="50.633862" lon="12.794788">
        <ele>561.025298</ele>
        <time>2026-04-30T21:14:17.358Z</time>
      </trkpt>
      <trkpt lat="50.633787" lon="12.794917">
        <ele>560.395848</ele>
        <time>2026-04-30T21:14:18.176Z</time>
      </trkpt>
      <trkpt lat="50.633595" lon="12.795382">
        <ele>558.400066</ele>
        <time>2026-04-30T21:14:20.761Z</time>
      </trkpt>
      <trkpt lat="50.633024" lon="12.797224">
        <ele>551.548597</ele>
        <time>2026-04-30T21:14:30.359Z</time>
      </trkpt>
      <trkpt lat="50.633007" lon="12.797281">
        <ele>551.372383</ele>
        <time>2026-04-30T21:14:30.667Z</time>
      </trkpt>
      <trkpt lat="50.632920" lon="12.797610">
        <ele>550.375178</ele>
        <time>2026-04-30T21:14:32.406Z</time>
      </trkpt>
      <trkpt lat="50.632802" lon="12.798110">
        <ele>548.882675</ele>
        <time>2026-04-30T21:14:35.039Z</time>
      </trkpt>
      <trkpt lat="50.632773" lon="12.798259">
        <ele>548.446644</ele>
        <time>2026-04-30T21:14:35.814Z</time>
      </trkpt>
      <trkpt lat="50.632744" lon="12.798386">
        <ele>548.069021</ele>
        <time>2026-04-30T21:14:36.494Z</time>
      </trkpt>
      <trkpt lat="50.632676" lon="12.798692">
        <ele>547.161923</ele>
        <time>2026-04-30T21:14:38.126Z</time>
      </trkpt>
      <trkpt lat="50.632611" lon="12.799024">
        <ele>546.189865</ele>
        <time>2026-04-30T21:14:39.870Z</time>
      </trkpt>
      <trkpt lat="50.632551" lon="12.799447">
        <ele>545.038441</ele>
        <time>2026-04-30T21:14:42.058Z</time>
      </trkpt>
      <trkpt lat="50.632520" lon="12.799660">
        <ele>544.506838</ele>
        <time>2026-04-30T21:14:43.166Z</time>
      </trkpt>
      <trkpt lat="50.632509" lon="12.799743">
        <ele>544.300573</ele>
        <time>2026-04-30T21:14:43.596Z</time>
      </trkpt>
      <trkpt lat="50.632444" lon="12.800244">
        <ele>543.056618</ele>
        <time>2026-04-30T21:14:46.135Z</time>
      </trkpt>
      <trkpt lat="50.632375" lon="12.800775">
        <ele>541.738089</ele>
        <time>2026-04-30T21:14:48.805Z</time>
      </trkpt>
      <trkpt lat="50.632342" lon="12.801024">
        <ele>541.119295</ele>
        <time>2026-04-30T21:14:50.061Z</time>
      </trkpt>
      <trkpt lat="50.632325" lon="12.801158">
        <ele>540.786872</ele>
        <time>2026-04-30T21:14:50.741Z</time>
      </trkpt>
      <trkpt lat="50.632271" lon="12.801559">
        <ele>539.789662</ele>
        <time>2026-04-30T21:14:52.779Z</time>
      </trkpt>
      <trkpt lat="50.632258" lon="12.801657">
        <ele>539.546111</ele>
        <time>2026-04-30T21:14:53.278Z</time>
      </trkpt>
      <trkpt lat="50.632182" lon="12.802228">
        <ele>538.198927</ele>
        <time>2026-04-30T21:14:56.194Z</time>
      </trkpt>
      <trkpt lat="50.632172" lon="12.802298">
        <ele>538.054231</ele>
        <time>2026-04-30T21:14:56.555Z</time>
      </trkpt>
      <trkpt lat="50.632135" lon="12.802570">
        <ele>537.493250</ele>
        <time>2026-04-30T21:14:57.968Z</time>
      </trkpt>
      <trkpt lat="50.632106" lon="12.802786">
        <ele>537.048018</ele>
        <time>2026-04-30T21:14:59.089Z</time>
      </trkpt>
      <trkpt lat="50.632076" lon="12.803009">
        <ele>536.588318</ele>
        <time>2026-04-30T21:15:00.253Z</time>
      </trkpt>
      <trkpt lat="50.631986" lon="12.803684">
        <ele>535.197376</ele>
        <time>2026-04-30T21:15:03.802Z</time>
      </trkpt>
      <trkpt lat="50.631912" lon="12.804205">
        <ele>534.120716</ele>
        <time>2026-04-30T21:15:06.594Z</time>
      </trkpt>
      <trkpt lat="50.631825" lon="12.804738">
        <ele>533.010856</ele>
        <time>2026-04-30T21:15:09.511Z</time>
      </trkpt>
      <trkpt lat="50.631778" lon="12.804971">
        <ele>532.480590</ele>
        <time>2026-04-30T21:15:10.801Z</time>
      </trkpt>
      <trkpt lat="50.631729" lon="12.805209">
        <ele>531.915847</ele>
        <time>2026-04-30T21:15:12.130Z</time>
      </trkpt>
      <trkpt lat="50.631594" lon="12.805704">
        <ele>530.699760</ele>
        <time>2026-04-30T21:15:14.993Z</time>
      </trkpt>
      <trkpt lat="50.631495" lon="12.806050">
        <ele>529.843075</ele>
        <time>2026-04-30T21:15:16.972Z</time>
      </trkpt>
      <trkpt lat="50.631375" lon="12.806459">
        <ele>528.826006</ele>
        <time>2026-04-30T21:15:19.262Z</time>
      </trkpt>
      <trkpt lat="50.631279" lon="12.806797">
        <ele>527.990163</ele>
        <time>2026-04-30T21:15:21.099Z</time>
      </trkpt>
      <trkpt lat="50.631164" lon="12.807183">
        <ele>527.027656</ele>
        <time>2026-04-30T21:15:23.160Z</time>
      </trkpt>
      <trkpt lat="50.631052" lon="12.807564">
        <ele>526.173693</ele>
        <time>2026-04-30T21:15:25.151Z</time>
      </trkpt>
      <trkpt lat="50.630950" lon="12.807901">
        <ele>525.556658</ele>
        <time>2026-04-30T21:15:26.914Z</time>
      </trkpt>
      <trkpt lat="50.630604" lon="12.809034">
        <ele>523.478706</ele>
        <time>2026-04-30T21:15:33.148Z</time>
      </trkpt>
      <trkpt lat="50.630503" lon="12.809281">
        <ele>522.993081</ele>
        <time>2026-04-30T21:15:34.822Z</time>
      </trkpt>
      <trkpt lat="50.630475" lon="12.809334">
        <ele>522.879100</ele>
        <time>2026-04-30T21:15:35.239Z</time>
      </trkpt>
      <trkpt lat="50.630448" lon="12.809389">
        <ele>522.764173</ele>
        <time>2026-04-30T21:15:35.657Z</time>
      </trkpt>
      <trkpt lat="50.630378" lon="12.809531">
        <ele>522.466989</ele>
        <time>2026-04-30T21:15:36.850Z</time>
      </trkpt>
      <trkpt lat="50.630055" lon="12.810142">
        <ele>522.325208</ele>
        <time>2026-04-30T21:15:44.154Z</time>
      </trkpt>
      <trkpt lat="50.629973" lon="12.810424">
        <ele>522.828397</ele>
        <time>2026-04-30T21:15:48.053Z</time>
      </trkpt>
      <trkpt lat="50.630024" lon="12.811326">
        <ele>524.297290</ele>
        <time>2026-04-30T21:16:01.318Z</time>
      </trkpt>
      <trkpt lat="50.630033" lon="12.812011">
        <ele>525.408635</ele>
        <time>2026-04-30T21:16:11.775Z</time>
      </trkpt>
      <trkpt lat="50.629998" lon="12.812430">
        <ele>526.094142</ele>
        <time>2026-04-30T21:16:17.697Z</time>
      </trkpt>
      <trkpt lat="50.629961" lon="12.812729">
        <ele>526.493098</ele>
        <time>2026-04-30T21:16:21.498Z</time>
      </trkpt>
      <trkpt lat="50.629880" lon="12.813191">
        <ele>526.967965</ele>
        <time>2026-04-30T21:16:27.030Z</time>
      </trkpt>
      <trkpt lat="50.629821" lon="12.813494">
        <ele>527.281974</ele>
        <time>2026-04-30T21:16:30.483Z</time>
      </trkpt>
      <trkpt lat="50.629791" lon="12.813828">
        <ele>527.616171</ele>
        <time>2026-04-30T21:16:34.028Z</time>
      </trkpt>
      <trkpt lat="50.629710" lon="12.814435">
        <ele>528.230693</ele>
        <time>2026-04-30T21:16:40.221Z</time>
      </trkpt>
      <trkpt lat="50.629504" lon="12.815471">
        <ele>529.238107</ele>
        <time>2026-04-30T21:16:50.436Z</time>
      </trkpt>
      <trkpt lat="50.629490" lon="12.815554">
        <ele>529.285365</ele>
        <time>2026-04-30T21:16:51.210Z</time>
      </trkpt>
      <trkpt lat="50.629175" lon="12.817613">
        <ele>530.450810</ele>
        <time>2026-04-30T21:17:11.896Z</time>
      </trkpt>
      <trkpt lat="50.629118" lon="12.818095">
        <ele>530.719095</ele>
        <time>2026-04-30T21:17:16.072Z</time>
      </trkpt>
      <trkpt lat="50.629075" lon="12.819428">
        <ele>531.305810</ele>
        <time>2026-04-30T21:17:26.150Z</time>
      </trkpt>
      <trkpt lat="50.629072" lon="12.819509">
        <ele>531.341477</ele>
        <time>2026-04-30T21:17:26.744Z</time>
      </trkpt>
      <trkpt lat="50.629021" lon="12.820716">
        <ele>531.873225</ele>
        <time>2026-04-30T21:17:37.777Z</time>
      </trkpt>
      <trkpt lat="50.628914" lon="12.821743">
        <ele>532.969317</ele>
        <time>2026-04-30T21:17:49.802Z</time>
      </trkpt>
      <trkpt lat="50.628629" lon="12.823384">
        <ele>535.003886</ele>
        <time>2026-04-30T21:18:10.758Z</time>
      </trkpt>
      <trkpt lat="50.628388" lon="12.824513">
        <ele>536.009060</ele>
        <time>2026-04-30T21:18:22.074Z</time>
      </trkpt>
      <trkpt lat="50.628373" lon="12.824580">
        <ele>536.060981</ele>
        <time>2026-04-30T21:18:22.704Z</time>
      </trkpt>
      <trkpt lat="50.628328" lon="12.824785">
        <ele>536.219501</ele>
        <time>2026-04-30T21:18:24.698Z</time>
      </trkpt>
      <trkpt lat="50.628304" lon="12.824894">
        <ele>536.303815</ele>
        <time>2026-04-30T21:18:25.741Z</time>
      </trkpt>
      <trkpt lat="50.628248" lon="12.825154">
        <ele>536.504464</ele>
        <time>2026-04-30T21:18:28.226Z</time>
      </trkpt>
      <trkpt lat="50.628222" lon="12.825266">
        <ele>536.591617</ele>
        <time>2026-04-30T21:18:29.290Z</time>
      </trkpt>
      <trkpt lat="50.628221" lon="12.825463">
        <ele>536.735580</ele>
        <time>2026-04-30T21:18:31.050Z</time>
      </trkpt>
      <trkpt lat="50.628303" lon="12.825806">
        <ele>537.003438</ele>
        <time>2026-04-30T21:18:34.616Z</time>
      </trkpt>
      <trkpt lat="50.627915" lon="12.826349">
        <ele>537.769739</ele>
        <time>2026-04-30T21:18:43.355Z</time>
      </trkpt>
      <trkpt lat="50.627683" lon="12.826723">
        <ele>538.512262</ele>
        <time>2026-04-30T21:18:50.017Z</time>
      </trkpt>
      <trkpt lat="50.627315" lon="12.827314">
        <ele>539.687789</ele>
        <time>2026-04-30T21:19:02.587Z</time>
      </trkpt>
      <trkpt lat="50.627127" lon="12.827609">
        <ele>540.281357</ele>
        <time>2026-04-30T21:19:09.196Z</time>
      </trkpt>
      <trkpt lat="50.626978" lon="12.827777">
        <ele>540.691277</ele>
        <time>2026-04-30T21:19:13.776Z</time>
      </trkpt>
      <trkpt lat="50.626834" lon="12.827881">
        <ele>541.045709</ele>
        <time>2026-04-30T21:19:17.828Z</time>
      </trkpt>
      <trkpt lat="50.626784" lon="12.827910">
        <ele>541.164925</ele>
        <time>2026-04-30T21:19:19.193Z</time>
      </trkpt>
      <trkpt lat="50.626277" lon="12.828205">
        <ele>542.892190</ele>
        <time>2026-04-30T21:19:31.938Z</time>
      </trkpt>
      <trkpt lat="50.625560" lon="12.828623">
        <ele>545.558321</ele>
        <time>2026-04-30T21:19:53.360Z</time>
      </trkpt>
      <trkpt lat="50.625160" lon="12.828856">
        <ele>547.045556</ele>
        <time>2026-04-30T21:20:06.309Z</time>
      </trkpt>
      <trkpt lat="50.624724" lon="12.829111">
        <ele>548.627457</ele>
        <time>2026-04-30T21:20:19.145Z</time>
      </trkpt>
      <trkpt lat="50.624386" lon="12.829308">
        <ele>549.831236</ele>
        <time>2026-04-30T21:20:27.767Z</time>
      </trkpt>
      <trkpt lat="50.624343" lon="12.829333">
        <ele>549.984334</ele>
        <time>2026-04-30T21:20:28.880Z</time>
      </trkpt>
      <trkpt lat="50.623731" lon="12.829689">
        <ele>552.163448</ele>
        <time>2026-04-30T21:20:45.102Z</time>
      </trkpt>
      <trkpt lat="50.623445" lon="12.829899">
        <ele>553.217384</ele>
        <time>2026-04-30T21:20:51.350Z</time>
      </trkpt>
      <trkpt lat="50.623032" lon="12.830310">
        <ele>554.261570</ele>
        <time>2026-04-30T21:20:59.531Z</time>
      </trkpt>
      <trkpt lat="50.622960" lon="12.830393">
        <ele>554.403384</ele>
        <time>2026-04-30T21:21:01.049Z</time>
      </trkpt>
      <trkpt lat="50.622138" lon="12.831450">
        <ele>556.089934</ele>
        <time>2026-04-30T21:21:18.020Z</time>
      </trkpt>
      <trkpt lat="50.621703" lon="12.831893">
        <ele>557.195637</ele>
        <time>2026-04-30T21:21:26.265Z</time>
      </trkpt>
      <trkpt lat="50.621380" lon="12.832165">
        <ele>558.282677</ele>
        <time>2026-04-30T21:21:33.464Z</time>
      </trkpt>
      <trkpt lat="50.621160" lon="12.832332">
        <ele>559.007505</ele>
        <time>2026-04-30T21:21:38.698Z</time>
      </trkpt>
      <trkpt lat="50.620944" lon="12.832498">
        <ele>559.720827</ele>
        <time>2026-04-30T21:21:44.044Z</time>
      </trkpt>
      <trkpt lat="50.620344" lon="12.832956">
        <ele>561.699718</ele>
        <time>2026-04-30T21:22:00.353Z</time>
      </trkpt>
      <trkpt lat="50.619885" lon="12.833306">
        <ele>562.656106</ele>
        <time>2026-04-30T21:22:12.846Z</time>
      </trkpt>
      <trkpt lat="50.619754" lon="12.833403">
        <ele>562.899677</ele>
        <time>2026-04-30T21:22:15.963Z</time>
      </trkpt>
      <trkpt lat="50.619406" lon="12.833645">
        <ele>563.539781</ele>
        <time>2026-04-30T21:22:23.230Z</time>
      </trkpt>
      <trkpt lat="50.619214" lon="12.833752">
        <ele>563.882494</ele>
        <time>2026-04-30T21:22:26.587Z</time>
      </trkpt>
      <trkpt lat="50.619028" lon="12.833857">
        <ele>564.214978</ele>
        <time>2026-04-30T21:22:29.561Z</time>
      </trkpt>
      <trkpt lat="50.618788" lon="12.833946">
        <ele>564.629893</ele>
        <time>2026-04-30T21:22:32.506Z</time>
      </trkpt>
      <trkpt lat="50.618037" lon="12.834189">
        <ele>565.299037</ele>
        <time>2026-04-30T21:22:39.578Z</time>
      </trkpt>
      <trkpt lat="50.618088" lon="12.834584">
        <ele>565.452876</ele>
        <time>2026-04-30T21:22:41.977Z</time>
      </trkpt>
      <trkpt lat="50.618132" lon="12.834924">
        <ele>565.585306</ele>
        <time>2026-04-30T21:22:44.450Z</time>
      </trkpt>
      <trkpt lat="50.618193" lon="12.835400">
        <ele>565.770637</ele>
        <time>2026-04-30T21:22:48.668Z</time>
      </trkpt>
      <trkpt lat="50.618215" lon="12.835573">
        <ele>565.837974</ele>
        <time>2026-04-30T21:22:50.381Z</time>
      </trkpt>
      <trkpt lat="50.618240" lon="12.835795">
        <ele>565.924022</ele>
        <time>2026-04-30T21:22:52.815Z</time>
      </trkpt>
      <trkpt lat="50.618371" lon="12.837592">
        <ele>572.101650</ele>
        <time>2026-04-30T21:23:25.365Z</time>
      </trkpt>
      <trkpt lat="50.618484" lon="12.839397">
        <ele>579.686205</ele>
        <time>2026-04-30T21:24:09.964Z</time>
      </trkpt>
      <trkpt lat="50.618524" lon="12.839763">
        <ele>581.419282</ele>
        <time>2026-04-30T21:24:19.116Z</time>
      </trkpt>
      <trkpt lat="50.618588" lon="12.840087">
        <ele>583.002791</ele>
        <time>2026-04-30T21:24:27.206Z</time>
      </trkpt>
      <trkpt lat="50.618687" lon="12.840461">
        <ele>584.893839</ele>
        <time>2026-04-30T21:24:36.457Z</time>
      </trkpt>
      <trkpt lat="50.618875" lon="12.840977">
        <ele>587.670479</ele>
        <time>2026-04-30T21:24:49.490Z</time>
      </trkpt>
      <trkpt lat="50.619010" lon="12.841228">
        <ele>589.205964</ele>
        <time>2026-04-30T21:24:56.254Z</time>
      </trkpt>
      <trkpt lat="50.619186" lon="12.841501">
        <ele>590.946414</ele>
        <time>2026-04-30T21:25:03.971Z</time>
      </trkpt>
      <trkpt lat="50.619785" lon="12.842216">
        <ele>595.478176</ele>
        <time>2026-04-30T21:25:25.720Z</time>
      </trkpt>
      <trkpt lat="50.620542" lon="12.843092">
        <ele>601.142134</ele>
        <time>2026-04-30T21:25:55.083Z</time>
      </trkpt>
      <trkpt lat="50.621139" lon="12.843795">
        <ele>606.489559</ele>
        <time>2026-04-30T21:26:20.826Z</time>
      </trkpt>
      <trkpt lat="50.621371" lon="12.844152">
        <ele>608.843354</ele>
        <time>2026-04-30T21:26:32.815Z</time>
      </trkpt>
      <trkpt lat="50.621568" lon="12.844522">
        <ele>611.068097</ele>
        <time>2026-04-30T21:26:44.191Z</time>
      </trkpt>
      <trkpt lat="50.621810" lon="12.845109">
        <ele>614.292376</ele>
        <time>2026-04-30T21:27:00.124Z</time>
      </trkpt>
      <trkpt lat="50.622127" lon="12.846160">
        <ele>619.516365</ele>
        <time>2026-04-30T21:27:25.748Z</time>
      </trkpt>
      <trkpt lat="50.622335" lon="12.847119">
        <ele>624.060999</ele>
        <time>2026-04-30T21:27:47.895Z</time>
      </trkpt>
      <trkpt lat="50.622429" lon="12.847655">
        <ele>626.554621</ele>
        <time>2026-04-30T21:28:00.087Z</time>
      </trkpt>
      <trkpt lat="50.622605" lon="12.849021">
        <ele>632.681471</ele>
        <time>2026-04-30T21:28:29.340Z</time>
      </trkpt>
      <trkpt lat="50.622624" lon="12.849606">
        <ele>635.250036</ele>
        <time>2026-04-30T21:28:42.038Z</time>
      </trkpt>
      <trkpt lat="50.622566" lon="12.850216">
        <ele>637.954739</ele>
        <time>2026-04-30T21:28:55.810Z</time>
      </trkpt>
      <trkpt lat="50.622499" lon="12.850584">
        <ele>639.633542</ele>
        <time>2026-04-30T21:29:04.225Z</time>
      </trkpt>
      <trkpt lat="50.622177" lon="12.851820">
        <ele>646.004023</ele>
        <time>2026-04-30T21:29:33.480Z</time>
      </trkpt>
      <trkpt lat="50.621833" lon="12.853090">
        <ele>652.589536</ele>
        <time>2026-04-30T21:30:05.959Z</time>
      </trkpt>
      <trkpt lat="50.621761" lon="12.853444">
        <ele>654.525250</ele>
        <time>2026-04-30T21:30:14.689Z</time>
      </trkpt>
      <trkpt lat="50.621703" lon="12.853984">
        <ele>657.494336</ele>
        <time>2026-04-30T21:30:27.690Z</time>
      </trkpt>
      <trkpt lat="50.621712" lon="12.855178">
        <ele>663.967670</ele>
        <time>2026-04-30T21:30:58.641Z</time>
      </trkpt>
      <trkpt lat="50.621632" lon="12.855771">
        <ele>667.254303</ele>
        <time>2026-04-30T21:31:14.936Z</time>
      </trkpt>
      <trkpt lat="50.621564" lon="12.856012">
        <ele>668.654286</ele>
        <time>2026-04-30T21:31:21.525Z</time>
      </trkpt>
      <trkpt lat="50.621192" lon="12.856964">
        <ele>673.453220</ele>
        <time>2026-04-30T21:31:47.025Z</time>
      </trkpt>
      <trkpt lat="50.620961" lon="12.857520">
        <ele>676.305814</ele>
        <time>2026-04-30T21:32:00.860Z</time>
      </trkpt>
      <trkpt lat="50.620848" lon="12.857890">
        <ele>678.068334</ele>
        <time>2026-04-30T21:32:08.909Z</time>
      </trkpt>
      <trkpt lat="50.620756" lon="12.858277">
        <ele>679.842183</ele>
        <time>2026-04-30T21:32:16.583Z</time>
      </trkpt>
      <trkpt lat="50.620491" lon="12.859737">
        <ele>685.389521</ele>
        <time>2026-04-30T21:32:44.350Z</time>
      </trkpt>
      <trkpt lat="50.619554" lon="12.864911">
        <ele>705.135690</ele>
        <time>2026-04-30T21:34:28.418Z</time>
      </trkpt>
      <trkpt lat="50.619482" lon="12.865612">
        <ele>707.845616</ele>
        <time>2026-04-30T21:34:41.903Z</time>
      </trkpt>
      <trkpt lat="50.619477" lon="12.866286">
        <ele>710.417860</ele>
        <time>2026-04-30T21:34:55.093Z</time>
      </trkpt>
      <trkpt lat="50.619782" lon="12.870234">
        <ele>725.418082</ele>
        <time>2026-04-30T21:36:20.463Z</time>
      </trkpt>
      <trkpt lat="50.619870" lon="12.871385">
        <ele>727.569583</ele>
        <time>2026-04-30T21:36:37.378Z</time>
      </trkpt>
      <trkpt lat="50.619919" lon="12.872012">
        <ele>728.741974</ele>
        <time>2026-04-30T21:36:43.373Z</time>
      </trkpt>
      <trkpt lat="50.620193" lon="12.875556">
        <ele>724.994328</ele>
        <time>2026-04-30T21:37:02.907Z</time>
      </trkpt>
      <trkpt lat="50.620340" lon="12.877465">
        <ele>721.611893</ele>
        <time>2026-04-30T21:37:12.955Z</time>
      </trkpt>
      <trkpt lat="50.620640" lon="12.881155">
        <ele>714.983647</ele>
        <time>2026-04-30T21:37:32.297Z</time>
      </trkpt>
      <trkpt lat="50.620736" lon="12.882540">
        <ele>713.295610</ele>
        <time>2026-04-30T21:37:40.082Z</time>
      </trkpt>
      <trkpt lat="50.620793" lon="12.883286">
        <ele>712.385234</ele>
        <time>2026-04-30T21:37:44.533Z</time>
      </trkpt>
      <trkpt lat="50.621157" lon="12.887768">
        <ele>709.032713</ele>
        <time>2026-04-30T21:38:12.113Z</time>
      </trkpt>
      <trkpt lat="50.621299" lon="12.888577">
        <ele>708.458211</ele>
        <time>2026-04-30T21:38:17.318Z</time>
      </trkpt>
      <trkpt lat="50.621855" lon="12.891225">
        <ele>706.664387</ele>
        <time>2026-04-30T21:38:34.673Z</time>
      </trkpt>
      <trkpt lat="50.622979" lon="12.896568">
        <ele>702.627086</ele>
        <time>2026-04-30T21:39:09.268Z</time>
      </trkpt>
      <trkpt lat="50.623778" lon="12.900338">
        <ele>697.536849</ele>
        <time>2026-04-30T21:39:31.867Z</time>
      </trkpt>
      <trkpt lat="50.624440" lon="12.903459">
        <ele>688.244061</ele>
        <time>2026-04-30T21:39:47.943Z</time>
      </trkpt>
      <trkpt lat="50.625219" lon="12.907114">
        <ele>672.640659</ele>
        <time>2026-04-30T21:40:05.601Z</time>
      </trkpt>
      <trkpt lat="50.625251" lon="12.907280">
        <ele>671.892839</ele>
        <time>2026-04-30T21:40:06.396Z</time>
      </trkpt>
      <trkpt lat="50.625303" lon="12.907556">
        <ele>670.651830</ele>
        <time>2026-04-30T21:40:07.710Z</time>
      </trkpt>
      <trkpt lat="50.625329" lon="12.907749">
        <ele>669.801386</ele>
        <time>2026-04-30T21:40:08.611Z</time>
      </trkpt>
      <trkpt lat="50.625340" lon="12.908083">
        <ele>668.345585</ele>
        <time>2026-04-30T21:40:10.138Z</time>
      </trkpt>
      <trkpt lat="50.625312" lon="12.909074">
        <ele>663.863842</ele>
        <time>2026-04-30T21:40:14.675Z</time>
      </trkpt>
      <trkpt lat="50.625214" lon="12.911327">
        <ele>653.909564</ele>
        <time>2026-04-30T21:40:24.900Z</time>
      </trkpt>
      <trkpt lat="50.625168" lon="12.912395">
        <ele>649.623687</ele>
        <time>2026-04-30T21:40:29.851Z</time>
      </trkpt>
      <trkpt lat="50.625147" lon="12.913136">
        <ele>646.653928</ele>
        <time>2026-04-30T21:40:33.326Z</time>
      </trkpt>
      <trkpt lat="50.625202" lon="12.913844">
        <ele>643.731660</ele>
        <time>2026-04-30T21:40:36.672Z</time>
      </trkpt>
      <trkpt lat="50.625302" lon="12.914370">
        <ele>641.323225</ele>
        <time>2026-04-30T21:40:39.247Z</time>
      </trkpt>
      <trkpt lat="50.625344" lon="12.914568">
        <ele>640.407526</ele>
        <time>2026-04-30T21:40:40.218Z</time>
      </trkpt>
      <trkpt lat="50.625685" lon="12.916031">
        <ele>633.571358</ele>
        <time>2026-04-30T21:40:47.319Z</time>
      </trkpt>
      <trkpt lat="50.625767" lon="12.916640">
        <ele>630.453097</ele>
        <time>2026-04-30T21:40:50.089Z</time>
      </trkpt>
      <trkpt lat="50.625778" lon="12.917166">
        <ele>627.409769</ele>
        <time>2026-04-30T21:40:52.417Z</time>
      </trkpt>
      <trkpt lat="50.625581" lon="12.919588">
        <ele>613.683534</ele>
        <time>2026-04-30T21:41:03.138Z</time>
      </trkpt>
      <trkpt lat="50.625453" lon="12.920281">
        <ele>610.202681</ele>
        <time>2026-04-30T21:41:06.327Z</time>
      </trkpt>
      <trkpt lat="50.625426" lon="12.920384">
        <ele>609.665213</ele>
        <time>2026-04-30T21:41:06.825Z</time>
      </trkpt>
      <trkpt lat="50.625407" lon="12.920461">
        <ele>609.266769</ele>
        <time>2026-04-30T21:41:07.195Z</time>
      </trkpt>
      <trkpt lat="50.625209" lon="12.920923">
        <ele>606.577921</ele>
        <time>2026-04-30T21:41:09.714Z</time>
      </trkpt>
      <trkpt lat="50.625179" lon="12.921012">
        <ele>606.091877</ele>
        <time>2026-04-30T21:41:10.176Z</time>
      </trkpt>
      <trkpt lat="50.625144" lon="12.921147">
        <ele>605.388548</ele>
        <time>2026-04-30T21:41:10.839Z</time>
      </trkpt>
      <trkpt lat="50.625080" lon="12.921669">
        <ele>602.824532</ele>
        <time>2026-04-30T21:41:13.297Z</time>
      </trkpt>
      <trkpt lat="50.625096" lon="12.921828">
        <ele>602.048141</ele>
        <time>2026-04-30T21:41:14.056Z</time>
      </trkpt>
      <trkpt lat="50.624855" lon="12.922040">
        <ele>601.279288</ele>
        <time>2026-04-30T21:41:16.164Z</time>
      </trkpt>
      <trkpt lat="50.624298" lon="12.922517">
        <ele>599.601112</ele>
        <time>2026-04-30T21:41:21.181Z</time>
      </trkpt>
      <trkpt lat="50.624220" lon="12.922675">
        <ele>599.264868</ele>
        <time>2026-04-30T21:41:22.230Z</time>
      </trkpt>
      <trkpt lat="50.624189" lon="12.922981">
        <ele>598.744421</ele>
        <time>2026-04-30T21:41:23.942Z</time>
      </trkpt>
      <trkpt lat="50.624164" lon="12.923140">
        <ele>598.469296</ele>
        <time>2026-04-30T21:41:24.891Z</time>
      </trkpt>
      <trkpt lat="50.624123" lon="12.923238">
        <ele>598.272134</ele>
        <time>2026-04-30T21:41:25.600Z</time>
      </trkpt>
      <trkpt lat="50.624036" lon="12.923306">
        <ele>598.015048</ele>
        <time>2026-04-30T21:41:26.544Z</time>
      </trkpt>
      <trkpt lat="50.623816" lon="12.923384">
        <ele>597.418067</ele>
        <time>2026-04-30T21:41:29.056Z</time>
      </trkpt>
      <trkpt lat="50.623605" lon="12.923454">
        <ele>597.773429</ele>
        <time>2026-04-30T21:41:31.935Z</time>
      </trkpt>
      <trkpt lat="50.623600" lon="12.923714">
        <ele>598.399843</ele>
        <time>2026-04-30T21:41:34.542Z</time>
      </trkpt>
      <trkpt lat="50.623711" lon="12.924464">
        <ele>600.254470</ele>
        <time>2026-04-30T21:41:43.473Z</time>
      </trkpt>
      <trkpt lat="50.623742" lon="12.924510">
        <ele>600.416082</ele>
        <time>2026-04-30T21:41:44.471Z</time>
      </trkpt>
      <trkpt lat="50.623798" lon="12.924559">
        <ele>600.659209</ele>
        <time>2026-04-30T21:41:45.983Z</time>
      </trkpt>
      <trkpt lat="50.624317" lon="12.924888">
        <ele>602.782635</ele>
        <time>2026-04-30T21:42:02.179Z</time>
      </trkpt>
      <trkpt lat="50.624542" lon="12.925074">
        <ele>603.747043</ele>
        <time>2026-04-30T21:42:11.122Z</time>
      </trkpt>
      <trkpt lat="50.624808" lon="12.925427">
        <ele>605.848591</ele>
        <time>2026-04-30T21:42:23.477Z</time>
      </trkpt>
      <trkpt lat="50.624935" lon="12.925658">
        <ele>607.153431</ele>
        <time>2026-04-30T21:42:30.459Z</time>
      </trkpt>
      <trkpt lat="50.625014" lon="12.925831">
        <ele>608.063340</ele>
        <time>2026-04-30T21:42:35.355Z</time>
      </trkpt>
      <trkpt lat="50.625144" lon="12.926174">
        <ele>609.768904</ele>
        <time>2026-04-30T21:42:44.672Z</time>
      </trkpt>
      <trkpt lat="50.625204" lon="12.926369">
        <ele>610.694040</ele>
        <time>2026-04-30T21:42:49.731Z</time>
      </trkpt>
      <trkpt lat="50.625441" lon="12.927175">
        <ele>614.486208</ele>
        <time>2026-04-30T21:43:09.298Z</time>
      </trkpt>
      <trkpt lat="50.625918" lon="12.928779">
        <ele>618.408763</ele>
        <time>2026-04-30T21:43:39.094Z</time>
      </trkpt>
      <trkpt lat="50.625963" lon="12.928948">
        <ele>618.707728</ele>
        <time>2026-04-30T21:43:41.550Z</time>
      </trkpt>
      <trkpt lat="50.626083" lon="12.929370">
        <ele>619.462068</ele>
        <time>2026-04-30T21:43:47.189Z</time>
      </trkpt>
      <trkpt lat="50.626252" lon="12.929963">
        <ele>620.522468</ele>
        <time>2026-04-30T21:43:52.776Z</time>
      </trkpt>
      <trkpt lat="50.626350" lon="12.930367">
        <ele>619.864451</ele>
        <time>2026-04-30T21:43:55.293Z</time>
      </trkpt>
      <trkpt lat="50.626377" lon="12.930620">
        <ele>619.001240</ele>
        <time>2026-04-30T21:43:56.640Z</time>
      </trkpt>
      <trkpt lat="50.626374" lon="12.930869">
        <ele>618.163298</ele>
        <time>2026-04-30T21:43:57.898Z</time>
      </trkpt>
      <trkpt lat="50.626322" lon="12.931213">
        <ele>616.973461</ele>
        <time>2026-04-30T21:43:59.618Z</time>
      </trkpt>
      <trkpt lat="50.625778" lon="12.933434">
        <ele>607.761105</ele>
        <time>2026-04-30T21:44:10.401Z</time>
      </trkpt>
      <trkpt lat="50.625651" lon="12.934041">
        <ele>604.477029</ele>
        <time>2026-04-30T21:44:13.280Z</time>
      </trkpt>
      <trkpt lat="50.625648" lon="12.934096">
        <ele>604.193391</ele>
        <time>2026-04-30T21:44:13.527Z</time>
      </trkpt>
      <trkpt lat="50.625651" lon="12.934272">
        <ele>603.288757</ele>
        <time>2026-04-30T21:44:14.325Z</time>
      </trkpt>
      <trkpt lat="50.625689" lon="12.934547">
        <ele>601.842645</ele>
        <time>2026-04-30T21:44:15.587Z</time>
      </trkpt>
      <trkpt lat="50.625936" lon="12.935128">
        <ele>598.249070</ele>
        <time>2026-04-30T21:44:18.689Z</time>
      </trkpt>
      <trkpt lat="50.626020" lon="12.935403">
        <ele>596.680836</ele>
        <time>2026-04-30T21:44:20.036Z</time>
      </trkpt>
      <trkpt lat="50.626058" lon="12.935687">
        <ele>594.891666</ele>
        <time>2026-04-30T21:44:21.312Z</time>
      </trkpt>
      <trkpt lat="50.626056" lon="12.935936">
        <ele>593.355670</ele>
        <time>2026-04-30T21:44:22.403Z</time>
      </trkpt>
      <trkpt lat="50.625996" lon="12.936340">
        <ele>590.796352</ele>
        <time>2026-04-30T21:44:24.219Z</time>
      </trkpt>
      <trkpt lat="50.625841" lon="12.936879">
        <ele>587.146063</ele>
        <time>2026-04-30T21:44:26.793Z</time>
      </trkpt>
      <trkpt lat="50.625806" lon="12.937014">
        <ele>586.246501</ele>
        <time>2026-04-30T21:44:27.423Z</time>
      </trkpt>
      <trkpt lat="50.625765" lon="12.937390">
        <ele>583.893246</ele>
        <time>2026-04-30T21:44:29.082Z</time>
      </trkpt>
      <trkpt lat="50.625777" lon="12.937761">
        <ele>581.601871</ele>
        <time>2026-04-30T21:44:30.703Z</time>
      </trkpt>
      <trkpt lat="50.625858" lon="12.938175">
        <ele>578.965491</ele>
        <time>2026-04-30T21:44:32.612Z</time>
      </trkpt>
      <trkpt lat="50.626046" lon="12.938636">
        <ele>576.057559</ele>
        <time>2026-04-30T21:44:35.044Z</time>
      </trkpt>
      <trkpt lat="50.626123" lon="12.938814">
        <ele>574.914392</ele>
        <time>2026-04-30T21:44:36.006Z</time>
      </trkpt>
      <trkpt lat="50.627015" lon="12.940774">
        <ele>562.167662</ele>
        <time>2026-04-30T21:44:46.824Z</time>
      </trkpt>
      <trkpt lat="50.627327" lon="12.941400">
        <ele>558.052944</ele>
        <time>2026-04-30T21:44:50.348Z</time>
      </trkpt>
      <trkpt lat="50.627788" lon="12.942450">
        <ele>551.452918</ele>
        <time>2026-04-30T21:44:56.002Z</time>
      </trkpt>
      <trkpt lat="50.628181" lon="12.943368">
        <ele>548.558986</ele>
        <time>2026-04-30T21:45:01.077Z</time>
      </trkpt>
      <trkpt lat="50.628364" lon="12.943992">
        <ele>547.681077</ele>
        <time>2026-04-30T21:45:04.455Z</time>
      </trkpt>
      <trkpt lat="50.628387" lon="12.944102">
        <ele>547.533169</ele>
        <time>2026-04-30T21:45:05.069Z</time>
      </trkpt>
      <trkpt lat="50.628423" lon="12.944310">
        <ele>547.257837</ele>
        <time>2026-04-30T21:45:06.292Z</time>
      </trkpt>
      <trkpt lat="50.628419" lon="12.944660">
        <ele>546.810804</ele>
        <time>2026-04-30T21:45:08.791Z</time>
      </trkpt>
      <trkpt lat="50.628324" lon="12.945230">
        <ele>546.058191</ele>
        <time>2026-04-30T21:45:15.832Z</time>
      </trkpt>
      <trkpt lat="50.628402" lon="12.945445">
        <ele>546.429922</ele>
        <time>2026-04-30T21:45:19.802Z</time>
      </trkpt>
      <trkpt lat="50.628473" lon="12.945650">
        <ele>547.774422</ele>
        <time>2026-04-30T21:45:23.980Z</time>
      </trkpt>
      <trkpt lat="50.628530" lon="12.945852">
        <ele>549.047077</ele>
        <time>2026-04-30T21:45:28.398Z</time>
      </trkpt>
      <trkpt lat="50.628667" lon="12.946661">
        <ele>553.867109</ele>
        <time>2026-04-30T21:45:48.586Z</time>
      </trkpt>
      <trkpt lat="50.628745" lon="12.946971">
        <ele>555.786848</ele>
        <time>2026-04-30T21:45:58.236Z</time>
      </trkpt>
      <trkpt lat="50.629025" lon="12.947477">
        <ele>559.652090</ele>
        <time>2026-04-30T21:46:20.236Z</time>
      </trkpt>
      <trkpt lat="50.629804" lon="12.948526">
        <ele>570.399233</ele>
        <time>2026-04-30T21:47:14.987Z</time>
      </trkpt>
      <trkpt lat="50.629994" lon="12.948989">
        <ele>574.254368</ele>
        <time>2026-04-30T21:47:32.862Z</time>
      </trkpt>
      <trkpt lat="50.630660" lon="12.950360">
        <ele>584.374250</ele>
        <time>2026-04-30T21:48:17.240Z</time>
      </trkpt>
      <trkpt lat="50.630720" lon="12.950479">
        <ele>584.956084</ele>
        <time>2026-04-30T21:48:20.253Z</time>
      </trkpt>
      <trkpt lat="50.631129" lon="12.951223">
        <ele>588.724342</ele>
        <time>2026-04-30T21:48:38.788Z</time>
      </trkpt>
      <trkpt lat="50.631538" lon="12.951569">
        <ele>591.525134</ele>
        <time>2026-04-30T21:48:51.442Z</time>
      </trkpt>
      <trkpt lat="50.632820" lon="12.952329">
        <ele>596.946748</ele>
        <time>2026-04-30T21:49:26.157Z</time>
      </trkpt>
      <trkpt lat="50.636785" lon="12.955774">
        <ele>606.430382</ele>
        <time>2026-04-30T21:50:53.185Z</time>
      </trkpt>
      <trkpt lat="50.636864" lon="12.955877">
        <ele>606.113770</ele>
        <time>2026-04-30T21:50:54.598Z</time>
      </trkpt>
      <trkpt lat="50.637204" lon="12.956167">
        <ele>604.919852</ele>
        <time>2026-04-30T21:50:58.637Z</time>
      </trkpt>
      <trkpt lat="50.637727" lon="12.956555">
        <ele>603.134659</ele>
        <time>2026-04-30T21:51:03.242Z</time>
      </trkpt>
      <trkpt lat="50.638128" lon="12.956838">
        <ele>601.777743</ele>
        <time>2026-04-30T21:51:06.386Z</time>
      </trkpt>
      <trkpt lat="50.638700" lon="12.957128">
        <ele>595.165693</ele>
        <time>2026-04-30T21:51:10.505Z</time>
      </trkpt>
      <trkpt lat="50.639160" lon="12.957527">
        <ele>589.293544</ele>
        <time>2026-04-30T21:51:14.039Z</time>
      </trkpt>
      <trkpt lat="50.639428" lon="12.957842">
        <ele>585.554827</ele>
        <time>2026-04-30T21:51:16.288Z</time>
      </trkpt>
      <trkpt lat="50.639473" lon="12.957898">
        <ele>584.913637</ele>
        <time>2026-04-30T21:51:16.676Z</time>
      </trkpt>
      <trkpt lat="50.640006" lon="12.958574">
        <ele>577.458738</ele>
        <time>2026-04-30T21:51:23.197Z</time>
      </trkpt>
      <trkpt lat="50.641190" lon="12.960354">
        <ele>560.650415</ele>
        <time>2026-04-30T21:51:39.103Z</time>
      </trkpt>
      <trkpt lat="50.641517" lon="12.960885">
        <ele>557.016317</ele>
        <time>2026-04-30T21:51:43.762Z</time>
      </trkpt>
      <trkpt lat="50.641594" lon="12.961064">
        <ele>555.954341</ele>
        <time>2026-04-30T21:51:45.136Z</time>
      </trkpt>
      <trkpt lat="50.641683" lon="12.961412">
        <ele>554.112005</ele>
        <time>2026-04-30T21:51:47.556Z</time>
      </trkpt>
      <trkpt lat="50.641828" lon="12.961978">
        <ele>551.114853</ele>
        <time>2026-04-30T21:51:51.565Z</time>
      </trkpt>
      <trkpt lat="50.641953" lon="12.962154">
        <ele>549.817433</ele>
        <time>2026-04-30T21:51:53.324Z</time>
      </trkpt>
      <trkpt lat="50.642011" lon="12.962724">
        <ele>547.714465</ele>
        <time>2026-04-30T21:51:56.008Z</time>
      </trkpt>
      <trkpt lat="50.642194" lon="12.963489">
        <ele>545.661408</ele>
        <time>2026-04-30T21:51:59.930Z</time>
      </trkpt>
      <trkpt lat="50.642268" lon="12.963824">
        <ele>544.770646</ele>
        <time>2026-04-30T21:52:01.693Z</time>
      </trkpt>
      <trkpt lat="50.642361" lon="12.964221">
        <ele>543.707934</ele>
        <time>2026-04-30T21:52:03.836Z</time>
      </trkpt>
      <trkpt lat="50.642907" lon="12.965449">
        <ele>540.827145</ele>
        <time>2026-04-30T21:52:11.915Z</time>
      </trkpt>
      <trkpt lat="50.643005" lon="12.965583">
        <ele>540.634541</ele>
        <time>2026-04-30T21:52:13.085Z</time>
      </trkpt>
      <trkpt lat="50.643267" lon="12.965893">
        <ele>540.148170</ele>
        <time>2026-04-30T21:52:17.298Z</time>
      </trkpt>
      <trkpt lat="50.643623" lon="12.966503">
        <ele>539.367559</ele>
        <time>2026-04-30T21:52:24.506Z</time>
      </trkpt>
      <trkpt lat="50.643748" lon="12.966717">
        <ele>539.093597</ele>
        <time>2026-04-30T21:52:27.167Z</time>
      </trkpt>
      <trkpt lat="50.643980" lon="12.967142">
        <ele>538.603438</ele>
        <time>2026-04-30T21:52:32.358Z</time>
      </trkpt>
      <trkpt lat="50.644048" lon="12.967274">
        <ele>538.493054</ele>
        <time>2026-04-30T21:52:33.934Z</time>
      </trkpt>
      <trkpt lat="50.644058" lon="12.967342">
        <ele>538.447746</ele>
        <time>2026-04-30T21:52:34.530Z</time>
      </trkpt>
      <trkpt lat="50.644037" lon="12.967502">
        <ele>538.341695</ele>
        <time>2026-04-30T21:52:35.584Z</time>
      </trkpt>
      <trkpt lat="50.644310" lon="12.967683">
        <ele>538.038576</ele>
        <time>2026-04-30T21:52:38.417Z</time>
      </trkpt>
      <trkpt lat="50.644382" lon="12.967742">
        <ele>537.955525</ele>
        <time>2026-04-30T21:52:39.168Z</time>
      </trkpt>
      <trkpt lat="50.644518" lon="12.967848">
        <ele>537.800249</ele>
        <time>2026-04-30T21:52:40.576Z</time>
      </trkpt>
      <trkpt lat="50.644831" lon="12.968159">
        <ele>537.421591</ele>
        <time>2026-04-30T21:52:44.167Z</time>
      </trkpt>
      <trkpt lat="50.645080" lon="12.968423">
        <ele>537.114483</ele>
        <time>2026-04-30T21:52:47.122Z</time>
      </trkpt>
      <trkpt lat="50.645471" lon="12.968838">
        <ele>536.529497</ele>
        <time>2026-04-30T21:52:51.772Z</time>
      </trkpt>
      <trkpt lat="50.645666" lon="12.969050">
        <ele>536.171091</ele>
        <time>2026-04-30T21:52:54.069Z</time>
      </trkpt>
      <trkpt lat="50.646137" lon="12.969605">
        <ele>535.281371</ele>
        <time>2026-04-30T21:52:59.644Z</time>
      </trkpt>
      <trkpt lat="50.646170" lon="12.969636">
        <ele>535.223246</ele>
        <time>2026-04-30T21:53:00.021Z</time>
      </trkpt>
      <trkpt lat="50.646444" lon="12.969861">
        <ele>534.755778</ele>
        <time>2026-04-30T21:53:02.899Z</time>
      </trkpt>
      <trkpt lat="50.646722" lon="12.970033">
        <ele>534.303883</ele>
        <time>2026-04-30T21:53:05.483Z</time>
      </trkpt>
      <trkpt lat="50.646702" lon="12.970300">
        <ele>533.953087</ele>
        <time>2026-04-30T21:53:06.946Z</time>
      </trkpt>
      <trkpt lat="50.646761" lon="12.970411">
        <ele>533.650445</ele>
        <time>2026-04-30T21:53:07.731Z</time>
      </trkpt>
      <trkpt lat="50.647129" lon="12.970675">
        <ele>532.318233</ele>
        <time>2026-04-30T21:53:11.079Z</time>
      </trkpt>
      <trkpt lat="50.647401" lon="12.970844">
        <ele>531.354880</ele>
        <time>2026-04-30T21:53:13.411Z</time>
      </trkpt>
      <trkpt lat="50.647775" lon="12.971061">
        <ele>530.041706</ele>
        <time>2026-04-30T21:53:16.540Z</time>
      </trkpt>
      <trkpt lat="50.648376" lon="12.971417">
        <ele>527.992960</ele>
        <time>2026-04-30T21:53:21.577Z</time>
      </trkpt>
      <trkpt lat="50.648894" lon="12.971914">
        <ele>526.486128</ele>
        <time>2026-04-30T21:53:26.487Z</time>
      </trkpt>
      <trkpt lat="50.649429" lon="12.972156">
        <ele>525.102953</ele>
        <time>2026-04-30T21:53:31.080Z</time>
      </trkpt>
      <trkpt lat="50.649709" lon="12.972252">
        <ele>524.390851</ele>
        <time>2026-04-30T21:53:33.541Z</time>
      </trkpt>
      <trkpt lat="50.650389" lon="12.972886">
        <ele>525.329107</ele>
        <time>2026-04-30T21:53:42.047Z</time>
      </trkpt>
      <trkpt lat="50.650623" lon="12.973062">
        <ele>526.122605</ele>
        <time>2026-04-30T21:53:46.499Z</time>
      </trkpt>
      <trkpt lat="50.651188" lon="12.973309">
        <ele>527.917151</ele>
        <time>2026-04-30T21:54:01.106Z</time>
      </trkpt>
      <trkpt lat="50.651591" lon="12.973470">
        <ele>529.189602</ele>
        <time>2026-04-30T21:54:15.189Z</time>
      </trkpt>
      <trkpt lat="50.651736" lon="12.973578">
        <ele>530.298272</ele>
        <time>2026-04-30T21:54:20.767Z</time>
      </trkpt>
      <trkpt lat="50.651856" lon="12.973736">
        <ele>531.437607</ele>
        <time>2026-04-30T21:54:26.093Z</time>
      </trkpt>
      <trkpt lat="50.652041" lon="12.974147">
        <ele>533.766869</ele>
        <time>2026-04-30T21:54:37.519Z</time>
      </trkpt>
      <trkpt lat="50.652273" lon="12.974451">
        <ele>535.965238</ele>
        <time>2026-04-30T21:54:48.766Z</time>
      </trkpt>
      <trkpt lat="50.652629" lon="12.974798">
        <ele>539.015466</ele>
        <time>2026-04-30T21:55:04.495Z</time>
      </trkpt>
      <trkpt lat="50.653396" lon="12.975641">
        <ele>545.673746</ele>
        <time>2026-04-30T21:55:36.463Z</time>
      </trkpt>
      <trkpt lat="50.653949" lon="12.976559">
        <ele>551.264396</ele>
        <time>2026-04-30T21:56:04.685Z</time>
      </trkpt>
      <trkpt lat="50.654838" lon="12.977644">
        <ele>558.398830</ele>
        <time>2026-04-30T21:56:41.185Z</time>
      </trkpt>
      <trkpt lat="50.655112" lon="12.977936">
        <ele>560.323740</ele>
        <time>2026-04-30T21:56:51.694Z</time>
      </trkpt>
      <trkpt lat="50.655484" lon="12.978140">
        <ele>562.616337</ele>
        <time>2026-04-30T21:57:04.207Z</time>
      </trkpt>
      <trkpt lat="50.656540" lon="12.978555">
        <ele>567.696702</ele>
        <time>2026-04-30T21:57:33.345Z</time>
      </trkpt>
      <trkpt lat="50.657044" lon="12.978716">
        <ele>569.650793</ele>
        <time>2026-04-30T21:57:45.340Z</time>
      </trkpt>
      <trkpt lat="50.657405" lon="12.978895">
        <ele>571.088782</ele>
        <time>2026-04-30T21:57:53.687Z</time>
      </trkpt>
      <trkpt lat="50.657571" lon="12.979010">
        <ele>571.777741</ele>
        <time>2026-04-30T21:57:57.482Z</time>
      </trkpt>
      <trkpt lat="50.658055" lon="12.979461">
        <ele>573.192121</ele>
        <time>2026-04-30T21:58:09.220Z</time>
      </trkpt>
      <trkpt lat="50.658435" lon="12.979941">
        <ele>574.275246</ele>
        <time>2026-04-30T21:58:19.879Z</time>
      </trkpt>
      <trkpt lat="50.659261" lon="12.980910">
        <ele>575.942073</ele>
        <time>2026-04-30T21:58:37.964Z</time>
      </trkpt>
      <trkpt lat="50.659534" lon="12.981183">
        <ele>575.514853</ele>
        <time>2026-04-30T21:58:41.704Z</time>
      </trkpt>
      <trkpt lat="50.660159" lon="12.981706">
        <ele>574.579753</ele>
        <time>2026-04-30T21:58:48.269Z</time>
      </trkpt>
      <trkpt lat="50.661388" lon="12.983263">
        <ele>570.246734</ele>
        <time>2026-04-30T21:59:00.963Z</time>
      </trkpt>
      <trkpt lat="50.661644" lon="12.983658">
        <ele>568.954857</ele>
        <time>2026-04-30T21:59:03.793Z</time>
      </trkpt>
      <trkpt lat="50.661799" lon="12.983956">
        <ele>568.073316</ele>
        <time>2026-04-30T21:59:05.717Z</time>
      </trkpt>
      <trkpt lat="50.661904" lon="12.984276">
        <ele>567.224216</ele>
        <time>2026-04-30T21:59:07.508Z</time>
      </trkpt>
      <trkpt lat="50.662167" lon="12.985378">
        <ele>563.386478</ele>
        <time>2026-04-30T21:59:13.235Z</time>
      </trkpt>
      <trkpt lat="50.662212" lon="12.985713">
        <ele>562.270410</ele>
        <time>2026-04-30T21:59:14.881Z</time>
      </trkpt>
      <trkpt lat="50.662205" lon="12.985917">
        <ele>561.604566</ele>
        <time>2026-04-30T21:59:15.858Z</time>
      </trkpt>
      <trkpt lat="50.662061" lon="12.987797">
        <ele>554.241415</ele>
        <time>2026-04-30T21:59:24.648Z</time>
      </trkpt>
      <trkpt lat="50.661965" lon="12.989394">
        <ele>546.642815</ele>
        <time>2026-04-30T21:59:31.841Z</time>
      </trkpt>
      <trkpt lat="50.661900" lon="12.990720">
        <ele>540.139163</ele>
        <time>2026-04-30T21:59:37.747Z</time>
      </trkpt>
      <trkpt lat="50.661908" lon="12.991287">
        <ele>537.324658</ele>
        <time>2026-04-30T21:59:40.281Z</time>
      </trkpt>
      <trkpt lat="50.661985" lon="12.992590">
        <ele>530.830325</ele>
        <time>2026-04-30T21:59:46.179Z</time>
      </trkpt>
      <trkpt lat="50.662018" lon="12.992835">
        <ele>529.861929</ele>
        <time>2026-04-30T21:59:47.327Z</time>
      </trkpt>
      <trkpt lat="50.662074" lon="12.993022">
        <ele>529.131756</ele>
        <time>2026-04-30T21:59:48.286Z</time>
      </trkpt>
      <trkpt lat="50.662231" lon="12.993411">
        <ele>527.503642</ele>
        <time>2026-04-30T21:59:50.425Z</time>
      </trkpt>
      <trkpt lat="50.662439" lon="12.993830">
        <ele>525.624729</ele>
        <time>2026-04-30T21:59:52.918Z</time>
      </trkpt>
      <trkpt lat="50.662613" lon="12.994171">
        <ele>524.079243</ele>
        <time>2026-04-30T21:59:54.998Z</time>
      </trkpt>
      <trkpt lat="50.662799" lon="12.994635">
        <ele>522.141031</ele>
        <time>2026-04-30T21:59:57.599Z</time>
      </trkpt>
      <trkpt lat="50.662906" lon="12.995060">
        <ele>520.526571</ele>
        <time>2026-04-30T21:59:59.812Z</time>
      </trkpt>
      <trkpt lat="50.662932" lon="12.995222">
        <ele>520.176923</ele>
        <time>2026-04-30T22:00:00.639Z</time>
      </trkpt>
      <trkpt lat="50.663082" lon="12.996106">
        <ele>518.274322</ele>
        <time>2026-04-30T22:00:05.196Z</time>
      </trkpt>
      <trkpt lat="50.663158" lon="12.996351">
        <ele>517.707230</ele>
        <time>2026-04-30T22:00:06.574Z</time>
      </trkpt>
      <trkpt lat="50.663267" lon="12.996593">
        <ele>517.090016</ele>
        <time>2026-04-30T22:00:08.094Z</time>
      </trkpt>
      <trkpt lat="50.663403" lon="12.996882">
        <ele>516.341692</ele>
        <time>2026-04-30T22:00:09.959Z</time>
      </trkpt>
      <trkpt lat="50.663469" lon="12.997016">
        <ele>515.988884</ele>
        <time>2026-04-30T22:00:10.856Z</time>
      </trkpt>
      <trkpt lat="50.663642" lon="12.997669">
        <ele>514.561955</ele>
        <time>2026-04-30T22:00:14.705Z</time>
      </trkpt>
      <trkpt lat="50.663995" lon="13.000151">
        <ele>511.527980</ele>
        <time>2026-04-30T22:00:29.265Z</time>
      </trkpt>
      <trkpt lat="50.664090" lon="13.000658">
        <ele>510.818933</ele>
        <time>2026-04-30T22:00:32.214Z</time>
      </trkpt>
      <trkpt lat="50.664296" lon="13.001761">
        <ele>509.130899</ele>
        <time>2026-04-30T22:00:38.473Z</time>
      </trkpt>
      <trkpt lat="50.664566" lon="13.003047">
        <ele>507.142186</ele>
        <time>2026-04-30T22:00:45.725Z</time>
      </trkpt>
      <trkpt lat="50.664656" lon="13.003480">
        <ele>506.436483</ele>
        <time>2026-04-30T22:00:48.165Z</time>
      </trkpt>
      <trkpt lat="50.664771" lon="13.003852">
        <ele>505.791590</ele>
        <time>2026-04-30T22:00:50.372Z</time>
      </trkpt>
      <trkpt lat="50.665053" lon="13.004439">
        <ele>504.643946</ele>
        <time>2026-04-30T22:00:54.311Z</time>
      </trkpt>
      <trkpt lat="50.665487" lon="13.005463">
        <ele>502.724602</ele>
        <time>2026-04-30T22:01:01.006Z</time>
      </trkpt>
      <trkpt lat="50.665620" lon="13.005767">
        <ele>501.980830</ele>
        <time>2026-04-30T22:01:02.988Z</time>
      </trkpt>
      <trkpt lat="50.665827" lon="13.006245">
        <ele>500.776121</ele>
        <time>2026-04-30T22:01:06.093Z</time>
      </trkpt>
      <trkpt lat="50.666592" lon="13.007779">
        <ele>496.708498</ele>
        <time>2026-04-30T22:01:15.957Z</time>
      </trkpt>
      <trkpt lat="50.666617" lon="13.007829">
        <ele>496.551022</ele>
        <time>2026-04-30T22:01:16.267Z</time>
      </trkpt>
      <trkpt lat="50.666929" lon="13.008458">
        <ele>494.575998</ele>
        <time>2026-04-30T22:01:20.160Z</time>
      </trkpt>
      <trkpt lat="50.667241" lon="13.009022">
        <ele>492.724905</ele>
        <time>2026-04-30T22:01:23.817Z</time>
      </trkpt>
      <trkpt lat="50.667586" lon="13.009464">
        <ele>490.991100</ele>
        <time>2026-04-30T22:01:27.274Z</time>
      </trkpt>
      <trkpt lat="50.667802" lon="13.009677">
        <ele>489.997368</ele>
        <time>2026-04-30T22:01:29.329Z</time>
      </trkpt>
      <trkpt lat="50.668238" lon="13.009989">
        <ele>488.494431</ele>
        <time>2026-04-30T22:01:33.316Z</time>
      </trkpt>
      <trkpt lat="50.668433" lon="13.010116">
        <ele>487.859237</ele>
        <time>2026-04-30T22:01:35.093Z</time>
      </trkpt>
      <trkpt lat="50.668573" lon="13.010248">
        <ele>487.368168</ele>
        <time>2026-04-30T22:01:36.453Z</time>
      </trkpt>
      <trkpt lat="50.668655" lon="13.010367">
        <ele>487.032711</ele>
        <time>2026-04-30T22:01:37.381Z</time>
      </trkpt>
      <trkpt lat="50.669023" lon="13.011074">
        <ele>485.286828</ele>
        <time>2026-04-30T22:01:42.142Z</time>
      </trkpt>
      <trkpt lat="50.669681" lon="13.012349">
        <ele>482.098620</ele>
        <time>2026-04-30T22:01:50.544Z</time>
      </trkpt>
      <trkpt lat="50.669965" lon="13.012941">
        <ele>480.648697</ele>
        <time>2026-04-30T22:01:54.331Z</time>
      </trkpt>
      <trkpt lat="50.670195" lon="13.013542">
        <ele>479.277678</ele>
        <time>2026-04-30T22:01:58.000Z</time>
      </trkpt>
      <trkpt lat="50.670342" lon="13.013854">
        <ele>478.528421</ele>
        <time>2026-04-30T22:02:00.069Z</time>
      </trkpt>
      <trkpt lat="50.670833" lon="13.014683">
        <ele>476.400058</ele>
        <time>2026-04-30T22:02:06.191Z</time>
      </trkpt>
      <trkpt lat="50.671057" lon="13.015393">
        <ele>474.912368</ele>
        <time>2026-04-30T22:02:10.408Z</time>
      </trkpt>
      <trkpt lat="50.671491" lon="13.016204">
        <ele>472.608531</ele>
        <time>2026-04-30T22:02:15.804Z</time>
      </trkpt>
      <trkpt lat="50.671891" lon="13.017161">
        <ele>469.178590</ele>
        <time>2026-04-30T22:02:21.285Z</time>
      </trkpt>
      <trkpt lat="50.672136" lon="13.017515">
        <ele>467.610283</ele>
        <time>2026-04-30T22:02:23.774Z</time>
      </trkpt>
      <trkpt lat="50.672472" lon="13.017849">
        <ele>465.735515</ele>
        <time>2026-04-30T22:02:26.732Z</time>
      </trkpt>
      <trkpt lat="50.673039" lon="13.018325">
        <ele>463.494845</ele>
        <time>2026-04-30T22:02:31.615Z</time>
      </trkpt>
      <trkpt lat="50.673200" lon="13.018472">
        <ele>462.925251</ele>
        <time>2026-04-30T22:02:33.060Z</time>
      </trkpt>
      <trkpt lat="50.673326" lon="13.018591">
        <ele>462.475589</ele>
        <time>2026-04-30T22:02:34.234Z</time>
      </trkpt>
      <trkpt lat="50.673352" lon="13.018614">
        <ele>462.384315</ele>
        <time>2026-04-30T22:02:34.479Z</time>
      </trkpt>
      <trkpt lat="50.673853" lon="13.018916">
        <ele>460.742042</ele>
        <time>2026-04-30T22:02:39.092Z</time>
      </trkpt>
      <trkpt lat="50.674148" lon="13.019080">
        <ele>459.784282</ele>
        <time>2026-04-30T22:02:41.910Z</time>
      </trkpt>
      <trkpt lat="50.674546" lon="13.019490">
        <ele>458.788622</ele>
        <time>2026-04-30T22:02:46.532Z</time>
      </trkpt>
      <trkpt lat="50.674893" lon="13.019667">
        <ele>458.130694</ele>
        <time>2026-04-30T22:02:50.043Z</time>
      </trkpt>
      <trkpt lat="50.675287" lon="13.019779">
        <ele>457.408426</ele>
        <time>2026-04-30T22:02:53.742Z</time>
      </trkpt>
      <trkpt lat="50.676075" lon="13.019975">
        <ele>455.893639</ele>
        <time>2026-04-30T22:03:00.484Z</time>
      </trkpt>
      <trkpt lat="50.676497" lon="13.020103">
        <ele>454.867740</ele>
        <time>2026-04-30T22:03:04.097Z</time>
      </trkpt>
      <trkpt lat="50.677067" lon="13.020393">
        <ele>453.437981</ele>
        <time>2026-04-30T22:03:09.160Z</time>
      </trkpt>
      <trkpt lat="50.677614" lon="13.020636">
        <ele>452.081348</ele>
        <time>2026-04-30T22:03:13.983Z</time>
      </trkpt>
      <trkpt lat="50.677763" lon="13.020670">
        <ele>451.748912</ele>
        <time>2026-04-30T22:03:15.328Z</time>
      </trkpt>
      <trkpt lat="50.678191" lon="13.020623">
        <ele>450.872323</ele>
        <time>2026-04-30T22:03:19.139Z</time>
      </trkpt>
      <trkpt lat="50.678519" lon="13.020598">
        <ele>450.201384</ele>
        <time>2026-04-30T22:03:22.031Z</time>
      </trkpt>
      <trkpt lat="50.678765" lon="13.020618">
        <ele>449.698099</ele>
        <time>2026-04-30T22:03:24.170Z</time>
      </trkpt>
      <trkpt lat="50.679185" lon="13.020706">
        <ele>448.832440</ele>
        <time>2026-04-30T22:03:27.841Z</time>
      </trkpt>
      <trkpt lat="50.679239" lon="13.020729">
        <ele>448.718161</ele>
        <time>2026-04-30T22:03:28.330Z</time>
      </trkpt>
      <trkpt lat="50.680099" lon="13.021104">
        <ele>447.244301</ele>
        <time>2026-04-30T22:03:36.228Z</time>
      </trkpt>
      <trkpt lat="50.680451" lon="13.021284">
        <ele>446.685408</ele>
        <time>2026-04-30T22:03:39.588Z</time>
      </trkpt>
      <trkpt lat="50.680653" lon="13.021484">
        <ele>446.325222</ele>
        <time>2026-04-30T22:03:41.811Z</time>
      </trkpt>
      <trkpt lat="50.680942" lon="13.021933">
        <ele>445.712672</ele>
        <time>2026-04-30T22:03:45.706Z</time>
      </trkpt>
      <trkpt lat="50.681694" lon="13.022720">
        <ele>444.502182</ele>
        <time>2026-04-30T22:03:54.810Z</time>
      </trkpt>
      <trkpt lat="50.681849" lon="13.022956">
        <ele>444.219335</ele>
        <time>2026-04-30T22:03:57.145Z</time>
      </trkpt>
      <trkpt lat="50.682097" lon="13.023400">
        <ele>443.726810</ele>
        <time>2026-04-30T22:04:00.826Z</time>
      </trkpt>
      <trkpt lat="50.682305" lon="13.023675">
        <ele>443.370463</ele>
        <time>2026-04-30T22:04:03.175Z</time>
      </trkpt>
      <trkpt lat="50.682669" lon="13.024203">
        <ele>442.235484</ele>
        <time>2026-04-30T22:04:07.241Z</time>
      </trkpt>
      <trkpt lat="50.682897" lon="13.024384">
        <ele>441.525248</ele>
        <time>2026-04-30T22:04:09.391Z</time>
      </trkpt>
      <trkpt lat="50.683231" lon="13.024536">
        <ele>440.557906</ele>
        <time>2026-04-30T22:04:12.280Z</time>
      </trkpt>
      <trkpt lat="50.683436" lon="13.024695">
        <ele>439.922256</ele>
        <time>2026-04-30T22:04:14.147Z</time>
      </trkpt>
      <trkpt lat="50.683522" lon="13.024783">
        <ele>439.637032</ele>
        <time>2026-04-30T22:04:14.987Z</time>
      </trkpt>
      <trkpt lat="50.683828" lon="13.025097">
        <ele>438.621320</ele>
        <time>2026-04-30T22:04:17.962Z</time>
      </trkpt>
      <trkpt lat="50.684091" lon="13.025410">
        <ele>437.627638</ele>
        <time>2026-04-30T22:04:20.687Z</time>
      </trkpt>
      <trkpt lat="50.684613" lon="13.026225">
        <ele>435.230755</ele>
        <time>2026-04-30T22:04:26.808Z</time>
      </trkpt>
      <trkpt lat="50.685126" lon="13.027021">
        <ele>432.882396</ele>
        <time>2026-04-30T22:04:32.488Z</time>
      </trkpt>
      <trkpt lat="50.685243" lon="13.027136">
        <ele>432.432458</ele>
        <time>2026-04-30T22:04:33.575Z</time>
      </trkpt>
      <trkpt lat="50.685354" lon="13.027188">
        <ele>432.060421</ele>
        <time>2026-04-30T22:04:34.488Z</time>
      </trkpt>
      <trkpt lat="50.685774" lon="13.027292">
        <ele>430.709382</ele>
        <time>2026-04-30T22:04:37.837Z</time>
      </trkpt>
      <trkpt lat="50.686040" lon="13.027307">
        <ele>429.863523</ele>
        <time>2026-04-30T22:04:39.965Z</time>
      </trkpt>
      <trkpt lat="50.686100" lon="13.027314">
        <ele>429.672330</ele>
        <time>2026-04-30T22:04:40.450Z</time>
      </trkpt>
      <trkpt lat="50.686147" lon="13.027340">
        <ele>429.514061</ele>
        <time>2026-04-30T22:04:40.849Z</time>
      </trkpt>
      <trkpt lat="50.686214" lon="13.027382">
        <ele>429.284964</ele>
        <time>2026-04-30T22:04:41.429Z</time>
      </trkpt>
      <trkpt lat="50.686568" lon="13.027811">
        <ele>427.866646</ele>
        <time>2026-04-30T22:04:45.075Z</time>
      </trkpt>
      <trkpt lat="50.686768" lon="13.028083">
        <ele>427.027676</ele>
        <time>2026-04-30T22:04:47.265Z</time>
      </trkpt>
      <trkpt lat="50.686938" lon="13.028260">
        <ele>426.530457</ele>
        <time>2026-04-30T22:04:48.998Z</time>
      </trkpt>
      <trkpt lat="50.687249" lon="13.028426">
        <ele>426.346565</ele>
        <time>2026-04-30T22:04:51.879Z</time>
      </trkpt>
      <trkpt lat="50.687364" lon="13.028477">
        <ele>426.279656</ele>
        <time>2026-04-30T22:04:52.943Z</time>
      </trkpt>
      <trkpt lat="50.687461" lon="13.028563">
        <ele>426.217339</ele>
        <time>2026-04-30T22:04:53.943Z</time>
      </trkpt>
      <trkpt lat="50.687643" lon="13.028910">
        <ele>426.057477</ele>
        <time>2026-04-30T22:04:56.601Z</time>
      </trkpt>
      <trkpt lat="50.687586" lon="13.028998">
        <ele>426.012816</ele>
        <time>2026-04-30T22:04:57.395Z</time>
      </trkpt>
      <trkpt lat="50.687540" lon="13.029188">
        <ele>425.940635</ele>
        <time>2026-04-30T22:04:58.715Z</time>
      </trkpt>
      <trkpt lat="50.687543" lon="13.029978">
        <ele>425.660283</ele>
        <time>2026-04-30T22:05:05.009Z</time>
      </trkpt>
      <trkpt lat="50.687544" lon="13.030089">
        <ele>425.620888</ele>
        <time>2026-04-30T22:05:06.084Z</time>
      </trkpt>
      <trkpt lat="50.687543" lon="13.030288">
        <ele>425.576800</ele>
        <time>2026-04-30T22:05:08.154Z</time>
      </trkpt>
      <trkpt lat="50.687539" lon="13.031768">
        <ele>427.951350</ele>
        <time>2026-04-30T22:05:28.888Z</time>
      </trkpt>
      <trkpt lat="50.687513" lon="13.031904">
        <ele>428.179268</ele>
        <time>2026-04-30T22:05:31.071Z</time>
      </trkpt>
      <trkpt lat="50.687297" lon="13.032317">
        <ele>429.038501</ele>
        <time>2026-04-30T22:05:38.673Z</time>
      </trkpt>
      <trkpt lat="50.687269" lon="13.032448">
        <ele>429.260318</ele>
        <time>2026-04-30T22:05:40.561Z</time>
      </trkpt>
      <trkpt lat="50.687257" lon="13.032732">
        <ele>429.716986</ele>
        <time>2026-04-30T22:05:44.106Z</time>
      </trkpt>
      <trkpt lat="50.687317" lon="13.033007">
        <ele>430.113764</ele>
        <time>2026-04-30T22:05:47.383Z</time>
      </trkpt>
      <trkpt lat="50.687371" lon="13.033157">
        <ele>430.127955</ele>
        <time>2026-04-30T22:05:49.324Z</time>
      </trkpt>
      <trkpt lat="50.687706" lon="13.033664">
        <ele>430.188212</ele>
        <time>2026-04-30T22:05:56.444Z</time>
      </trkpt>
      <trkpt lat="50.688178" lon="13.033883">
        <ele>430.252086</ele>
        <time>2026-04-30T22:06:01.533Z</time>
      </trkpt>
      <trkpt lat="50.689058" lon="13.034092">
        <ele>430.055677</ele>
        <time>2026-04-30T22:06:10.338Z</time>
      </trkpt>
      <trkpt lat="50.689422" lon="13.034302">
        <ele>429.455065</ele>
        <time>2026-04-30T22:06:14.758Z</time>
      </trkpt>
      <trkpt lat="50.689991" lon="13.034731">
        <ele>428.477823</ele>
        <time>2026-04-30T22:06:21.210Z</time>
      </trkpt>
      <trkpt lat="50.690378" lon="13.035280">
        <ele>427.671450</ele>
        <time>2026-04-30T22:06:25.640Z</time>
      </trkpt>
      <trkpt lat="50.690569" lon="13.035448">
        <ele>426.999433</ele>
        <time>2026-04-30T22:06:27.360Z</time>
      </trkpt>
      <trkpt lat="50.691129" lon="13.035612">
        <ele>424.800696</ele>
        <time>2026-04-30T22:06:31.669Z</time>
      </trkpt>
      <trkpt lat="50.691590" lon="13.035674">
        <ele>423.014586</ele>
        <time>2026-04-30T22:06:35.131Z</time>
      </trkpt>
      <trkpt lat="50.691738" lon="13.035665">
        <ele>422.442817</ele>
        <time>2026-04-30T22:06:36.259Z</time>
      </trkpt>
      <trkpt lat="50.692310" lon="13.035457">
        <ele>420.398966</ele>
        <time>2026-04-30T22:06:41.060Z</time>
      </trkpt>
      <trkpt lat="50.692630" lon="13.035498">
        <ele>419.791540</ele>
        <time>2026-04-30T22:06:44.148Z</time>
      </trkpt>
      <trkpt lat="50.693024" lon="13.036232">
        <ele>418.638458</ele>
        <time>2026-04-30T22:06:51.241Z</time>
      </trkpt>
      <trkpt lat="50.693344" lon="13.037068">
        <ele>417.467780</ele>
        <time>2026-04-30T22:06:56.942Z</time>
      </trkpt>
      <trkpt lat="50.693496" lon="13.037358">
        <ele>416.696782</ele>
        <time>2026-04-30T22:06:58.830Z</time>
      </trkpt>
      <trkpt lat="50.693668" lon="13.037573">
        <ele>415.593074</ele>
        <time>2026-04-30T22:07:00.491Z</time>
      </trkpt>
      <trkpt lat="50.693880" lon="13.037739">
        <ele>414.402567</ele>
        <time>2026-04-30T22:07:02.223Z</time>
      </trkpt>
      <trkpt lat="50.694176" lon="13.037874">
        <ele>412.852566</ele>
        <time>2026-04-30T22:07:04.423Z</time>
      </trkpt>
      <trkpt lat="50.695208" lon="13.037930">
        <ele>408.111965</ele>
        <time>2026-04-30T22:07:12.006Z</time>
      </trkpt>
      <trkpt lat="50.695443" lon="13.038053">
        <ele>407.990662</ele>
        <time>2026-04-30T22:07:14.292Z</time>
      </trkpt>
      <trkpt lat="50.695640" lon="13.038256">
        <ele>407.875397</ele>
        <time>2026-04-30T22:07:17.142Z</time>
      </trkpt>
      <trkpt lat="50.696040" lon="13.039604">
        <ele>407.413405</ele>
        <time>2026-04-30T22:07:32.944Z</time>
      </trkpt>
      <trkpt lat="50.696094" lon="13.039727">
        <ele>407.366958</ele>
        <time>2026-04-30T22:07:34.383Z</time>
      </trkpt>
      <trkpt lat="50.696207" lon="13.039855">
        <ele>407.298815</ele>
        <time>2026-04-30T22:07:36.355Z</time>
      </trkpt>
      <trkpt lat="50.696417" lon="13.039991">
        <ele>406.653953</ele>
        <time>2026-04-30T22:07:38.913Z</time>
      </trkpt>
      <trkpt lat="50.696714" lon="13.040011">
        <ele>405.664448</ele>
        <time>2026-04-30T22:07:41.589Z</time>
      </trkpt>
      <trkpt lat="50.696873" lon="13.039978">
        <ele>405.130640</ele>
        <time>2026-04-30T22:07:42.903Z</time>
      </trkpt>
      <trkpt lat="50.697116" lon="13.039857">
        <ele>404.282501</ele>
        <time>2026-04-30T22:07:44.886Z</time>
      </trkpt>
      <trkpt lat="50.697880" lon="13.039488">
        <ele>401.623074</ele>
        <time>2026-04-30T22:07:50.873Z</time>
      </trkpt>
      <trkpt lat="50.699272" lon="13.039184">
        <ele>396.116031</ele>
        <time>2026-04-30T22:08:01.635Z</time>
      </trkpt>
      <trkpt lat="50.699434" lon="13.039109">
        <ele>395.446865</ele>
        <time>2026-04-30T22:08:02.983Z</time>
      </trkpt>
      <trkpt lat="50.699767" lon="13.038840">
        <ele>394.116864</ele>
        <time>2026-04-30T22:08:06.096Z</time>
      </trkpt>
      <trkpt lat="50.699911" lon="13.038764">
        <ele>393.976514</ele>
        <time>2026-04-30T22:08:07.424Z</time>
      </trkpt>
      <trkpt lat="50.700125" lon="13.038708">
        <ele>393.776000</ele>
        <time>2026-04-30T22:08:09.394Z</time>
      </trkpt>
      <trkpt lat="50.700539" lon="13.038802">
        <ele>393.389373</ele>
        <time>2026-04-30T22:08:13.598Z</time>
      </trkpt>
      <trkpt lat="50.702401" lon="13.039639">
        <ele>390.565490</ele>
        <time>2026-04-30T22:08:35.833Z</time>
      </trkpt>
      <trkpt lat="50.703537" lon="13.040074">
        <ele>388.168219</ele>
        <time>2026-04-30T22:08:44.866Z</time>
      </trkpt>
      <trkpt lat="50.704170" lon="13.040266">
        <ele>386.745919</ele>
        <time>2026-04-30T22:08:49.996Z</time>
      </trkpt>
      <trkpt lat="50.704369" lon="13.040365">
        <ele>386.285531</ele>
        <time>2026-04-30T22:08:51.933Z</time>
      </trkpt>
      <trkpt lat="50.704439" lon="13.040442">
        <ele>386.097284</ele>
        <time>2026-04-30T22:08:52.749Z</time>
      </trkpt>
      <trkpt lat="50.704506" lon="13.040702">
        <ele>385.705016</ele>
        <time>2026-04-30T22:08:54.658Z</time>
      </trkpt>
      <trkpt lat="50.704568" lon="13.041835">
        <ele>384.788895</ele>
        <time>2026-04-30T22:09:04.305Z</time>
      </trkpt>
      <trkpt lat="50.704633" lon="13.042255">
        <ele>384.666217</ele>
        <time>2026-04-30T22:09:08.524Z</time>
      </trkpt>
      <trkpt lat="50.704690" lon="13.042540">
        <ele>384.581414</ele>
        <time>2026-04-30T22:09:11.346Z</time>
      </trkpt>
      <trkpt lat="50.704931" lon="13.043343">
        <ele>384.329281</ele>
        <time>2026-04-30T22:09:17.884Z</time>
      </trkpt>
      <trkpt lat="50.705293" lon="13.045119">
        <ele>381.162657</ele>
        <time>2026-04-30T22:09:27.758Z</time>
      </trkpt>
      <trkpt lat="50.706186" lon="13.047460">
        <ele>373.019805</ele>
        <time>2026-04-30T22:09:40.882Z</time>
      </trkpt>
      <trkpt lat="50.706319" lon="13.047875">
        <ele>371.254733</ele>
        <time>2026-04-30T22:09:43.024Z</time>
      </trkpt>
      <trkpt lat="50.706431" lon="13.048385">
        <ele>369.206260</ele>
        <time>2026-04-30T22:09:45.481Z</time>
      </trkpt>
      <trkpt lat="50.706455" lon="13.048608">
        <ele>368.347861</ele>
        <time>2026-04-30T22:09:46.512Z</time>
      </trkpt>
      <trkpt lat="50.706457" lon="13.049416">
        <ele>365.404103</ele>
        <time>2026-04-30T22:09:50.197Z</time>
      </trkpt>
      <trkpt lat="50.706481" lon="13.050045">
        <ele>363.238805</ele>
        <time>2026-04-30T22:09:53.062Z</time>
      </trkpt>
      <trkpt lat="50.706518" lon="13.050388">
        <ele>362.043209</ele>
        <time>2026-04-30T22:09:54.657Z</time>
      </trkpt>
      <trkpt lat="50.706587" lon="13.051350">
        <ele>358.716444</ele>
        <time>2026-04-30T22:09:59.272Z</time>
      </trkpt>
      <trkpt lat="50.706630" lon="13.051676">
        <ele>357.572203</ele>
        <time>2026-04-30T22:10:00.951Z</time>
      </trkpt>
      <trkpt lat="50.706739" lon="13.052409">
        <ele>355.853093</ele>
        <time>2026-04-30T22:10:04.898Z</time>
      </trkpt>
      <trkpt lat="50.706874" lon="13.053075">
        <ele>354.587720</ele>
        <time>2026-04-30T22:10:08.624Z</time>
      </trkpt>
      <trkpt lat="50.706984" lon="13.053421">
        <ele>353.887160</ele>
        <time>2026-04-30T22:10:10.694Z</time>
      </trkpt>
      <trkpt lat="50.707093" lon="13.053626">
        <ele>353.402799</ele>
        <time>2026-04-30T22:10:12.116Z</time>
      </trkpt>
      <trkpt lat="50.707520" lon="13.054184">
        <ele>351.819096</ele>
        <time>2026-04-30T22:10:16.715Z</time>
      </trkpt>
      <trkpt lat="50.707665" lon="13.054501">
        <ele>351.229107</ele>
        <time>2026-04-30T22:10:18.762Z</time>
      </trkpt>
      <trkpt lat="50.707777" lon="13.055069">
        <ele>350.375540</ele>
        <time>2026-04-30T22:10:21.867Z</time>
      </trkpt>
      <trkpt lat="50.707784" lon="13.055369">
        <ele>349.944804</ele>
        <time>2026-04-30T22:10:23.431Z</time>
      </trkpt>
      <trkpt lat="50.707738" lon="13.055783">
        <ele>349.341718</ele>
        <time>2026-04-30T22:10:25.642Z</time>
      </trkpt>
      <trkpt lat="50.707760" lon="13.056008">
        <ele>349.015060</ele>
        <time>2026-04-30T22:10:26.866Z</time>
      </trkpt>
      <trkpt lat="50.707810" lon="13.056190">
        <ele>348.730410</ele>
        <time>2026-04-30T22:10:27.959Z</time>
      </trkpt>
      <trkpt lat="50.707951" lon="13.056381">
        <ele>348.309507</ele>
        <time>2026-04-30T22:10:29.645Z</time>
      </trkpt>
      <trkpt lat="50.708191" lon="13.056533">
        <ele>347.723634</ele>
        <time>2026-04-30T22:10:32.135Z</time>
      </trkpt>
      <trkpt lat="50.708322" lon="13.056683">
        <ele>347.554287</ele>
        <time>2026-04-30T22:10:33.731Z</time>
      </trkpt>
      <trkpt lat="50.708455" lon="13.056675">
        <ele>347.493317</ele>
        <time>2026-04-30T22:10:35.021Z</time>
      </trkpt>
      <trkpt lat="50.708548" lon="13.056640">
        <ele>347.449521</ele>
        <time>2026-04-30T22:10:35.967Z</time>
      </trkpt>
      <trkpt lat="50.708786" lon="13.056511">
        <ele>347.334252</ele>
        <time>2026-04-30T22:10:38.514Z</time>
      </trkpt>
      <trkpt lat="50.708925" lon="13.056388">
        <ele>347.261261</ele>
        <time>2026-04-30T22:10:40.185Z</time>
      </trkpt>
      <trkpt lat="50.709089" lon="13.056286">
        <ele>347.180517</ele>
        <time>2026-04-30T22:10:42.079Z</time>
      </trkpt>
      <trkpt lat="50.709255" lon="13.056238">
        <ele>347.103209</ele>
        <time>2026-04-30T22:10:43.893Z</time>
      </trkpt>
      <trkpt lat="50.709438" lon="13.056293">
        <ele>347.017874</ele>
        <time>2026-04-30T22:10:45.960Z</time>
      </trkpt>
      <trkpt lat="50.709883" lon="13.056569">
        <ele>346.798864</ele>
        <time>2026-04-30T22:10:52.297Z</time>
      </trkpt>
      <trkpt lat="50.710098" lon="13.056585">
        <ele>346.841109</ele>
        <time>2026-04-30T22:10:54.938Z</time>
      </trkpt>
      <trkpt lat="50.710339" lon="13.056427">
        <ele>346.931829</ele>
        <time>2026-04-30T22:10:57.705Z</time>
      </trkpt>
      <trkpt lat="50.710807" lon="13.056153">
        <ele>347.105357</ele>
        <time>2026-04-30T22:11:03.161Z</time>
      </trkpt>
      <trkpt lat="50.711448" lon="13.055814">
        <ele>347.340373</ele>
        <time>2026-04-30T22:11:11.875Z</time>
      </trkpt>
      <trkpt lat="50.711615" lon="13.055739">
        <ele>347.400734</ele>
        <time>2026-04-30T22:11:14.643Z</time>
      </trkpt>
      <trkpt lat="50.711912" lon="13.055698">
        <ele>348.509611</ele>
        <time>2026-04-30T22:11:19.816Z</time>
      </trkpt>
      <trkpt lat="50.712132" lon="13.055769">
        <ele>349.382550</ele>
        <time>2026-04-30T22:11:24.401Z</time>
      </trkpt>
      <trkpt lat="50.712240" lon="13.055837">
        <ele>349.834545</ele>
        <time>2026-04-30T22:11:27.032Z</time>
      </trkpt>
      <trkpt lat="50.712365" lon="13.055979">
        <ele>350.433153</ele>
        <time>2026-04-30T22:11:30.659Z</time>
      </trkpt>
      <trkpt lat="50.712456" lon="13.056124">
        <ele>350.935704</ele>
        <time>2026-04-30T22:11:33.868Z</time>
      </trkpt>
      <trkpt lat="50.712579" lon="13.056405">
        <ele>351.776613</ele>
        <time>2026-04-30T22:11:39.575Z</time>
      </trkpt>
      <trkpt lat="50.712716" lon="13.056862">
        <ele>353.021288</ele>
        <time>2026-04-30T22:11:48.882Z</time>
      </trkpt>
      <trkpt lat="50.712770" lon="13.057225">
        <ele>353.939190</ele>
        <time>2026-04-30T22:11:56.070Z</time>
      </trkpt>
      <trkpt lat="50.712826" lon="13.057864">
        <ele>355.902189</ele>
        <time>2026-04-30T22:12:08.779Z</time>
      </trkpt>
      <trkpt lat="50.713009" lon="13.060031">
        <ele>363.071089</ele>
        <time>2026-04-30T22:12:49.170Z</time>
      </trkpt>
      <trkpt lat="50.713061" lon="13.060467">
        <ele>364.078205</ele>
        <time>2026-04-30T22:12:55.929Z</time>
      </trkpt>
      <trkpt lat="50.713168" lon="13.060866">
        <ele>364.716897</ele>
        <time>2026-04-30T22:13:01.993Z</time>
      </trkpt>
      <trkpt lat="50.713300" lon="13.061164">
        <ele>365.252954</ele>
        <time>2026-04-30T22:13:06.923Z</time>
      </trkpt>
      <trkpt lat="50.713441" lon="13.061397">
        <ele>365.728012</ele>
        <time>2026-04-30T22:13:11.226Z</time>
      </trkpt>
      <trkpt lat="50.713891" lon="13.061832">
        <ele>366.956189</ele>
        <time>2026-04-30T22:13:21.017Z</time>
      </trkpt>
      <trkpt lat="50.714184" lon="13.061983">
        <ele>367.673639</ele>
        <time>2026-04-30T22:13:25.687Z</time>
      </trkpt>
      <trkpt lat="50.714533" lon="13.062113">
        <ele>367.423056</ele>
        <time>2026-04-30T22:13:30.210Z</time>
      </trkpt>
      <trkpt lat="50.714980" lon="13.062209">
        <ele>366.601161</ele>
        <time>2026-04-30T22:13:34.652Z</time>
      </trkpt>
      <trkpt lat="50.715231" lon="13.062203">
        <ele>366.143806</ele>
        <time>2026-04-30T22:13:36.790Z</time>
      </trkpt>
      <trkpt lat="50.715831" lon="13.062104">
        <ele>365.044702</ele>
        <time>2026-04-30T22:13:41.620Z</time>
      </trkpt>
      <trkpt lat="50.716288" lon="13.061944">
        <ele>364.277293</ele>
        <time>2026-04-30T22:13:45.298Z</time>
      </trkpt>
      <trkpt lat="50.718623" lon="13.060789">
        <ele>362.430107</ele>
        <time>2026-04-30T22:14:09.511Z</time>
      </trkpt>
      <trkpt lat="50.718955" lon="13.060709">
        <ele>362.595101</ele>
        <time>2026-04-30T22:14:15.891Z</time>
      </trkpt>
      <trkpt lat="50.719789" lon="13.060607">
        <ele>362.723595</ele>
        <time>2026-04-30T22:14:31.829Z</time>
      </trkpt>
      <trkpt lat="50.721356" lon="13.060473">
        <ele>361.689010</ele>
        <time>2026-04-30T22:14:47.834Z</time>
      </trkpt>
      <trkpt lat="50.721801" lon="13.060280">
        <ele>359.986613</ele>
        <time>2026-04-30T22:14:51.322Z</time>
      </trkpt>
      <trkpt lat="50.722147" lon="13.060097">
        <ele>358.640540</ele>
        <time>2026-04-30T22:14:54.025Z</time>
      </trkpt>
      <trkpt lat="50.722698" lon="13.059672">
        <ele>356.378463</ele>
        <time>2026-04-30T22:14:58.753Z</time>
      </trkpt>
      <trkpt lat="50.722892" lon="13.059441">
        <ele>355.482222</ele>
        <time>2026-04-30T22:15:00.698Z</time>
      </trkpt>
      <trkpt lat="50.723187" lon="13.058860">
        <ele>355.289035</ele>
        <time>2026-04-30T22:15:04.726Z</time>
      </trkpt>
      <trkpt lat="50.723440" lon="13.058360">
        <ele>355.424689</ele>
        <time>2026-04-30T22:15:10.739Z</time>
      </trkpt>
      <trkpt lat="50.723659" lon="13.058167">
        <ele>355.508641</ele>
        <time>2026-04-30T22:15:15.752Z</time>
      </trkpt>
      <trkpt lat="50.723984" lon="13.058022">
        <ele>355.621697</ele>
        <time>2026-04-30T22:15:22.505Z</time>
      </trkpt>
      <trkpt lat="50.724098" lon="13.058016">
        <ele>355.659882</ele>
        <time>2026-04-30T22:15:24.503Z</time>
      </trkpt>
      <trkpt lat="50.724350" lon="13.058048">
        <ele>355.744515</ele>
        <time>2026-04-30T22:15:28.491Z</time>
      </trkpt>
      <trkpt lat="50.724754" lon="13.058214">
        <ele>354.978667</ele>
        <time>2026-04-30T22:15:33.923Z</time>
      </trkpt>
      <trkpt lat="50.725017" lon="13.058440">
        <ele>354.333311</ele>
        <time>2026-04-30T22:15:37.122Z</time>
      </trkpt>
      <trkpt lat="50.725312" lon="13.058785">
        <ele>353.542130</ele>
        <time>2026-04-30T22:15:40.387Z</time>
      </trkpt>
      <trkpt lat="50.726677" lon="13.060584">
        <ele>348.210651</ele>
        <time>2026-04-30T22:15:53.971Z</time>
      </trkpt>
      <trkpt lat="50.726923" lon="13.060822">
        <ele>347.160161</ele>
        <time>2026-04-30T22:15:56.287Z</time>
      </trkpt>
      <trkpt lat="50.727162" lon="13.060935">
        <ele>346.251672</ele>
        <time>2026-04-30T22:15:58.288Z</time>
      </trkpt>
      <trkpt lat="50.727358" lon="13.060951">
        <ele>345.536964</ele>
        <time>2026-04-30T22:15:59.914Z</time>
      </trkpt>
      <trkpt lat="50.727715" lon="13.060878">
        <ele>344.898897</ele>
        <time>2026-04-30T22:16:03.506Z</time>
      </trkpt>
      <trkpt lat="50.727984" lon="13.060755">
        <ele>344.497552</ele>
        <time>2026-04-30T22:16:06.470Z</time>
      </trkpt>
      <trkpt lat="50.728234" lon="13.060562">
        <ele>344.098768</ele>
        <time>2026-04-30T22:16:09.344Z</time>
      </trkpt>
      <trkpt lat="50.728564" lon="13.060118">
        <ele>343.477544</ele>
        <time>2026-04-30T22:16:13.379Z</time>
      </trkpt>
      <trkpt lat="50.728774" lon="13.059673">
        <ele>342.974006</ele>
        <time>2026-04-30T22:16:16.622Z</time>
      </trkpt>
      <trkpt lat="50.729836" lon="13.056781">
        <ele>340.429773</ele>
        <time>2026-04-30T22:16:35.297Z</time>
      </trkpt>
      <trkpt lat="50.729954" lon="13.056568">
        <ele>341.068137</ele>
        <time>2026-04-30T22:16:37.720Z</time>
      </trkpt>
      <trkpt lat="50.730162" lon="13.056373">
        <ele>341.929884</ele>
        <time>2026-04-30T22:16:41.921Z</time>
      </trkpt>
      <trkpt lat="50.730332" lon="13.056301">
        <ele>342.556967</ele>
        <time>2026-04-30T22:16:45.678Z</time>
      </trkpt>
      <trkpt lat="50.730514" lon="13.056284">
        <ele>343.206550</ele>
        <time>2026-04-30T22:16:50.059Z</time>
      </trkpt>
      <trkpt lat="50.730694" lon="13.056336">
        <ele>343.858509</ele>
        <time>2026-04-30T22:16:54.886Z</time>
      </trkpt>
      <trkpt lat="50.730876" lon="13.056463">
        <ele>344.567395</ele>
        <time>2026-04-30T22:17:00.568Z</time>
      </trkpt>
      <trkpt lat="50.731001" lon="13.056592">
        <ele>345.099357</ele>
        <time>2026-04-30T22:17:05.357Z</time>
      </trkpt>
      <trkpt lat="50.731262" lon="13.057157">
        <ele>347.015821</ele>
        <time>2026-04-30T22:17:22.360Z</time>
      </trkpt>
      <trkpt lat="50.731958" lon="13.059013">
        <ele>355.690177</ele>
        <time>2026-04-30T22:18:09.623Z</time>
      </trkpt>
      <trkpt lat="50.732353" lon="13.060110">
        <ele>358.579112</ele>
        <time>2026-04-30T22:18:28.906Z</time>
      </trkpt>
      <trkpt lat="50.732606" lon="13.060663">
        <ele>359.385006</ele>
        <time>2026-04-30T22:18:36.852Z</time>
      </trkpt>
      <trkpt lat="50.733248" lon="13.061773">
        <ele>360.955987</ele>
        <time>2026-04-30T22:18:50.654Z</time>
      </trkpt>
      <trkpt lat="50.733555" lon="13.062146">
        <ele>360.578341</ele>
        <time>2026-04-30T22:18:54.213Z</time>
      </trkpt>
      <trkpt lat="50.734252" lon="13.062758">
        <ele>359.800772</ele>
        <time>2026-04-30T22:19:00.884Z</time>
      </trkpt>
      <trkpt lat="50.734151" lon="13.062567">
        <ele>359.647163</ele>
        <time>2026-04-30T22:19:10.233Z</time>
      </trkpt>
      <trkpt lat="50.733740" lon="13.062103">
        <ele>359.385701</ele>
        <time>2026-04-30T22:19:43.153Z</time>
      </trkpt>
      <trkpt lat="50.734151" lon="13.062567">
        <ele>359.859324</ele>
        <time>2026-04-30T22:20:18.221Z</time>
      </trkpt>
      <trkpt lat="50.734252" lon="13.062758">
        <ele>360.007023</ele>
        <time>2026-04-30T22:20:29.354Z</time>
      </trkpt>
      <trkpt lat="50.734670" lon="13.063141">
        <ele>360.460077</ele>
        <time>2026-04-30T22:20:38.949Z</time>
      </trkpt>
      <trkpt lat="50.735007" lon="13.063313">
        <ele>360.792127</ele>
        <time>2026-04-30T22:20:44.584Z</time>
      </trkpt>
      <trkpt lat="50.735679" lon="13.063435">
        <ele>358.848711</ele>
        <time>2026-04-30T22:20:50.689Z</time>
      </trkpt>
      <trkpt lat="50.736010" lon="13.063437">
        <ele>357.447947</ele>
        <time>2026-04-30T22:20:53.217Z</time>
      </trkpt>
      <trkpt lat="50.736278" lon="13.063395">
        <ele>356.308236</ele>
        <time>2026-04-30T22:20:55.222Z</time>
      </trkpt>
      <trkpt lat="50.736823" lon="13.063467">
        <ele>353.993811</ele>
        <time>2026-04-30T22:20:59.228Z</time>
      </trkpt>
      <trkpt lat="50.737242" lon="13.063395">
        <ele>351.837452</ele>
        <time>2026-04-30T22:21:02.302Z</time>
      </trkpt>
      <trkpt lat="50.737550" lon="13.063151">
        <ele>349.901377</ele>
        <time>2026-04-30T22:21:04.806Z</time>
      </trkpt>
      <trkpt lat="50.737764" lon="13.062925">
        <ele>348.454997</ele>
        <time>2026-04-30T22:21:06.649Z</time>
      </trkpt>
      <trkpt lat="50.738803" lon="13.062538">
        <ele>343.142000</ele>
        <time>2026-04-30T22:21:14.594Z</time>
      </trkpt>
      <trkpt lat="50.739114" lon="13.062449">
        <ele>342.919534</ele>
        <time>2026-04-30T22:21:17.315Z</time>
      </trkpt>
      <trkpt lat="50.739501" lon="13.062450">
        <ele>342.647135</ele>
        <time>2026-04-30T22:21:21.108Z</time>
      </trkpt>
      <trkpt lat="50.739838" lon="13.062523">
        <ele>342.407712</ele>
        <time>2026-04-30T22:21:25.442Z</time>
      </trkpt>
      <trkpt lat="50.740345" lon="13.062655">
        <ele>342.046037</ele>
        <time>2026-04-30T22:21:34.445Z</time>
      </trkpt>
      <trkpt lat="50.740790" lon="13.062898">
        <ele>342.698697</ele>
        <time>2026-04-30T22:21:42.390Z</time>
      </trkpt>
      <trkpt lat="50.740884" lon="13.062971">
        <ele>342.904544</ele>
        <time>2026-04-30T22:21:44.235Z</time>
      </trkpt>
      <trkpt lat="50.741183" lon="13.063280">
        <ele>343.606692</ele>
        <time>2026-04-30T22:21:50.881Z</time>
      </trkpt>
      <trkpt lat="50.741582" lon="13.063829">
        <ele>344.646471</ele>
        <time>2026-04-30T22:22:01.441Z</time>
      </trkpt>
      <trkpt lat="50.742147" lon="13.064656">
        <ele>345.536167</ele>
        <time>2026-04-30T22:22:15.275Z</time>
      </trkpt>
      <trkpt lat="50.742456" lon="13.065113">
        <ele>345.570767</ele>
        <time>2026-04-30T22:22:22.208Z</time>
      </trkpt>
      <trkpt lat="50.742644" lon="13.065438">
        <ele>345.593547</ele>
        <time>2026-04-30T22:22:26.139Z</time>
      </trkpt>
      <trkpt lat="50.742897" lon="13.065945">
        <ele>345.626951</ele>
        <time>2026-04-30T22:22:30.730Z</time>
      </trkpt>
      <trkpt lat="50.743404" lon="13.067188">
        <ele>342.913056</ele>
        <time>2026-04-30T22:22:38.414Z</time>
      </trkpt>
      <trkpt lat="50.743601" lon="13.067836">
        <ele>340.757203</ele>
        <time>2026-04-30T22:22:41.991Z</time>
      </trkpt>
      <trkpt lat="50.743682" lon="13.068365">
        <ele>339.125059</ele>
        <time>2026-04-30T22:22:44.544Z</time>
      </trkpt>
      <trkpt lat="50.743752" lon="13.068939">
        <ele>337.372079</ele>
        <time>2026-04-30T22:22:47.173Z</time>
      </trkpt>
      <trkpt lat="50.743848" lon="13.069237">
        <ele>336.370822</ele>
        <time>2026-04-30T22:22:48.662Z</time>
      </trkpt>
      <trkpt lat="50.743934" lon="13.069390">
        <ele>335.758359</ele>
        <time>2026-04-30T22:22:49.580Z</time>
      </trkpt>
      <trkpt lat="50.744245" lon="13.069562">
        <ele>334.199995</ele>
        <time>2026-04-30T22:22:51.931Z</time>
      </trkpt>
      <trkpt lat="50.744421" lon="13.069640">
        <ele>333.335481</ele>
        <time>2026-04-30T22:22:53.249Z</time>
      </trkpt>
      <trkpt lat="50.744557" lon="13.069650">
        <ele>332.691565</ele>
        <time>2026-04-30T22:22:54.241Z</time>
      </trkpt>
      <trkpt lat="50.744958" lon="13.069569">
        <ele>330.779585</ele>
        <time>2026-04-30T22:22:57.271Z</time>
      </trkpt>
      <trkpt lat="50.745004" lon="13.069618">
        <ele>330.517217</ele>
        <time>2026-04-30T22:22:57.704Z</time>
      </trkpt>
      <trkpt lat="50.745158" lon="13.069637">
        <ele>329.786650</ele>
        <time>2026-04-30T22:22:58.945Z</time>
      </trkpt>
      <trkpt lat="50.745295" lon="13.069627">
        <ele>329.138010</ele>
        <time>2026-04-30T22:23:00.187Z</time>
      </trkpt>
      <trkpt lat="50.745456" lon="13.069613">
        <ele>328.876003</ele>
        <time>2026-04-30T22:23:02.026Z</time>
      </trkpt>
      <trkpt lat="50.745530" lon="13.069758">
        <ele>329.433989</ele>
        <time>2026-04-30T22:23:03.808Z</time>
      </trkpt>
      <trkpt lat="50.745614" lon="13.069857">
        <ele>329.930022</ele>
        <time>2026-04-30T22:23:05.971Z</time>
      </trkpt>
      <trkpt lat="50.745738" lon="13.070159">
        <ele>331.008372</ele>
        <time>2026-04-30T22:23:11.852Z</time>
      </trkpt>
      <trkpt lat="50.746165" lon="13.070677">
        <ele>333.556526</ele>
        <time>2026-04-30T22:23:28.805Z</time>
      </trkpt>
      <trkpt lat="50.746239" lon="13.070714">
        <ele>333.923937</ele>
        <time>2026-04-30T22:23:31.490Z</time>
      </trkpt>
      <trkpt lat="50.746265" lon="13.070851">
        <ele>334.352353</ele>
        <time>2026-04-30T22:23:34.447Z</time>
      </trkpt>
      <trkpt lat="50.746326" lon="13.070938">
        <ele>334.741313</ele>
        <time>2026-04-30T22:23:37.343Z</time>
      </trkpt>
      <trkpt lat="50.746467" lon="13.071016">
        <ele>335.448479</ele>
        <time>2026-04-30T22:23:42.661Z</time>
      </trkpt>
      <trkpt lat="50.746885" lon="13.071239">
        <ele>337.576307</ele>
        <time>2026-04-30T22:23:58.080Z</time>
      </trkpt>
      <trkpt lat="50.746978" lon="13.071279">
        <ele>338.077868</ele>
        <time>2026-04-30T22:24:01.115Z</time>
      </trkpt>
      <trkpt lat="50.747363" lon="13.071598">
        <ele>340.340002</ele>
        <time>2026-04-30T22:24:14.428Z</time>
      </trkpt>
      <trkpt lat="50.747535" lon="13.071582">
        <ele>341.236615</ele>
        <time>2026-04-30T22:24:19.349Z</time>
      </trkpt>
      <trkpt lat="50.747556" lon="13.071606">
        <ele>341.371475</ele>
        <time>2026-04-30T22:24:20.075Z</time>
      </trkpt>
      <trkpt lat="50.747663" lon="13.072339">
        <ele>343.848406</ele>
        <time>2026-04-30T22:24:32.923Z</time>
      </trkpt>
      <trkpt lat="50.747733" lon="13.072977">
        <ele>345.980481</ele>
        <time>2026-04-30T22:24:44.089Z</time>
      </trkpt>
      <trkpt lat="50.747713" lon="13.073140">
        <ele>346.515984</ele>
        <time>2026-04-30T22:24:46.874Z</time>
      </trkpt>
      <trkpt lat="50.747462" lon="13.074118">
        <ele>348.569663</ele>
        <time>2026-04-30T22:25:01.747Z</time>
      </trkpt>
      <trkpt lat="50.747413" lon="13.074396">
        <ele>349.131222</ele>
        <time>2026-04-30T22:25:05.509Z</time>
      </trkpt>
      <trkpt lat="50.747430" lon="13.074550">
        <ele>349.435417</ele>
        <time>2026-04-30T22:25:07.567Z</time>
      </trkpt>
      <trkpt lat="50.747517" lon="13.074653">
        <ele>349.769719</ele>
        <time>2026-04-30T22:25:09.789Z</time>
      </trkpt>
      <trkpt lat="50.747862" lon="13.074817">
        <ele>350.877673</ele>
        <time>2026-04-30T22:25:17.129Z</time>
      </trkpt>
      <trkpt lat="50.747957" lon="13.074861">
        <ele>351.182120</ele>
        <time>2026-04-30T22:25:19.093Z</time>
      </trkpt>
      <trkpt lat="50.748230" lon="13.074972">
        <ele>352.056341</ele>
        <time>2026-04-30T22:25:24.613Z</time>
      </trkpt>
      <trkpt lat="50.748538" lon="13.075098">
        <ele>353.437586</ele>
        <time>2026-04-30T22:25:30.812Z</time>
      </trkpt>
      <trkpt lat="50.748784" lon="13.075197">
        <ele>354.539670</ele>
        <time>2026-04-30T22:25:36.112Z</time>
      </trkpt>
      <trkpt lat="50.749585" lon="13.075468">
        <ele>358.095980</ele>
        <time>2026-04-30T22:25:57.007Z</time>
      </trkpt>
      <trkpt lat="50.749932" lon="13.075584">
        <ele>359.635803</ele>
        <time>2026-04-30T22:26:08.442Z</time>
      </trkpt>
      <trkpt lat="50.750224" lon="13.075636">
        <ele>361.842241</ele>
        <time>2026-04-30T22:26:18.308Z</time>
      </trkpt>
      <trkpt lat="50.750413" lon="13.075569">
        <ele>363.413606</ele>
        <time>2026-04-30T22:26:25.094Z</time>
      </trkpt>
      <trkpt lat="50.750765" lon="13.075356">
        <ele>366.471354</ele>
        <time>2026-04-30T22:26:39.388Z</time>
      </trkpt>
      <trkpt lat="50.751246" lon="13.075081">
        <ele>370.620934</ele>
        <time>2026-04-30T22:26:59.685Z</time>
      </trkpt>
      <trkpt lat="50.751443" lon="13.074874">
        <ele>372.540047</ele>
        <time>2026-04-30T22:27:09.569Z</time>
      </trkpt>
      <trkpt lat="50.751608" lon="13.074587">
        <ele>374.543840</ele>
        <time>2026-04-30T22:27:19.846Z</time>
      </trkpt>
      <trkpt lat="50.752248" lon="13.073458">
        <ele>383.377913</ele>
        <time>2026-04-30T22:27:59.109Z</time>
      </trkpt>
      <trkpt lat="50.752474" lon="13.073187">
        <ele>385.990882</ele>
        <time>2026-04-30T22:28:10.381Z</time>
      </trkpt>
      <trkpt lat="50.752754" lon="13.072880">
        <ele>389.129752</ele>
        <time>2026-04-30T22:28:24.963Z</time>
      </trkpt>
      <trkpt lat="50.753125" lon="13.072544">
        <ele>393.148301</ele>
        <time>2026-04-30T22:28:43.503Z</time>
      </trkpt>
      <trkpt lat="50.753442" lon="13.072268">
        <ele>396.610811</ele>
        <time>2026-04-30T22:28:58.798Z</time>
      </trkpt>
      <trkpt lat="50.753745" lon="13.072074">
        <ele>399.738503</ele>
        <time>2026-04-30T22:29:12.985Z</time>
      </trkpt>
      <trkpt lat="50.753880" lon="13.072025">
        <ele>401.063706</ele>
        <time>2026-04-30T22:29:19.202Z</time>
      </trkpt>
      <trkpt lat="50.754332" lon="13.071940">
        <ele>405.418628</ele>
        <time>2026-04-30T22:29:39.429Z</time>
      </trkpt>
      <trkpt lat="50.754461" lon="13.071916">
        <ele>406.661331</ele>
        <time>2026-04-30T22:29:45.037Z</time>
      </trkpt>
      <trkpt lat="50.754930" lon="13.071781">
        <ele>411.024945</ele>
        <time>2026-04-30T22:30:03.814Z</time>
      </trkpt>
      <trkpt lat="50.755132" lon="13.071640">
        <ele>412.999371</ele>
        <time>2026-04-30T22:30:11.990Z</time>
      </trkpt>
      <trkpt lat="50.755322" lon="13.071352">
        <ele>415.353119</ele>
        <time>2026-04-30T22:30:22.280Z</time>
      </trkpt>
      <trkpt lat="50.755383" lon="13.071278">
        <ele>416.040655</ele>
        <time>2026-04-30T22:30:25.444Z</time>
      </trkpt>
      <trkpt lat="50.755420" lon="13.071272">
        <ele>416.373222</ele>
        <time>2026-04-30T22:30:26.857Z</time>
      </trkpt>
      <trkpt lat="50.755470" lon="13.071223">
        <ele>416.899241</ele>
        <time>2026-04-30T22:30:29.270Z</time>
      </trkpt>
      <trkpt lat="50.755494" lon="13.071138">
        <ele>417.425767</ele>
        <time>2026-04-30T22:30:31.709Z</time>
      </trkpt>
      <trkpt lat="50.755462" lon="13.070993">
        <ele>418.294448</ele>
        <time>2026-04-30T22:30:35.564Z</time>
      </trkpt>
      <trkpt lat="50.755454" lon="13.070835">
        <ele>419.191049</ele>
        <time>2026-04-30T22:30:39.538Z</time>
      </trkpt>
      <trkpt lat="50.755527" lon="13.070421">
        <ele>421.622143</ele>
        <time>2026-04-30T22:30:50.136Z</time>
      </trkpt>
      <trkpt lat="50.755574" lon="13.070350">
        <ele>422.203437</ele>
        <time>2026-04-30T22:30:52.698Z</time>
      </trkpt>
      <trkpt lat="50.755620" lon="13.070292">
        <ele>422.729563</ele>
        <time>2026-04-30T22:30:55.153Z</time>
      </trkpt>
      <trkpt lat="50.755744" lon="13.070239">
        <ele>423.878112</ele>
        <time>2026-04-30T22:31:00.685Z</time>
      </trkpt>
      <trkpt lat="50.756535" lon="13.070203">
        <ele>431.763999</ele>
        <time>2026-04-30T22:31:36.090Z</time>
      </trkpt>
      <trkpt lat="50.756918" lon="13.070213">
        <ele>435.605483</ele>
        <time>2026-04-30T22:31:54.865Z</time>
      </trkpt>
      <trkpt lat="50.756942" lon="13.070213">
        <ele>435.846170</ele>
        <time>2026-04-30T22:31:55.909Z</time>
      </trkpt>
      <trkpt lat="50.757305" lon="13.070234">
        <ele>439.488995</ele>
        <time>2026-04-30T22:32:12.624Z</time>
      </trkpt>
      <trkpt lat="50.757681" lon="13.070282">
        <ele>442.871066</ele>
        <time>2026-04-30T22:32:29.578Z</time>
      </trkpt>
      <trkpt lat="50.758996" lon="13.070431">
        <ele>450.479768</ele>
        <time>2026-04-30T22:33:13.215Z</time>
      </trkpt>
      <trkpt lat="50.759607" lon="13.070351">
        <ele>452.543876</ele>
        <time>2026-04-30T22:33:23.713Z</time>
      </trkpt>
      <trkpt lat="50.759908" lon="13.070262">
        <ele>452.322500</ele>
        <time>2026-04-30T22:33:27.033Z</time>
      </trkpt>
      <trkpt lat="50.760085" lon="13.070166">
        <ele>452.187220</ele>
        <time>2026-04-30T22:33:28.778Z</time>
      </trkpt>
      <trkpt lat="50.760684" lon="13.069800">
        <ele>451.722964</ele>
        <time>2026-04-30T22:33:34.353Z</time>
      </trkpt>
      <trkpt lat="50.761843" lon="13.069162">
        <ele>451.817227</ele>
        <time>2026-04-30T22:33:45.654Z</time>
      </trkpt>
      <trkpt lat="50.761899" lon="13.069295">
        <ele>451.869542</ele>
        <time>2026-04-30T22:33:46.948Z</time>
      </trkpt>
      <trkpt lat="50.761994" lon="13.069347">
        <ele>451.921583</ele>
        <time>2026-04-30T22:33:48.344Z</time>
      </trkpt>
      <trkpt lat="50.762045" lon="13.069334">
        <ele>451.948324</ele>
        <time>2026-04-30T22:33:49.071Z</time>
      </trkpt>
      <trkpt lat="50.762120" lon="13.069247">
        <ele>451.996478</ele>
        <time>2026-04-30T22:33:50.491Z</time>
      </trkpt>
      <trkpt lat="50.762151" lon="13.069108">
        <ele>452.044738</ele>
        <time>2026-04-30T22:33:51.963Z</time>
      </trkpt>
      <trkpt lat="50.762146" lon="13.069034">
        <ele>452.069106</ele>
        <time>2026-04-30T22:33:52.773Z</time>
      </trkpt>
      <trkpt lat="50.762335" lon="13.068960">
        <ele>452.169898</ele>
        <time>2026-04-30T22:33:56.271Z</time>
      </trkpt>
      <trkpt lat="50.762828" lon="13.068857">
        <ele>453.238399</ele>
        <time>2026-04-30T22:34:07.052Z</time>
      </trkpt>
      <trkpt lat="50.763239" lon="13.068811">
        <ele>455.405084</ele>
        <time>2026-04-30T22:34:18.009Z</time>
      </trkpt>
      <trkpt lat="50.763797" lon="13.068603">
        <ele>458.419829</ele>
        <time>2026-04-30T22:34:34.814Z</time>
      </trkpt>
      <trkpt lat="50.765148" lon="13.068266">
        <ele>466.552929</ele>
        <time>2026-04-30T22:35:20.405Z</time>
      </trkpt>
      <trkpt lat="50.765949" lon="13.067951">
        <ele>471.963871</ele>
        <time>2026-04-30T22:35:48.128Z</time>
      </trkpt>
      <trkpt lat="50.766098" lon="13.067921">
        <ele>472.948527</ele>
        <time>2026-04-30T22:35:53.003Z</time>
      </trkpt>
      <trkpt lat="50.767086" lon="13.067977">
        <ele>478.375461</ele>
        <time>2026-04-30T22:36:22.896Z</time>
      </trkpt>
      <trkpt lat="50.767558" lon="13.067905">
        <ele>480.923103</ele>
        <time>2026-04-30T22:36:36.433Z</time>
      </trkpt>
      <trkpt lat="50.767852" lon="13.067898">
        <ele>482.502826</ele>
        <time>2026-04-30T22:36:44.800Z</time>
      </trkpt>
      <trkpt lat="50.768362" lon="13.068018">
        <ele>483.719576</ele>
        <time>2026-04-30T22:36:58.329Z</time>
      </trkpt>
      <trkpt lat="50.768707" lon="13.068133">
        <ele>484.158237</ele>
        <time>2026-04-30T22:37:06.164Z</time>
      </trkpt>
      <trkpt lat="50.769090" lon="13.068320">
        <ele>484.656942</ele>
        <time>2026-04-30T22:37:13.196Z</time>
      </trkpt>
      <trkpt lat="50.769301" lon="13.068459">
        <ele>484.941327</ele>
        <time>2026-04-30T22:37:16.023Z</time>
      </trkpt>
      <trkpt lat="50.769819" lon="13.068898">
        <ele>484.840929</ele>
        <time>2026-04-30T22:37:21.114Z</time>
      </trkpt>
      <trkpt lat="50.770921" lon="13.069556">
        <ele>479.658841</ele>
        <time>2026-04-30T22:37:30.004Z</time>
      </trkpt>
      <trkpt lat="50.771919" lon="13.070415">
        <ele>474.338550</ele>
        <time>2026-04-30T22:37:38.581Z</time>
      </trkpt>
      <trkpt lat="50.772165" lon="13.070555">
        <ele>473.061566</ele>
        <time>2026-04-30T22:37:40.578Z</time>
      </trkpt>
      <trkpt lat="50.772433" lon="13.070542">
        <ele>471.751964</ele>
        <time>2026-04-30T22:37:42.642Z</time>
      </trkpt>
      <trkpt lat="50.773016" lon="13.070299">
        <ele>468.807166</ele>
        <time>2026-04-30T22:37:47.238Z</time>
      </trkpt>
      <trkpt lat="50.773205" lon="13.070177">
        <ele>467.473954</ele>
        <time>2026-04-30T22:37:48.762Z</time>
      </trkpt>
      <trkpt lat="50.773461" lon="13.070012">
        <ele>465.661231</ele>
        <time>2026-04-30T22:37:50.795Z</time>
      </trkpt>
      <trkpt lat="50.773618" lon="13.069973">
        <ele>464.619128</ele>
        <time>2026-04-30T22:37:51.943Z</time>
      </trkpt>
      <trkpt lat="50.773745" lon="13.070016">
        <ele>463.767491</ele>
        <time>2026-04-30T22:37:52.888Z</time>
      </trkpt>
      <trkpt lat="50.773864" lon="13.070119">
        <ele>462.877943</ele>
        <time>2026-04-30T22:37:53.863Z</time>
      </trkpt>
      <trkpt lat="50.774022" lon="13.070166">
        <ele>461.823737</ele>
        <time>2026-04-30T22:37:55.019Z</time>
      </trkpt>
      <trkpt lat="50.775211" lon="13.070142">
        <ele>454.408362</ele>
        <time>2026-04-30T22:38:03.506Z</time>
      </trkpt>
      <trkpt lat="50.775441" lon="13.070130">
        <ele>453.093292</ele>
        <time>2026-04-30T22:38:05.168Z</time>
      </trkpt>
      <trkpt lat="50.775666" lon="13.070058">
        <ele>451.781449</ele>
        <time>2026-04-30T22:38:06.845Z</time>
      </trkpt>
      <trkpt lat="50.776126" lon="13.069708">
        <ele>448.864298</ele>
        <time>2026-04-30T22:38:10.656Z</time>
      </trkpt>
      <trkpt lat="50.776793" lon="13.069083">
        <ele>445.329454</ele>
        <time>2026-04-30T22:38:16.799Z</time>
      </trkpt>
      <trkpt lat="50.777137" lon="13.068877">
        <ele>444.051308</ele>
        <time>2026-04-30T22:38:19.849Z</time>
      </trkpt>
      <trkpt lat="50.777360" lon="13.068851">
        <ele>443.274333</ele>
        <time>2026-04-30T22:38:21.727Z</time>
      </trkpt>
      <trkpt lat="50.777577" lon="13.068858">
        <ele>442.520154</ele>
        <time>2026-04-30T22:38:23.543Z</time>
      </trkpt>
      <trkpt lat="50.777641" lon="13.068439">
        <ele>441.573047</ele>
        <time>2026-04-30T22:38:25.769Z</time>
      </trkpt>
      <trkpt lat="50.777746" lon="13.067209">
        <ele>437.762959</ele>
        <time>2026-04-30T22:38:31.837Z</time>
      </trkpt>
      <trkpt lat="50.777995" lon="13.066620">
        <ele>435.167501</ele>
        <time>2026-04-30T22:38:35.124Z</time>
      </trkpt>
      <trkpt lat="50.779212" lon="13.065431">
        <ele>426.797578</ele>
        <time>2026-04-30T22:38:45.450Z</time>
      </trkpt>
      <trkpt lat="50.779374" lon="13.065316">
        <ele>425.742036</ele>
        <time>2026-04-30T22:38:46.762Z</time>
      </trkpt>
      <trkpt lat="50.779695" lon="13.065006">
        <ele>423.506283</ele>
        <time>2026-04-30T22:38:49.553Z</time>
      </trkpt>
      <trkpt lat="50.779812" lon="13.064868">
        <ele>422.638678</ele>
        <time>2026-04-30T22:38:50.647Z</time>
      </trkpt>
      <trkpt lat="50.779911" lon="13.064678">
        <ele>421.713309</ele>
        <time>2026-04-30T22:38:51.814Z</time>
      </trkpt>
      <trkpt lat="50.780028" lon="13.064363">
        <ele>420.340189</ele>
        <time>2026-04-30T22:38:53.548Z</time>
      </trkpt>
      <trkpt lat="50.780124" lon="13.064200">
        <ele>419.502938</ele>
        <time>2026-04-30T22:38:54.601Z</time>
      </trkpt>
      <trkpt lat="50.780791" lon="13.063393">
        <ele>413.751127</ele>
        <time>2026-04-30T22:39:00.764Z</time>
      </trkpt>
      <trkpt lat="50.780954" lon="13.063244">
        <ele>412.456550</ele>
        <time>2026-04-30T22:39:02.114Z</time>
      </trkpt>
      <trkpt lat="50.781561" lon="13.062954">
        <ele>408.096381</ele>
        <time>2026-04-30T22:39:06.598Z</time>
      </trkpt>
      <trkpt lat="50.781681" lon="13.062852">
        <ele>407.159612</ele>
        <time>2026-04-30T22:39:07.558Z</time>
      </trkpt>
      <trkpt lat="50.781917" lon="13.062554">
        <ele>404.949209</ele>
        <time>2026-04-30T22:39:09.683Z</time>
      </trkpt>
      <trkpt lat="50.782175" lon="13.062329">
        <ele>402.781065</ele>
        <time>2026-04-30T22:39:11.772Z</time>
      </trkpt>
      <trkpt lat="50.782785" lon="13.062021">
        <ele>398.068834</ele>
        <time>2026-04-30T22:39:16.357Z</time>
      </trkpt>
      <trkpt lat="50.783147" lon="13.061786">
        <ele>395.189188</ele>
        <time>2026-04-30T22:39:19.179Z</time>
      </trkpt>
      <trkpt lat="50.783586" lon="13.061450">
        <ele>391.876613</ele>
        <time>2026-04-30T22:39:22.691Z</time>
      </trkpt>
      <trkpt lat="50.784233" lon="13.060904">
        <ele>387.172924</ele>
        <time>2026-04-30T22:39:27.980Z</time>
      </trkpt>
      <trkpt lat="50.784525" lon="13.060550">
        <ele>384.813115</ele>
        <time>2026-04-30T22:39:30.647Z</time>
      </trkpt>
      <trkpt lat="50.784845" lon="13.060275">
        <ele>382.477201</ele>
        <time>2026-04-30T22:39:33.317Z</time>
      </trkpt>
      <trkpt lat="50.785655" lon="13.059769">
        <ele>378.265632</ele>
        <time>2026-04-30T22:39:39.926Z</time>
      </trkpt>
      <trkpt lat="50.785919" lon="13.059547">
        <ele>376.842846</ele>
        <time>2026-04-30T22:39:42.251Z</time>
      </trkpt>
      <trkpt lat="50.786602" lon="13.058691">
        <ele>372.535276</ele>
        <time>2026-04-30T22:39:48.926Z</time>
      </trkpt>
      <trkpt lat="50.787115" lon="13.058244">
        <ele>369.281815</ele>
        <time>2026-04-30T22:39:53.376Z</time>
      </trkpt>
      <trkpt lat="50.787718" lon="13.057614">
        <ele>365.267469</ele>
        <time>2026-04-30T22:39:58.703Z</time>
      </trkpt>
      <trkpt lat="50.788609" lon="13.057055">
        <ele>357.334316</ele>
        <time>2026-04-30T22:40:05.615Z</time>
      </trkpt>
      <trkpt lat="50.788872" lon="13.056805">
        <ele>354.435582</ele>
        <time>2026-04-30T22:40:07.730Z</time>
      </trkpt>
      <trkpt lat="50.789082" lon="13.056475">
        <ele>351.639109</ele>
        <time>2026-04-30T22:40:09.737Z</time>
      </trkpt>
      <trkpt lat="50.789251" lon="13.056293">
        <ele>349.707645</ele>
        <time>2026-04-30T22:40:11.115Z</time>
      </trkpt>
      <trkpt lat="50.789430" lon="13.056140">
        <ele>347.785505</ele>
        <time>2026-04-30T22:40:12.492Z</time>
      </trkpt>
      <trkpt lat="50.789633" lon="13.056035">
        <ele>346.043441</ele>
        <time>2026-04-30T22:40:13.936Z</time>
      </trkpt>
      <trkpt lat="50.789825" lon="13.055858">
        <ele>344.582859</ele>
        <time>2026-04-30T22:40:15.446Z</time>
      </trkpt>
      <trkpt lat="50.790016" lon="13.055596">
        <ele>342.921254</ele>
        <time>2026-04-30T22:40:17.184Z</time>
      </trkpt>
      <trkpt lat="50.790100" lon="13.055520">
        <ele>342.285237</ele>
        <time>2026-04-30T22:40:17.865Z</time>
      </trkpt>
      <trkpt lat="50.790385" lon="13.055358">
        <ele>340.294808</ele>
        <time>2026-04-30T22:40:20.037Z</time>
      </trkpt>
      <trkpt lat="50.790631" lon="13.055157">
        <ele>338.475026</ele>
        <time>2026-04-30T22:40:22.064Z</time>
      </trkpt>
      <trkpt lat="50.790706" lon="13.055082">
        <ele>337.891852</ele>
        <time>2026-04-30T22:40:22.730Z</time>
      </trkpt>
      <trkpt lat="50.790843" lon="13.054836">
        <ele>336.529702</ele>
        <time>2026-04-30T22:40:24.376Z</time>
      </trkpt>
      <trkpt lat="50.791058" lon="13.054318">
        <ele>334.909430</ele>
        <time>2026-04-30T22:40:28.248Z</time>
      </trkpt>
      <trkpt lat="50.791196" lon="13.054398">
        <ele>334.971238</ele>
        <time>2026-04-30T22:40:30.488Z</time>
      </trkpt>
      <trkpt lat="50.791269" lon="13.054473">
        <ele>335.007843</ele>
        <time>2026-04-30T22:40:31.856Z</time>
      </trkpt>
      <trkpt lat="50.791368" lon="13.054664">
        <ele>335.073505</ele>
        <time>2026-04-30T22:40:34.527Z</time>
      </trkpt>
      <trkpt lat="50.791475" lon="13.055171">
        <ele>335.215598</ele>
        <time>2026-04-30T22:40:40.598Z</time>
      </trkpt>
      <trkpt lat="50.791519" lon="13.055287">
        <ele>335.251560</ele>
        <time>2026-04-30T22:40:41.836Z</time>
      </trkpt>
      <trkpt lat="50.791657" lon="13.055540">
        <ele>335.340394</ele>
        <time>2026-04-30T22:40:45.066Z</time>
      </trkpt>
      <trkpt lat="50.791785" lon="13.055711">
        <ele>335.410849</ele>
        <time>2026-04-30T22:40:47.259Z</time>
      </trkpt>
      <trkpt lat="50.791975" lon="13.055893">
        <ele>335.504257</ele>
        <time>2026-04-30T22:40:49.856Z</time>
      </trkpt>
      <trkpt lat="50.792400" lon="13.056127">
        <ele>335.405949</ele>
        <time>2026-04-30T22:40:56.395Z</time>
      </trkpt>
      <trkpt lat="50.792811" lon="13.056264">
        <ele>334.985538</ele>
        <time>2026-04-30T22:41:02.174Z</time>
      </trkpt>
      <trkpt lat="50.793758" lon="13.056382">
        <ele>334.034731</ele>
        <time>2026-04-30T22:41:11.222Z</time>
      </trkpt>
      <trkpt lat="50.794156" lon="13.056465">
        <ele>333.305252</ele>
        <time>2026-04-30T22:41:14.487Z</time>
      </trkpt>
      <trkpt lat="50.794620" lon="13.056657">
        <ele>331.927456</ele>
        <time>2026-04-30T22:41:18.228Z</time>
      </trkpt>
      <trkpt lat="50.795571" lon="13.057223">
        <ele>329.008547</ele>
        <time>2026-04-30T22:41:26.371Z</time>
      </trkpt>
      <trkpt lat="50.795861" lon="13.057358">
        <ele>328.547200</ele>
        <time>2026-04-30T22:41:29.385Z</time>
      </trkpt>
      <trkpt lat="50.796232" lon="13.057416">
        <ele>328.346480</ele>
        <time>2026-04-30T22:41:33.637Z</time>
      </trkpt>
      <trkpt lat="50.796431" lon="13.057447">
        <ele>328.238820</ele>
        <time>2026-04-30T22:41:36.267Z</time>
      </trkpt>
      <trkpt lat="50.796621" lon="13.057477">
        <ele>328.136015</ele>
        <time>2026-04-30T22:41:39.037Z</time>
      </trkpt>
      <trkpt lat="50.796781" lon="13.057553">
        <ele>328.046072</ele>
        <time>2026-04-30T22:41:41.455Z</time>
      </trkpt>
      <trkpt lat="50.797522" lon="13.058062">
        <ele>327.394976</ele>
        <time>2026-04-30T22:41:50.453Z</time>
      </trkpt>
      <trkpt lat="50.798270" lon="13.058433">
        <ele>325.490914</ele>
        <time>2026-04-30T22:41:57.064Z</time>
      </trkpt>
      <trkpt lat="50.800016" lon="13.059742">
        <ele>319.493783</ele>
        <time>2026-04-30T22:42:12.857Z</time>
      </trkpt>
      <trkpt lat="50.800073" lon="13.059824">
        <ele>319.209276</ele>
        <time>2026-04-30T22:42:13.446Z</time>
      </trkpt>
      <trkpt lat="50.800166" lon="13.059965">
        <ele>318.733597</ele>
        <time>2026-04-30T22:42:14.433Z</time>
      </trkpt>
      <trkpt lat="50.800311" lon="13.060299">
        <ele>317.787815</ele>
        <time>2026-04-30T22:42:16.376Z</time>
      </trkpt>
      <trkpt lat="50.800449" lon="13.060747">
        <ele>316.633289</ele>
        <time>2026-04-30T22:42:18.770Z</time>
      </trkpt>
      <trkpt lat="50.800537" lon="13.061221">
        <ele>315.753383</ele>
        <time>2026-04-30T22:42:21.142Z</time>
      </trkpt>
      <trkpt lat="50.800641" lon="13.062676">
        <ele>313.145383</ele>
        <time>2026-04-30T22:42:28.611Z</time>
      </trkpt>
      <trkpt lat="50.800761" lon="13.063960">
        <ele>311.245022</ele>
        <time>2026-04-30T22:42:36.923Z</time>
      </trkpt>
      <trkpt lat="50.800787" lon="13.064235">
        <ele>311.018200</ele>
        <time>2026-04-30T22:42:38.740Z</time>
      </trkpt>
      <trkpt lat="50.801371" lon="13.068124">
        <ele>307.690855</ele>
        <time>2026-04-30T22:43:02.128Z</time>
      </trkpt>
      <trkpt lat="50.801898" lon="13.069847">
        <ele>305.656962</ele>
        <time>2026-04-30T22:43:13.757Z</time>
      </trkpt>
      <trkpt lat="50.802318" lon="13.070678">
        <ele>304.285841</ele>
        <time>2026-04-30T22:43:19.499Z</time>
      </trkpt>
      <trkpt lat="50.802420" lon="13.070973">
        <ele>303.852539</ele>
        <time>2026-04-30T22:43:21.273Z</time>
      </trkpt>
      <trkpt lat="50.802601" lon="13.071698">
        <ele>303.051830</ele>
        <time>2026-04-30T22:43:25.365Z</time>
      </trkpt>
      <trkpt lat="50.802652" lon="13.071842">
        <ele>302.969606</ele>
        <time>2026-04-30T22:43:26.225Z</time>
      </trkpt>
      <trkpt lat="50.802828" lon="13.072224">
        <ele>302.734130</ele>
        <time>2026-04-30T22:43:28.761Z</time>
      </trkpt>
      <trkpt lat="50.803380" lon="13.073119">
        <ele>302.111210</ele>
        <time>2026-04-30T22:43:36.823Z</time>
      </trkpt>
      <trkpt lat="50.803651" lon="13.073339">
        <ele>301.871146</ele>
        <time>2026-04-30T22:43:41.806Z</time>
      </trkpt>
      <trkpt lat="50.804085" lon="13.073530">
        <ele>301.649698</ele>
        <time>2026-04-30T22:43:49.233Z</time>
      </trkpt>
      <trkpt lat="50.804357" lon="13.073605">
        <ele>301.550027</ele>
        <time>2026-04-30T22:43:53.476Z</time>
      </trkpt>
      <trkpt lat="50.804697" lon="13.073598">
        <ele>301.427278</ele>
        <time>2026-04-30T22:43:58.161Z</time>
      </trkpt>
      <trkpt lat="50.804996" lon="13.073526">
        <ele>301.318098</ele>
        <time>2026-04-30T22:44:01.453Z</time>
      </trkpt>
      <trkpt lat="50.805644" lon="13.073573">
        <ele>300.934095</ele>
        <time>2026-04-30T22:44:07.194Z</time>
      </trkpt>
      <trkpt lat="50.805822" lon="13.073550">
        <ele>300.540745</ele>
        <time>2026-04-30T22:44:08.650Z</time>
      </trkpt>
      <trkpt lat="50.806041" lon="13.073522">
        <ele>300.056826</ele>
        <time>2026-04-30T22:44:10.398Z</time>
      </trkpt>
      <trkpt lat="50.806759" lon="13.073160">
        <ele>298.397103</ele>
        <time>2026-04-30T22:44:16.510Z</time>
      </trkpt>
      <trkpt lat="50.807176" lon="13.073213">
        <ele>297.475702</ele>
        <time>2026-04-30T22:44:20.367Z</time>
      </trkpt>
      <trkpt lat="50.807212" lon="13.073194">
        <ele>297.392118</ele>
        <time>2026-04-30T22:44:20.740Z</time>
      </trkpt>
      <trkpt lat="50.807295" lon="13.073049">
        <ele>297.160879</ele>
        <time>2026-04-30T22:44:21.971Z</time>
      </trkpt>
      <trkpt lat="50.807631" lon="13.071750">
        <ele>297.716681</ele>
        <time>2026-04-30T22:44:33.001Z</time>
      </trkpt>
      <trkpt lat="50.807734" lon="13.071524">
        <ele>297.827019</ele>
        <time>2026-04-30T22:44:36.130Z</time>
      </trkpt>
      <trkpt lat="50.808194" lon="13.070817">
        <ele>298.228842</ele>
        <time>2026-04-30T22:44:47.968Z</time>
      </trkpt>
      <trkpt lat="50.808710" lon="13.069831">
        <ele>297.377246</ele>
        <time>2026-04-30T22:44:58.390Z</time>
      </trkpt>
      <trkpt lat="50.808852" lon="13.069649">
        <ele>297.151303</ele>
        <time>2026-04-30T22:45:00.188Z</time>
      </trkpt>
      <trkpt lat="50.809211" lon="13.069338">
        <ele>296.645249</ele>
        <time>2026-04-30T22:45:03.907Z</time>
      </trkpt>
      <trkpt lat="50.809351" lon="13.069258">
        <ele>296.461202</ele>
        <time>2026-04-30T22:45:05.161Z</time>
      </trkpt>
      <trkpt lat="50.809642" lon="13.069206">
        <ele>296.099100</ele>
        <time>2026-04-30T22:45:07.525Z</time>
      </trkpt>
      <trkpt lat="50.809929" lon="13.069272">
        <ele>295.292684</ele>
        <time>2026-04-30T22:45:09.740Z</time>
      </trkpt>
      <trkpt lat="50.810125" lon="13.069297">
        <ele>294.703201</ele>
        <time>2026-04-30T22:45:11.224Z</time>
      </trkpt>
      <trkpt lat="50.810459" lon="13.069268">
        <ele>293.700415</ele>
        <time>2026-04-30T22:45:13.748Z</time>
      </trkpt>
      <trkpt lat="50.810857" lon="13.069256">
        <ele>292.507056</ele>
        <time>2026-04-30T22:45:16.907Z</time>
      </trkpt>
      <trkpt lat="50.811136" lon="13.069199">
        <ele>291.663717</ele>
        <time>2026-04-30T22:45:19.305Z</time>
      </trkpt>
      <trkpt lat="50.811220" lon="13.069180">
        <ele>291.409339</ele>
        <time>2026-04-30T22:45:20.060Z</time>
      </trkpt>
      <trkpt lat="50.811344" lon="13.069170">
        <ele>291.037124</ele>
        <time>2026-04-30T22:45:21.224Z</time>
      </trkpt>
      <trkpt lat="50.811555" lon="13.069221">
        <ele>290.763820</ele>
        <time>2026-04-30T22:45:23.427Z</time>
      </trkpt>
      <trkpt lat="50.811666" lon="13.069260">
        <ele>290.893452</ele>
        <time>2026-04-30T22:45:24.719Z</time>
      </trkpt>
      <trkpt lat="50.812166" lon="13.069538">
        <ele>291.497653</ele>
        <time>2026-04-30T22:45:32.782Z</time>
      </trkpt>
      <trkpt lat="50.812586" lon="13.069798">
        <ele>292.011820</ele>
        <time>2026-04-30T22:45:41.779Z</time>
      </trkpt>
      <trkpt lat="50.813655" lon="13.070814">
        <ele>292.415601</ele>
        <time>2026-04-30T22:46:02.983Z</time>
      </trkpt>
      <trkpt lat="50.813768" lon="13.070941">
        <ele>292.350240</ele>
        <time>2026-04-30T22:46:04.502Z</time>
      </trkpt>
      <trkpt lat="50.814456" lon="13.071948">
        <ele>291.908294</ele>
        <time>2026-04-30T22:46:13.073Z</time>
      </trkpt>
      <trkpt lat="50.814710" lon="13.072347">
        <ele>291.401880</ele>
        <time>2026-04-30T22:46:16.073Z</time>
      </trkpt>
      <trkpt lat="50.815231" lon="13.072978">
        <ele>290.261225</ele>
        <time>2026-04-30T22:46:21.670Z</time>
      </trkpt>
      <trkpt lat="50.815395" lon="13.073223">
        <ele>289.869120</ele>
        <time>2026-04-30T22:46:23.664Z</time>
      </trkpt>
      <trkpt lat="50.815497" lon="13.073427">
        <ele>289.583333</ele>
        <time>2026-04-30T22:46:25.179Z</time>
      </trkpt>
      <trkpt lat="50.815671" lon="13.073887">
        <ele>288.994365</ele>
        <time>2026-04-30T22:46:28.463Z</time>
      </trkpt>
      <trkpt lat="50.816185" lon="13.074950">
        <ele>289.037578</ele>
        <time>2026-04-30T22:46:37.274Z</time>
      </trkpt>
      <trkpt lat="50.816709" lon="13.075939">
        <ele>289.387590</ele>
        <time>2026-04-30T22:46:48.438Z</time>
      </trkpt>
      <trkpt lat="50.816763" lon="13.076030">
        <ele>289.421444</ele>
        <time>2026-04-30T22:46:49.727Z</time>
      </trkpt>
      <trkpt lat="50.817010" lon="13.076321">
        <ele>289.879954</ele>
        <time>2026-04-30T22:46:55.236Z</time>
      </trkpt>
      <trkpt lat="50.817152" lon="13.076420">
        <ele>290.443664</ele>
        <time>2026-04-30T22:46:58.326Z</time>
      </trkpt>
      <trkpt lat="50.817284" lon="13.076462">
        <ele>290.932810</ele>
        <time>2026-04-30T22:47:01.147Z</time>
      </trkpt>
      <trkpt lat="50.817433" lon="13.076461">
        <ele>291.474127</ele>
        <time>2026-04-30T22:47:04.348Z</time>
      </trkpt>
      <trkpt lat="50.817499" lon="13.076421">
        <ele>291.730880</ele>
        <time>2026-04-30T22:47:05.888Z</time>
      </trkpt>
      <trkpt lat="50.817614" lon="13.076275">
        <ele>292.266463</ele>
        <time>2026-04-30T22:47:09.180Z</time>
      </trkpt>
      <trkpt lat="50.817785" lon="13.075969">
        <ele>293.204139</ele>
        <time>2026-04-30T22:47:15.485Z</time>
      </trkpt>
      <trkpt lat="50.817843" lon="13.075884">
        <ele>293.491302</ele>
        <time>2026-04-30T22:47:17.582Z</time>
      </trkpt>
      <trkpt lat="50.817950" lon="13.075773">
        <ele>293.956081</ele>
        <time>2026-04-30T22:47:21.063Z</time>
      </trkpt>
      <trkpt lat="50.818107" lon="13.075729">
        <ele>294.535329</ele>
        <time>2026-04-30T22:47:25.615Z</time>
      </trkpt>
      <trkpt lat="50.818216" lon="13.075814">
        <ele>294.976774</ele>
        <time>2026-04-30T22:47:29.120Z</time>
      </trkpt>
      <trkpt lat="50.818258" lon="13.075908">
        <ele>295.241030</ele>
        <time>2026-04-30T22:47:31.171Z</time>
      </trkpt>
      <trkpt lat="50.818338" lon="13.076225">
        <ele>296.024523</ele>
        <time>2026-04-30T22:47:37.002Z</time>
      </trkpt>
      <trkpt lat="50.818438" lon="13.076358">
        <ele>296.459884</ele>
        <time>2026-04-30T22:47:40.446Z</time>
      </trkpt>
      <trkpt lat="50.818852" lon="13.076495">
        <ele>297.864123</ele>
        <time>2026-04-30T22:47:51.394Z</time>
      </trkpt>
      <trkpt lat="50.819038" lon="13.076534">
        <ele>298.487056</ele>
        <time>2026-04-30T22:47:56.102Z</time>
      </trkpt>
      <trkpt lat="50.819170" lon="13.076556">
        <ele>298.927732</ele>
        <time>2026-04-30T22:47:59.308Z</time>
      </trkpt>
      <trkpt lat="50.819516" lon="13.076599">
        <ele>300.080022</ele>
        <time>2026-04-30T22:48:07.588Z</time>
      </trkpt>
      <trkpt lat="50.819643" lon="13.076619">
        <ele>300.503756</ele>
        <time>2026-04-30T22:48:10.586Z</time>
      </trkpt>
      <trkpt lat="50.819778" lon="13.076650">
        <ele>300.956662</ele>
        <time>2026-04-30T22:48:13.655Z</time>
      </trkpt>
      <trkpt lat="50.819957" lon="13.076685">
        <ele>301.555477</ele>
        <time>2026-04-30T22:48:17.249Z</time>
      </trkpt>
      <trkpt lat="50.820049" lon="13.076703">
        <ele>301.863250</ele>
        <time>2026-04-30T22:48:18.836Z</time>
      </trkpt>
      <trkpt lat="50.820095" lon="13.076712">
        <ele>302.015606</ele>
        <time>2026-04-30T22:48:19.541Z</time>
      </trkpt>
      <trkpt lat="50.820455" lon="13.076782">
        <ele>301.637152</ele>
        <time>2026-04-30T22:48:23.719Z</time>
      </trkpt>
      <trkpt lat="50.820844" lon="13.076761">
        <ele>301.231026</ele>
        <time>2026-04-30T22:48:27.339Z</time>
      </trkpt>
      <trkpt lat="50.820962" lon="13.076826">
        <ele>301.100660</ele>
        <time>2026-04-30T22:48:28.383Z</time>
      </trkpt>
      <trkpt lat="50.820984" lon="13.076919">
        <ele>301.035200</ele>
        <time>2026-04-30T22:48:28.899Z</time>
      </trkpt>
      <trkpt lat="50.820980" lon="13.077031">
        <ele>300.961255</ele>
        <time>2026-04-30T22:48:29.494Z</time>
      </trkpt>
      <trkpt lat="50.820863" lon="13.077773">
        <ele>300.457141</ele>
        <time>2026-04-30T22:48:33.617Z</time>
      </trkpt>
      <trkpt lat="50.820745" lon="13.078546">
        <ele>300.207075</ele>
        <time>2026-04-30T22:48:38.207Z</time>
      </trkpt>
      <trkpt lat="50.821048" lon="13.078656">
        <ele>300.313741</ele>
        <time>2026-04-30T22:48:41.631Z</time>
      </trkpt>
      <trkpt lat="50.821533" lon="13.078564">
        <ele>300.481347</ele>
        <time>2026-04-30T22:48:49.379Z</time>
      </trkpt>
      <trkpt lat="50.822231" lon="13.078705">
        <ele>300.722790</ele>
        <time>2026-04-30T22:49:01.779Z</time>
      </trkpt>
      <trkpt lat="50.823586" lon="13.079332">
        <ele>299.909716</ele>
        <time>2026-04-30T22:49:16.031Z</time>
      </trkpt>
      <trkpt lat="50.824711" lon="13.079595">
        <ele>299.786357</ele>
        <time>2026-04-30T22:49:26.814Z</time>
      </trkpt>
      <trkpt lat="50.825369" lon="13.079664">
        <ele>299.977535</ele>
        <time>2026-04-30T22:49:34.117Z</time>
      </trkpt>
      <trkpt lat="50.825618" lon="13.079684">
        <ele>300.049815</ele>
        <time>2026-04-30T22:49:38.178Z</time>
      </trkpt>
      <trkpt lat="50.826085" lon="13.079647">
        <ele>301.046512</ele>
        <time>2026-04-30T22:49:48.147Z</time>
      </trkpt>
      <trkpt lat="50.826331" lon="13.079489">
        <ele>302.117273</ele>
        <time>2026-04-30T22:49:55.073Z</time>
      </trkpt>
      <trkpt lat="50.826568" lon="13.079277">
        <ele>303.215227</ele>
        <time>2026-04-30T22:50:02.935Z</time>
      </trkpt>
      <trkpt lat="50.827321" lon="13.078448">
        <ele>306.914561</ele>
        <time>2026-04-30T22:50:28.874Z</time>
      </trkpt>
      <trkpt lat="50.827532" lon="13.078205">
        <ele>307.339511</ele>
        <time>2026-04-30T22:50:35.061Z</time>
      </trkpt>
      <trkpt lat="50.828158" lon="13.077474">
        <ele>307.160987</ele>
        <time>2026-04-30T22:50:46.864Z</time>
      </trkpt>
      <trkpt lat="50.828471" lon="13.077204">
        <ele>307.079181</ele>
        <time>2026-04-30T22:50:49.992Z</time>
      </trkpt>
      <trkpt lat="50.829898" lon="13.076632">
        <ele>303.735711</ele>
        <time>2026-04-30T22:51:01.880Z</time>
      </trkpt>
      <trkpt lat="50.830101" lon="13.076598">
        <ele>303.046328</ele>
        <time>2026-04-30T22:51:03.453Z</time>
      </trkpt>
      <trkpt lat="50.830341" lon="13.076638">
        <ele>302.231337</ele>
        <time>2026-04-30T22:51:05.338Z</time>
      </trkpt>
      <trkpt lat="50.831108" lon="13.076873">
        <ele>299.862197</ele>
        <time>2026-04-30T22:51:11.691Z</time>
      </trkpt>
      <trkpt lat="50.831670" lon="13.076971">
        <ele>298.350210</ele>
        <time>2026-04-30T22:51:16.456Z</time>
      </trkpt>
      <trkpt lat="50.832264" lon="13.076771">
        <ele>296.726215</ele>
        <time>2026-04-30T22:51:21.551Z</time>
      </trkpt>
      <trkpt lat="50.832569" lon="13.076680">
        <ele>295.998841</ele>
        <time>2026-04-30T22:51:24.176Z</time>
      </trkpt>
      <trkpt lat="50.832915" lon="13.076587">
        <ele>295.595101</ele>
        <time>2026-04-30T22:51:27.317Z</time>
      </trkpt>
      <trkpt lat="50.833425" lon="13.076450">
        <ele>295.000004</ele>
        <time>2026-04-30T22:51:32.056Z</time>
      </trkpt>
      <trkpt lat="50.833465" lon="13.076416">
        <ele>294.947775</ele>
        <time>2026-04-30T22:51:32.472Z</time>
      </trkpt>
      <trkpt lat="50.833760" lon="13.076165">
        <ele>294.562505</ele>
        <time>2026-04-30T22:51:35.777Z</time>
      </trkpt>
      <trkpt lat="50.834139" lon="13.075773">
        <ele>294.041714</ele>
        <time>2026-04-30T22:51:41.127Z</time>
      </trkpt>
      <trkpt lat="50.834711" lon="13.074986">
        <ele>293.402575</ele>
        <time>2026-04-30T22:51:50.605Z</time>
      </trkpt>
      <trkpt lat="50.834978" lon="13.074691">
        <ele>293.132103</ele>
        <time>2026-04-30T22:51:53.681Z</time>
      </trkpt>
      <trkpt lat="50.835100" lon="13.074586">
        <ele>293.016747</ele>
        <time>2026-04-30T22:51:54.930Z</time>
      </trkpt>
      <trkpt lat="50.835528" lon="13.074345">
        <ele>292.639373</ele>
        <time>2026-04-30T22:51:59.021Z</time>
      </trkpt>
      <trkpt lat="50.835830" lon="13.074225">
        <ele>292.292940</ele>
        <time>2026-04-30T22:52:01.877Z</time>
      </trkpt>
      <trkpt lat="50.836147" lon="13.074110">
        <ele>291.843388</ele>
        <time>2026-04-30T22:52:05.038Z</time>
      </trkpt>
      <trkpt lat="50.836340" lon="13.073994">
        <ele>291.558026</ele>
        <time>2026-04-30T22:52:07.116Z</time>
      </trkpt>
      <trkpt lat="50.837025" lon="13.073223">
        <ele>290.396288</ele>
        <time>2026-04-30T22:52:14.902Z</time>
      </trkpt>
      <trkpt lat="50.837118" lon="13.073126">
        <ele>290.242349</ele>
        <time>2026-04-30T22:52:15.940Z</time>
      </trkpt>
      <trkpt lat="50.837425" lon="13.073053">
        <ele>289.823017</ele>
        <time>2026-04-30T22:52:18.736Z</time>
      </trkpt>
      <trkpt lat="50.837754" lon="13.073144">
        <ele>289.382552</ele>
        <time>2026-04-30T22:52:21.832Z</time>
      </trkpt>
      <trkpt lat="50.838081" lon="13.073107">
        <ele>288.950194</ele>
        <time>2026-04-30T22:52:24.849Z</time>
      </trkpt>
      <trkpt lat="50.838438" lon="13.073028">
        <ele>288.474797</ele>
        <time>2026-04-30T22:52:28.058Z</time>
      </trkpt>
      <trkpt lat="50.838691" lon="13.072877">
        <ele>288.118219</ele>
        <time>2026-04-30T22:52:30.621Z</time>
      </trkpt>
      <trkpt lat="50.838886" lon="13.072773">
        <ele>287.846853</ele>
        <time>2026-04-30T22:52:32.668Z</time>
      </trkpt>
      <trkpt lat="50.839483" lon="13.072380">
        <ele>286.883514</ele>
        <time>2026-04-30T22:52:39.679Z</time>
      </trkpt>
      <trkpt lat="50.840090" lon="13.072032">
        <ele>285.889431</ele>
        <time>2026-04-30T22:52:45.965Z</time>
      </trkpt>
      <trkpt lat="50.840529" lon="13.071894">
        <ele>285.200231</ele>
        <time>2026-04-30T22:52:49.821Z</time>
      </trkpt>
      <trkpt lat="50.840795" lon="13.071878">
        <ele>284.667950</ele>
        <time>2026-04-30T22:52:52.020Z</time>
      </trkpt>
      <trkpt lat="50.841046" lon="13.071914">
        <ele>283.776998</ele>
        <time>2026-04-30T22:52:54.063Z</time>
      </trkpt>
      <trkpt lat="50.841399" lon="13.072066">
        <ele>282.483785</ele>
        <time>2026-04-30T22:52:56.973Z</time>
      </trkpt>
      <trkpt lat="50.841503" lon="13.072168">
        <ele>282.051332</ele>
        <time>2026-04-30T22:52:57.931Z</time>
      </trkpt>
      <trkpt lat="50.841809" lon="13.072744">
        <ele>280.371001</ele>
        <time>2026-04-30T22:53:01.616Z</time>
      </trkpt>
      <trkpt lat="50.842156" lon="13.073223">
        <ele>278.743696</ele>
        <time>2026-04-30T22:53:05.207Z</time>
      </trkpt>
      <trkpt lat="50.842454" lon="13.073792">
        <ele>277.849154</ele>
        <time>2026-04-30T22:53:09.018Z</time>
      </trkpt>
      <trkpt lat="50.842601" lon="13.074080">
        <ele>277.458464</ele>
        <time>2026-04-30T22:53:11.015Z</time>
      </trkpt>
      <trkpt lat="50.842794" lon="13.074553">
        <ele>276.864334</ele>
        <time>2026-04-30T22:53:14.186Z</time>
      </trkpt>
      <trkpt lat="50.842955" lon="13.075096">
        <ele>276.231464</ele>
        <time>2026-04-30T22:53:17.812Z</time>
      </trkpt>
      <trkpt lat="50.843041" lon="13.075771">
        <ele>275.527693</ele>
        <time>2026-04-30T22:53:22.710Z</time>
      </trkpt>
      <trkpt lat="50.843082" lon="13.076481">
        <ele>275.826397</ele>
        <time>2026-04-30T22:53:28.897Z</time>
      </trkpt>
      <trkpt lat="50.843166" lon="13.076894">
        <ele>276.008182</ele>
        <time>2026-04-30T22:53:32.430Z</time>
      </trkpt>
      <trkpt lat="50.843289" lon="13.077163">
        <ele>276.147328</ele>
        <time>2026-04-30T22:53:35.170Z</time>
      </trkpt>
      <trkpt lat="50.843564" lon="13.077596">
        <ele>276.404624</ele>
        <time>2026-04-30T22:53:40.831Z</time>
      </trkpt>
      <trkpt lat="50.843722" lon="13.077770">
        <ele>276.532311</ele>
        <time>2026-04-30T22:53:43.867Z</time>
      </trkpt>
      <trkpt lat="50.843903" lon="13.077909">
        <ele>276.665778</ele>
        <time>2026-04-30T22:53:47.287Z</time>
      </trkpt>
      <trkpt lat="50.844181" lon="13.077959">
        <ele>276.619660</ele>
        <time>2026-04-30T22:53:52.097Z</time>
      </trkpt>
      <trkpt lat="50.844455" lon="13.077970">
        <ele>276.493393</ele>
        <time>2026-04-30T22:53:56.563Z</time>
      </trkpt>
      <trkpt lat="50.844604" lon="13.077920">
        <ele>276.423228</ele>
        <time>2026-04-30T22:53:58.600Z</time>
      </trkpt>
      <trkpt lat="50.844844" lon="13.077772">
        <ele>276.304579</ele>
        <time>2026-04-30T22:54:01.292Z</time>
      </trkpt>
      <trkpt lat="50.845342" lon="13.077482">
        <ele>276.060143</ele>
        <time>2026-04-30T22:54:06.307Z</time>
      </trkpt>
      <trkpt lat="50.845459" lon="13.077466">
        <ele>276.006043</ele>
        <time>2026-04-30T22:54:07.382Z</time>
      </trkpt>
      <trkpt lat="50.845537" lon="13.077520">
        <ele>275.966827</ele>
        <time>2026-04-30T22:54:08.145Z</time>
      </trkpt>
      <trkpt lat="50.845597" lon="13.077616">
        <ele>275.927536</ele>
        <time>2026-04-30T22:54:08.934Z</time>
      </trkpt>
      <trkpt lat="50.845642" lon="13.077912">
        <ele>275.669188</ele>
        <time>2026-04-30T22:54:10.640Z</time>
      </trkpt>
      <trkpt lat="50.845596" lon="13.078140">
        <ele>275.348361</ele>
        <time>2026-04-30T22:54:11.953Z</time>
      </trkpt>
      <trkpt lat="50.845580" lon="13.078205">
        <ele>275.254849</ele>
        <time>2026-04-30T22:54:12.331Z</time>
      </trkpt>
      <trkpt lat="50.845528" lon="13.078412">
        <ele>274.956239</ele>
        <time>2026-04-30T22:54:13.529Z</time>
      </trkpt>
      <trkpt lat="50.845482" lon="13.078655">
        <ele>274.616203</ele>
        <time>2026-04-30T22:54:14.852Z</time>
      </trkpt>
      <trkpt lat="50.845482" lon="13.078809">
        <ele>274.409785</ele>
        <time>2026-04-30T22:54:15.635Z</time>
      </trkpt>
      <trkpt lat="50.845490" lon="13.078907">
        <ele>274.277334</ele>
        <time>2026-04-30T22:54:16.128Z</time>
      </trkpt>
      <trkpt lat="50.845608" lon="13.079386">
        <ele>273.588158</ele>
        <time>2026-04-30T22:54:18.717Z</time>
      </trkpt>
      <trkpt lat="50.845664" lon="13.079626">
        <ele>273.245205</ele>
        <time>2026-04-30T22:54:20.094Z</time>
      </trkpt>
      <trkpt lat="50.845837" lon="13.080017">
        <ele>272.605254</ele>
        <time>2026-04-30T22:54:22.882Z</time>
      </trkpt>
      <trkpt lat="50.845924" lon="13.080172">
        <ele>272.327276</ele>
        <time>2026-04-30T22:54:24.117Z</time>
      </trkpt>
      <trkpt lat="50.845932" lon="13.080188">
        <ele>272.299920</ele>
        <time>2026-04-30T22:54:24.237Z</time>
      </trkpt>
      <trkpt lat="50.846154" lon="13.080533">
        <ele>272.030734</ele>
        <time>2026-04-30T22:54:27.408Z</time>
      </trkpt>
      <trkpt lat="50.846208" lon="13.080622">
        <ele>272.016399</ele>
        <time>2026-04-30T22:54:28.254Z</time>
      </trkpt>
      <trkpt lat="50.846301" lon="13.080558">
        <ele>271.997749</ele>
        <time>2026-04-30T22:54:29.311Z</time>
      </trkpt>
      <trkpt lat="50.846385" lon="13.080444">
        <ele>271.977403</ele>
        <time>2026-04-30T22:54:30.481Z</time>
      </trkpt>
      <trkpt lat="50.846511" lon="13.080270">
        <ele>271.946655</ele>
        <time>2026-04-30T22:54:32.240Z</time>
      </trkpt>
      <trkpt lat="50.846670" lon="13.080053">
        <ele>271.908051</ele>
        <time>2026-04-30T22:54:34.451Z</time>
      </trkpt>
      <trkpt lat="50.846748" lon="13.079947">
        <ele>271.889147</ele>
        <time>2026-04-30T22:54:35.547Z</time>
      </trkpt>
      <trkpt lat="50.846984" lon="13.079622">
        <ele>271.831626</ele>
        <time>2026-04-30T22:54:39.633Z</time>
      </trkpt>
      <trkpt lat="50.847233" lon="13.079294">
        <ele>271.772058</ele>
        <time>2026-04-30T22:54:44.025Z</time>
      </trkpt>
      <trkpt lat="50.847480" lon="13.079106">
        <ele>271.761484</ele>
        <time>2026-04-30T22:54:47.648Z</time>
      </trkpt>
      <trkpt lat="50.847738" lon="13.079005">
        <ele>271.839385</ele>
        <time>2026-04-30T22:54:51.529Z</time>
      </trkpt>
      <trkpt lat="50.847818" lon="13.078973">
        <ele>271.863571</ele>
        <time>2026-04-30T22:54:52.724Z</time>
      </trkpt>
      <trkpt lat="50.847869" lon="13.078952">
        <ele>271.879017</ele>
        <time>2026-04-30T22:54:53.435Z</time>
      </trkpt>
      <trkpt lat="50.847936" lon="13.078928">
        <ele>271.899152</ele>
        <time>2026-04-30T22:54:54.355Z</time>
      </trkpt>
      <trkpt lat="50.848102" lon="13.078871">
        <ele>271.948941</ele>
        <time>2026-04-30T22:54:56.401Z</time>
      </trkpt>
      <trkpt lat="50.848358" lon="13.078781">
        <ele>272.025807</ele>
        <time>2026-04-30T22:54:59.516Z</time>
      </trkpt>
      <trkpt lat="50.848572" lon="13.078705">
        <ele>272.090092</ele>
        <time>2026-04-30T22:55:02.256Z</time>
      </trkpt>
      <trkpt lat="50.848838" lon="13.078612">
        <ele>272.169940</ele>
        <time>2026-04-30T22:55:05.711Z</time>
      </trkpt>
      <trkpt lat="50.849194" lon="13.078487">
        <ele>272.252793</ele>
        <time>2026-04-30T22:55:10.247Z</time>
      </trkpt>
      <trkpt lat="50.849593" lon="13.078330">
        <ele>272.143318</ele>
        <time>2026-04-30T22:55:15.445Z</time>
      </trkpt>
      <trkpt lat="50.849645" lon="13.078302">
        <ele>272.128693</ele>
        <time>2026-04-30T22:55:16.045Z</time>
      </trkpt>
      <trkpt lat="50.849692" lon="13.078279">
        <ele>272.115595</ele>
        <time>2026-04-30T22:55:16.590Z</time>
      </trkpt>
      <trkpt lat="50.849758" lon="13.078237">
        <ele>272.096655</ele>
        <time>2026-04-30T22:55:17.375Z</time>
      </trkpt>
      <trkpt lat="50.849865" lon="13.078169">
        <ele>272.065955</ele>
        <time>2026-04-30T22:55:18.644Z</time>
      </trkpt>
      <trkpt lat="50.849918" lon="13.078130">
        <ele>272.050394</ele>
        <time>2026-04-30T22:55:19.266Z</time>
      </trkpt>
      <trkpt lat="50.849940" lon="13.078114">
        <ele>272.043947</ele>
        <time>2026-04-30T22:55:19.532Z</time>
      </trkpt>
      <trkpt lat="50.850007" lon="13.078049">
        <ele>272.023026</ele>
        <time>2026-04-30T22:55:20.400Z</time>
      </trkpt>
      <trkpt lat="50.850280" lon="13.077763">
        <ele>271.935870</ele>
        <time>2026-04-30T22:55:24.030Z</time>
      </trkpt>
      <trkpt lat="50.850387" lon="13.077652">
        <ele>271.901811</ele>
        <time>2026-04-30T22:55:25.450Z</time>
      </trkpt>
      <trkpt lat="50.850520" lon="13.077490">
        <ele>271.857135</ele>
        <time>2026-04-30T22:55:27.266Z</time>
      </trkpt>
      <trkpt lat="50.850561" lon="13.077447">
        <ele>271.844041</ele>
        <time>2026-04-30T22:55:27.781Z</time>
      </trkpt>
      <trkpt lat="50.850789" lon="13.077168">
        <ele>271.747999</ele>
        <time>2026-04-30T22:55:30.777Z</time>
      </trkpt>
      <trkpt lat="50.851140" lon="13.076757">
        <ele>271.506790</ele>
        <time>2026-04-30T22:55:35.199Z</time>
      </trkpt>
      <trkpt lat="50.851285" lon="13.076583">
        <ele>271.406265</ele>
        <time>2026-04-30T22:55:36.962Z</time>
      </trkpt>
      <trkpt lat="50.851390" lon="13.076458">
        <ele>271.333681</ele>
        <time>2026-04-30T22:55:38.235Z</time>
      </trkpt>
      <trkpt lat="50.851464" lon="13.076315">
        <ele>271.269174</ele>
        <time>2026-04-30T22:55:39.371Z</time>
      </trkpt>
      <trkpt lat="50.851555" lon="13.076132">
        <ele>271.187904</ele>
        <time>2026-04-30T22:55:40.844Z</time>
      </trkpt>
      <trkpt lat="50.851602" lon="13.076033">
        <ele>271.144690</ele>
        <time>2026-04-30T22:55:41.651Z</time>
      </trkpt>
      <trkpt lat="50.851747" lon="13.075741">
        <ele>271.015083</ele>
        <time>2026-04-30T22:55:44.122Z</time>
      </trkpt>
      <trkpt lat="50.851933" lon="13.075379">
        <ele>270.852252</ele>
        <time>2026-04-30T22:55:47.376Z</time>
      </trkpt>
      <trkpt lat="50.851991" lon="13.075277">
        <ele>270.804361</ele>
        <time>2026-04-30T22:55:48.371Z</time>
      </trkpt>
      <trkpt lat="50.852140" lon="13.075017">
        <ele>270.740658</ele>
        <time>2026-04-30T22:55:51.074Z</time>
      </trkpt>
      <trkpt lat="50.852422" lon="13.074564">
        <ele>270.637891</ele>
        <time>2026-04-30T22:55:56.354Z</time>
      </trkpt>
      <trkpt lat="50.852773" lon="13.074094">
        <ele>270.520290</ele>
        <time>2026-04-30T22:56:01.481Z</time>
      </trkpt>
      <trkpt lat="50.853080" lon="13.073589">
        <ele>270.407043</ele>
        <time>2026-04-30T22:56:06.240Z</time>
      </trkpt>
      <trkpt lat="50.853209" lon="13.073353">
        <ele>270.356617</ele>
        <time>2026-04-30T22:56:08.294Z</time>
      </trkpt>
      <trkpt lat="50.853357" lon="13.073080">
        <ele>270.301850</ele>
        <time>2026-04-30T22:56:10.666Z</time>
      </trkpt>
      <trkpt lat="50.853490" lon="13.072865">
        <ele>270.258231</ele>
        <time>2026-04-30T22:56:12.649Z</time>
      </trkpt>
      <trkpt lat="50.853593" lon="13.072713">
        <ele>270.225918</ele>
        <time>2026-04-30T22:56:14.162Z</time>
      </trkpt>
      <trkpt lat="50.853717" lon="13.072559">
        <ele>270.189750</ele>
        <time>2026-04-30T22:56:15.811Z</time>
      </trkpt>
      <trkpt lat="50.853848" lon="13.072402">
        <ele>270.152043</ele>
        <time>2026-04-30T22:56:17.462Z</time>
      </trkpt>
      <trkpt lat="50.853899" lon="13.072339">
        <ele>270.137198</ele>
        <time>2026-04-30T22:56:18.093Z</time>
      </trkpt>
      <trkpt lat="50.854275" lon="13.072045">
        <ele>270.040949</ele>
        <time>2026-04-30T22:56:22.538Z</time>
      </trkpt>
      <trkpt lat="50.854304" lon="13.072025">
        <ele>270.033689</ele>
        <time>2026-04-30T22:56:22.913Z</time>
      </trkpt>
      <trkpt lat="50.854498" lon="13.071909">
        <ele>269.986092</ele>
        <time>2026-04-30T22:56:25.449Z</time>
      </trkpt>
      <trkpt lat="50.854547" lon="13.071882">
        <ele>269.974183</ele>
        <time>2026-04-30T22:56:26.126Z</time>
      </trkpt>
      <trkpt lat="50.854728" lon="13.071786">
        <ele>269.930370</ele>
        <time>2026-04-30T22:56:28.686Z</time>
      </trkpt>
      <trkpt lat="50.854951" lon="13.071708">
        <ele>270.023760</ele>
        <time>2026-04-30T22:56:31.923Z</time>
      </trkpt>
      <trkpt lat="50.855504" lon="13.071553">
        <ele>270.360858</ele>
        <time>2026-04-30T22:56:40.138Z</time>
      </trkpt>
      <trkpt lat="50.855689" lon="13.071495">
        <ele>270.474059</ele>
        <time>2026-04-30T22:56:42.927Z</time>
      </trkpt>
      <trkpt lat="50.855964" lon="13.071430">
        <ele>270.640956</ele>
        <time>2026-04-30T22:56:46.996Z</time>
      </trkpt>
      <trkpt lat="50.855990" lon="13.071426">
        <ele>270.656636</ele>
        <time>2026-04-30T22:56:47.376Z</time>
      </trkpt>
      <trkpt lat="50.856137" lon="13.071359">
        <ele>270.748453</ele>
        <time>2026-04-30T22:56:49.588Z</time>
      </trkpt>
      <trkpt lat="50.856165" lon="13.071338">
        <ele>270.767049</ele>
        <time>2026-04-30T22:56:50.036Z</time>
      </trkpt>
      <trkpt lat="50.856320" lon="13.071230">
        <ele>270.868691</ele>
        <time>2026-04-30T22:56:52.378Z</time>
      </trkpt>
      <trkpt lat="50.856544" lon="13.070974">
        <ele>270.959945</ele>
        <time>2026-04-30T22:56:55.989Z</time>
      </trkpt>
      <trkpt lat="50.856660" lon="13.070715">
        <ele>270.834928</ele>
        <time>2026-04-30T22:56:58.431Z</time>
      </trkpt>
      <trkpt lat="50.856683" lon="13.070648">
        <ele>270.804904</ele>
        <time>2026-04-30T22:56:58.972Z</time>
      </trkpt>
      <trkpt lat="50.856788" lon="13.070335">
        <ele>270.665367</ele>
        <time>2026-04-30T22:57:01.406Z</time>
      </trkpt>
      <trkpt lat="50.856806" lon="13.070279">
        <ele>270.640628</ele>
        <time>2026-04-30T22:57:01.830Z</time>
      </trkpt>
      <trkpt lat="50.857293" lon="13.068895">
        <ele>270.016860</ele>
        <time>2026-04-30T22:57:11.520Z</time>
      </trkpt>
      <trkpt lat="50.857393" lon="13.068660">
        <ele>269.905291</ele>
        <time>2026-04-30T22:57:13.244Z</time>
      </trkpt>
      <trkpt lat="50.857687" lon="13.068112">
        <ele>269.590587</ele>
        <time>2026-04-30T22:57:17.798Z</time>
      </trkpt>
      <trkpt lat="50.857884" lon="13.067765">
        <ele>269.384025</ele>
        <time>2026-04-30T22:57:21.015Z</time>
      </trkpt>
      <trkpt lat="50.857947" lon="13.067656">
        <ele>269.318613</ele>
        <time>2026-04-30T22:57:22.061Z</time>
      </trkpt>
      <trkpt lat="50.858103" lon="13.067382">
        <ele>269.155299</ele>
        <time>2026-04-30T22:57:24.672Z</time>
      </trkpt>
      <trkpt lat="50.858267" lon="13.067087">
        <ele>268.981314</ele>
        <time>2026-04-30T22:57:27.396Z</time>
      </trkpt>
      <trkpt lat="50.858507" lon="13.066757">
        <ele>268.758489</ele>
        <time>2026-04-30T22:57:30.667Z</time>
      </trkpt>
      <trkpt lat="50.858862" lon="13.066470">
        <ele>268.609362</ele>
        <time>2026-04-30T22:57:34.370Z</time>
      </trkpt>
      <trkpt lat="50.859089" lon="13.066278">
        <ele>268.601746</ele>
        <time>2026-04-30T22:57:36.767Z</time>
      </trkpt>
      <trkpt lat="50.859179" lon="13.066205">
        <ele>268.598754</ele>
        <time>2026-04-30T22:57:37.752Z</time>
      </trkpt>
      <trkpt lat="50.859256" lon="13.066146">
        <ele>268.596222</ele>
        <time>2026-04-30T22:57:38.581Z</time>
      </trkpt>
      <trkpt lat="50.859293" lon="13.066122">
        <ele>268.595039</ele>
        <time>2026-04-30T22:57:38.992Z</time>
      </trkpt>
      <trkpt lat="50.859426" lon="13.066015">
        <ele>268.590624</ele>
        <time>2026-04-30T22:57:40.499Z</time>
      </trkpt>
      <trkpt lat="50.859474" lon="13.065974">
        <ele>268.589010</ele>
        <time>2026-04-30T22:57:41.053Z</time>
      </trkpt>
      <trkpt lat="50.859792" lon="13.065634">
        <ele>268.577656</ele>
        <time>2026-04-30T22:57:45.009Z</time>
      </trkpt>
      <trkpt lat="50.859921" lon="13.065608">
        <ele>268.573808</ele>
        <time>2026-04-30T22:57:46.465Z</time>
      </trkpt>
      <trkpt lat="50.860025" lon="13.065627">
        <ele>268.570709</ele>
        <time>2026-04-30T22:57:47.749Z</time>
      </trkpt>
      <trkpt lat="50.860404" lon="13.065762">
        <ele>268.939319</ele>
        <time>2026-04-30T22:57:54.183Z</time>
      </trkpt>
      <trkpt lat="50.860626" lon="13.065837">
        <ele>269.892294</ele>
        <time>2026-04-30T22:57:59.555Z</time>
      </trkpt>
      <trkpt lat="50.860668" lon="13.065851">
        <ele>270.072483</ele>
        <time>2026-04-30T22:58:00.617Z</time>
      </trkpt>
      <trkpt lat="50.860710" lon="13.065865">
        <ele>270.252671</ele>
        <time>2026-04-30T22:58:01.753Z</time>
      </trkpt>
      <trkpt lat="50.860760" lon="13.065882">
        <ele>270.467365</ele>
        <time>2026-04-30T22:58:03.161Z</time>
      </trkpt>
      <trkpt lat="50.861097" lon="13.066015">
        <ele>271.925426</ele>
        <time>2026-04-30T22:58:13.417Z</time>
      </trkpt>
      <trkpt lat="50.861135" lon="13.066033">
        <ele>272.091939</ele>
        <time>2026-04-30T22:58:14.616Z</time>
      </trkpt>
      <trkpt lat="50.861384" lon="13.066150">
        <ele>273.182320</ele>
        <time>2026-04-30T22:58:22.338Z</time>
      </trkpt>
      <trkpt lat="50.861668" lon="13.066308">
        <ele>274.446010</ele>
        <time>2026-04-30T22:58:30.893Z</time>
      </trkpt>
      <trkpt lat="50.861750" lon="13.066353">
        <ele>274.810338</ele>
        <time>2026-04-30T22:58:33.299Z</time>
      </trkpt>
      <trkpt lat="50.861983" lon="13.066487">
        <ele>275.850993</ele>
        <time>2026-04-30T22:58:40.144Z</time>
      </trkpt>
      <trkpt lat="50.862163" lon="13.066621">
        <ele>276.136437</ele>
        <time>2026-04-30T22:58:45.469Z</time>
      </trkpt>
      <trkpt lat="50.862324" lon="13.066266">
        <ele>276.183647</ele>
        <time>2026-04-30T22:58:51.841Z</time>
      </trkpt>
      <trkpt lat="50.862423" lon="13.065951">
        <ele>276.221651</ele>
        <time>2026-04-30T22:58:55.740Z</time>
      </trkpt>
      <trkpt lat="50.862494" lon="13.065601">
        <ele>276.261354</ele>
        <time>2026-04-30T22:58:58.593Z</time>
      </trkpt>
      <trkpt lat="50.862549" lon="13.065321">
        <ele>276.293024</ele>
        <time>2026-04-30T22:59:00.446Z</time>
      </trkpt>
      <trkpt lat="50.862566" lon="13.065230">
        <ele>276.303273</ele>
        <time>2026-04-30T22:59:01.007Z</time>
      </trkpt>
      <trkpt lat="50.862673" lon="13.064074">
        <ele>276.311982</ele>
        <time>2026-04-30T22:59:07.212Z</time>
      </trkpt>
      <trkpt lat="50.862730" lon="13.063464">
        <ele>275.469896</ele>
        <time>2026-04-30T22:59:10.370Z</time>
      </trkpt>
      <trkpt lat="50.862737" lon="13.063407">
        <ele>275.390599</ele>
        <time>2026-04-30T22:59:10.668Z</time>
      </trkpt>
      <trkpt lat="50.862836" lon="13.062736">
        <ele>274.449592</ele>
        <time>2026-04-30T22:59:14.266Z</time>
      </trkpt>
      <trkpt lat="50.862959" lon="13.062137">
        <ele>273.589411</ele>
        <time>2026-04-30T22:59:17.770Z</time>
      </trkpt>
      <trkpt lat="50.863077" lon="13.061736">
        <ele>272.985227</ele>
        <time>2026-04-30T22:59:20.372Z</time>
      </trkpt>
      <trkpt lat="50.863316" lon="13.061046">
        <ele>272.404966</ele>
        <time>2026-04-30T22:59:25.048Z</time>
      </trkpt>
      <trkpt lat="50.863569" lon="13.060391">
        <ele>272.194143</ele>
        <time>2026-04-30T22:59:30.397Z</time>
      </trkpt>
      <trkpt lat="50.863624" lon="13.060254">
        <ele>272.149568</ele>
        <time>2026-04-30T22:59:31.637Z</time>
      </trkpt>
      <trkpt lat="50.863712" lon="13.060032">
        <ele>272.077598</ele>
        <time>2026-04-30T22:59:33.683Z</time>
      </trkpt>
      <trkpt lat="50.863780" lon="13.059862">
        <ele>272.022343</ele>
        <time>2026-04-30T22:59:35.325Z</time>
      </trkpt>
      <trkpt lat="50.864420" lon="13.058066">
        <ele>271.468849</ele>
        <time>2026-04-30T22:59:49.738Z</time>
      </trkpt>
      <trkpt lat="50.864665" lon="13.057381">
        <ele>271.262155</ele>
        <time>2026-04-30T22:59:55.293Z</time>
      </trkpt>
      <trkpt lat="50.864762" lon="13.057115">
        <ele>271.181507</ele>
        <time>2026-04-30T22:59:57.464Z</time>
      </trkpt>
      <trkpt lat="50.865435" lon="13.055281">
        <ele>269.620133</ele>
        <time>2026-04-30T23:00:10.904Z</time>
      </trkpt>
      <trkpt lat="50.865953" lon="13.053806">
        <ele>268.004561</ele>
        <time>2026-04-30T23:00:20.076Z</time>
      </trkpt>
      <trkpt lat="50.865960" lon="13.053788">
        <ele>267.985441</ele>
        <time>2026-04-30T23:00:20.180Z</time>
      </trkpt>
      <trkpt lat="50.866033" lon="13.053586">
        <ele>267.774930</ele>
        <time>2026-04-30T23:00:21.390Z</time>
      </trkpt>
      <trkpt lat="50.866284" lon="13.052847">
        <ele>267.015971</ele>
        <time>2026-04-30T23:00:26.017Z</time>
      </trkpt>
      <trkpt lat="50.866367" lon="13.052493">
        <ele>266.674449</ele>
        <time>2026-04-30T23:00:28.212Z</time>
      </trkpt>
      <trkpt lat="50.866399" lon="13.052093">
        <ele>266.309810</ele>
        <time>2026-04-30T23:00:30.712Z</time>
      </trkpt>
      <trkpt lat="50.866578" lon="13.051989">
        <ele>266.036616</ele>
        <time>2026-04-30T23:00:32.778Z</time>
      </trkpt>
      <trkpt lat="50.866822" lon="13.051737">
        <ele>265.664693</ele>
        <time>2026-04-30T23:00:35.993Z</time>
      </trkpt>
      <trkpt lat="50.866737" lon="13.051602">
        <ele>265.659394</ele>
        <time>2026-04-30T23:00:37.321Z</time>
      </trkpt>
      <trkpt lat="50.867032" lon="13.051256">
        <ele>265.643235</ele>
        <time>2026-04-30T23:00:41.618Z</time>
      </trkpt>
      <trkpt lat="50.867285" lon="13.050791">
        <ele>265.626176</ele>
        <time>2026-04-30T23:00:46.204Z</time>
      </trkpt>
      <trkpt lat="50.867534" lon="13.050191">
        <ele>265.606222</ele>
        <time>2026-04-30T23:00:51.794Z</time>
      </trkpt>
      <trkpt lat="50.868426" lon="13.048956">
        <ele>265.673859</ele>
        <time>2026-04-30T23:01:05.814Z</time>
      </trkpt>
      <trkpt lat="50.868740" lon="13.048447">
        <ele>265.726148</ele>
        <time>2026-04-30T23:01:11.126Z</time>
      </trkpt>
      <trkpt lat="50.868786" lon="13.048284">
        <ele>265.739265</ele>
        <time>2026-04-30T23:01:12.661Z</time>
      </trkpt>
      <trkpt lat="50.869087" lon="13.047778">
        <ele>265.790347</ele>
        <time>2026-04-30T23:01:18.432Z</time>
      </trkpt>
      <trkpt lat="50.869455" lon="13.047403">
        <ele>265.820879</ele>
        <time>2026-04-30T23:01:24.024Z</time>
      </trkpt>
      <trkpt lat="50.869628" lon="13.047269">
        <ele>265.833126</ele>
        <time>2026-04-30T23:01:26.609Z</time>
      </trkpt>
      <trkpt lat="50.870613" lon="13.046154">
        <ele>265.910111</ele>
        <time>2026-04-30T23:01:41.367Z</time>
      </trkpt>
      <trkpt lat="50.871262" lon="13.044800">
        <ele>265.724796</ele>
        <time>2026-04-30T23:01:52.193Z</time>
      </trkpt>
      <trkpt lat="50.871960" lon="13.043515">
        <ele>265.869325</ele>
        <time>2026-04-30T23:02:05.895Z</time>
      </trkpt>
      <trkpt lat="50.873318" lon="13.042034">
        <ele>266.930632</ele>
        <time>2026-04-30T23:02:31.664Z</time>
      </trkpt>
      <trkpt lat="50.873853" lon="13.040328">
        <ele>266.076999</ele>
        <time>2026-04-30T23:02:43.543Z</time>
      </trkpt>
      <trkpt lat="50.873930" lon="13.040053">
        <ele>265.942190</ele>
        <time>2026-04-30T23:02:45.083Z</time>
      </trkpt>
      <trkpt lat="50.873956" lon="13.039851">
        <ele>265.849813</ele>
        <time>2026-04-30T23:02:46.200Z</time>
      </trkpt>
      <trkpt lat="50.873962" lon="13.039469">
        <ele>265.760984</ele>
        <time>2026-04-30T23:02:48.566Z</time>
      </trkpt>
      <trkpt lat="50.873962" lon="13.039234">
        <ele>265.737431</ele>
        <time>2026-04-30T23:02:50.152Z</time>
      </trkpt>
      <trkpt lat="50.874012" lon="13.038760">
        <ele>265.689265</ele>
        <time>2026-04-30T23:02:53.892Z</time>
      </trkpt>
      <trkpt lat="50.874085" lon="13.038393">
        <ele>265.650698</ele>
        <time>2026-04-30T23:02:57.288Z</time>
      </trkpt>
      <trkpt lat="50.874120" lon="13.038303">
        <ele>265.640102</ele>
        <time>2026-04-30T23:02:58.031Z</time>
      </trkpt>
      <trkpt lat="50.874288" lon="13.038128">
        <ele>265.608170</ele>
        <time>2026-04-30T23:03:00.198Z</time>
      </trkpt>
      <trkpt lat="50.874373" lon="13.037976">
        <ele>265.587814</ele>
        <time>2026-04-30T23:03:01.579Z</time>
      </trkpt>
      <trkpt lat="50.874474" lon="13.037412">
        <ele>265.529055</ele>
        <time>2026-04-30T23:03:06.044Z</time>
      </trkpt>
      <trkpt lat="50.874646" lon="13.037094">
        <ele>265.455618</ele>
        <time>2026-04-30T23:03:10.162Z</time>
      </trkpt>
      <trkpt lat="50.874683" lon="13.037071">
        <ele>265.432710</ele>
        <time>2026-04-30T23:03:10.697Z</time>
      </trkpt>
      <trkpt lat="50.874762" lon="13.036830">
        <ele>265.333937</ele>
        <time>2026-04-30T23:03:13.488Z</time>
      </trkpt>
      <trkpt lat="50.874853" lon="13.036025">
        <ele>265.036497</ele>
        <time>2026-04-30T23:03:18.792Z</time>
      </trkpt>
      <trkpt lat="50.874863" lon="13.035344">
        <ele>264.788749</ele>
        <time>2026-04-30T23:03:22.680Z</time>
      </trkpt>
      <trkpt lat="50.874907" lon="13.035099">
        <ele>264.696104</ele>
        <time>2026-04-30T23:03:24.131Z</time>
      </trkpt>
      <trkpt lat="50.874846" lon="13.034724">
        <ele>264.555258</ele>
        <time>2026-04-30T23:03:26.469Z</time>
      </trkpt>
      <trkpt lat="50.875033" lon="13.032788">
        <ele>265.044649</ele>
        <time>2026-04-30T23:03:40.866Z</time>
      </trkpt>
      <trkpt lat="50.875171" lon="13.031928">
        <ele>265.348039</ele>
        <time>2026-04-30T23:03:50.357Z</time>
      </trkpt>
      <trkpt lat="50.875238" lon="13.031692">
        <ele>265.436517</ele>
        <time>2026-04-30T23:03:53.252Z</time>
      </trkpt>
      <trkpt lat="50.875391" lon="13.030658">
        <ele>266.431030</ele>
        <time>2026-04-30T23:04:05.181Z</time>
      </trkpt>
      <trkpt lat="50.875439" lon="13.029666">
        <ele>267.363302</ele>
        <time>2026-04-30T23:04:15.839Z</time>
      </trkpt>
      <trkpt lat="50.875423" lon="13.028533">
        <ele>268.283645</ele>
        <time>2026-04-30T23:04:26.887Z</time>
      </trkpt>
      <trkpt lat="50.875450" lon="13.027444">
        <ele>268.849266</ele>
        <time>2026-04-30T23:04:37.065Z</time>
      </trkpt>
      <trkpt lat="50.875496" lon="13.026965">
        <ele>269.100727</ele>
        <time>2026-04-30T23:04:41.487Z</time>
      </trkpt>
      <trkpt lat="50.875516" lon="13.026680">
        <ele>269.249552</ele>
        <time>2026-04-30T23:04:44.118Z</time>
      </trkpt>
      <trkpt lat="50.875505" lon="13.025883">
        <ele>269.546751</ele>
        <time>2026-04-30T23:04:51.159Z</time>
      </trkpt>
      <trkpt lat="50.875470" lon="13.024688">
        <ele>269.216438</ele>
        <time>2026-04-30T23:05:00.175Z</time>
      </trkpt>
      <trkpt lat="50.875412" lon="13.023920">
        <ele>269.002868</ele>
        <time>2026-04-30T23:05:05.586Z</time>
      </trkpt>
      <trkpt lat="50.875419" lon="13.022544">
        <ele>268.029990</ele>
        <time>2026-04-30T23:05:13.471Z</time>
      </trkpt>
      <trkpt lat="50.875394" lon="13.022060">
        <ele>267.447368</ele>
        <time>2026-04-30T23:05:16.143Z</time>
      </trkpt>
      <trkpt lat="50.875321" lon="13.021665">
        <ele>266.953559</ele>
        <time>2026-04-30T23:05:18.377Z</time>
      </trkpt>
      <trkpt lat="50.875374" lon="13.021471">
        <ele>266.699929</ele>
        <time>2026-04-30T23:05:19.528Z</time>
      </trkpt>
      <trkpt lat="50.875511" lon="13.019661">
        <ele>265.072222</ele>
        <time>2026-04-30T23:05:29.583Z</time>
      </trkpt>
      <trkpt lat="50.875395" lon="13.018898">
        <ele>264.737770</ele>
        <time>2026-04-30T23:05:34.698Z</time>
      </trkpt>
      <trkpt lat="50.875376" lon="13.018572">
        <ele>264.598256</ele>
        <time>2026-04-30T23:05:36.831Z</time>
      </trkpt>
      <trkpt lat="50.875574" lon="13.017745">
        <ele>264.221320</ele>
        <time>2026-04-30T23:05:43.063Z</time>
      </trkpt>
      <trkpt lat="50.875722" lon="13.017300">
        <ele>264.741254</ele>
        <time>2026-04-30T23:05:47.385Z</time>
      </trkpt>
      <trkpt lat="50.875764" lon="13.017155">
        <ele>264.987803</ele>
        <time>2026-04-30T23:05:49.020Z</time>
      </trkpt>
      <trkpt lat="50.876012" lon="13.015967">
        <ele>266.921471</ele>
        <time>2026-04-30T23:06:04.546Z</time>
      </trkpt>
      <trkpt lat="50.876142" lon="13.015683">
        <ele>267.463648</ele>
        <time>2026-04-30T23:06:09.710Z</time>
      </trkpt>
      <trkpt lat="50.876797" lon="13.014820">
        <ele>269.058075</ele>
        <time>2026-04-30T23:06:30.748Z</time>
      </trkpt>
      <trkpt lat="50.876961" lon="13.014604">
        <ele>269.318121</ele>
        <time>2026-04-30T23:06:35.531Z</time>
      </trkpt>
      <trkpt lat="50.877093" lon="13.014466">
        <ele>269.510962</ele>
        <time>2026-04-30T23:06:38.612Z</time>
      </trkpt>
      <trkpt lat="50.877471" lon="13.014092">
        <ele>270.054386</ele>
        <time>2026-04-30T23:06:45.825Z</time>
      </trkpt>
      <trkpt lat="50.877606" lon="13.013931">
        <ele>270.260422</ele>
        <time>2026-04-30T23:06:47.794Z</time>
      </trkpt>
      <trkpt lat="50.877654" lon="13.013861">
        <ele>270.339968</ele>
        <time>2026-04-30T23:06:48.467Z</time>
      </trkpt>
      <trkpt lat="50.878188" lon="13.013045">
        <ele>269.818348</ele>
        <time>2026-04-30T23:06:54.841Z</time>
      </trkpt>
      <trkpt lat="50.878499" lon="13.012583">
        <ele>268.795780</ele>
        <time>2026-04-30T23:06:58.356Z</time>
      </trkpt>
      <trkpt lat="50.878787" lon="13.012251">
        <ele>267.941459</ele>
        <time>2026-04-30T23:07:01.331Z</time>
      </trkpt>
      <trkpt lat="50.878923" lon="13.012009">
        <ele>267.450932</ele>
        <time>2026-04-30T23:07:03.054Z</time>
      </trkpt>
      <trkpt lat="50.879133" lon="13.011728">
        <ele>266.791618</ele>
        <time>2026-04-30T23:07:05.334Z</time>
      </trkpt>
      <trkpt lat="50.879306" lon="13.011411">
        <ele>266.200092</ele>
        <time>2026-04-30T23:07:07.587Z</time>
      </trkpt>
      <trkpt lat="50.879374" lon="13.011146">
        <ele>265.830687</ele>
        <time>2026-04-30T23:07:09.148Z</time>
      </trkpt>
      <trkpt lat="50.879485" lon="13.010857">
        <ele>265.393804</ele>
        <time>2026-04-30T23:07:11.061Z</time>
      </trkpt>
      <trkpt lat="50.879759" lon="13.010535">
        <ele>264.695717</ele>
        <time>2026-04-30T23:07:14.123Z</time>
      </trkpt>
      <trkpt lat="50.879895" lon="13.010472">
        <ele>264.405742</ele>
        <time>2026-04-30T23:07:15.372Z</time>
      </trkpt>
      <trkpt lat="50.880025" lon="13.010459">
        <ele>264.139163</ele>
        <time>2026-04-30T23:07:16.521Z</time>
      </trkpt>
      <trkpt lat="50.880317" lon="13.010525">
        <ele>263.535525</ele>
        <time>2026-04-30T23:07:19.085Z</time>
      </trkpt>
      <trkpt lat="50.880618" lon="13.010880">
        <ele>262.767808</ele>
        <time>2026-04-30T23:07:22.299Z</time>
      </trkpt>
      <trkpt lat="50.881073" lon="13.011525">
        <ele>261.921661</ele>
        <time>2026-04-30T23:07:27.819Z</time>
      </trkpt>
      <trkpt lat="50.881287" lon="13.011882">
        <ele>261.491000</ele>
        <time>2026-04-30T23:07:31.102Z</time>
      </trkpt>
      <trkpt lat="50.881514" lon="13.012352">
        <ele>260.973355</ele>
        <time>2026-04-30T23:07:34.815Z</time>
      </trkpt>
      <trkpt lat="50.881834" lon="13.013212">
        <ele>260.200805</ele>
        <time>2026-04-30T23:07:40.551Z</time>
      </trkpt>
      <trkpt lat="50.881843" lon="13.013231">
        <ele>260.191990</ele>
        <time>2026-04-30T23:07:40.686Z</time>
      </trkpt>
      <trkpt lat="50.881928" lon="13.013339">
        <ele>260.127930</ele>
        <time>2026-04-30T23:07:41.663Z</time>
      </trkpt>
      <trkpt lat="50.882008" lon="13.013371">
        <ele>260.079413</ele>
        <time>2026-04-30T23:07:42.418Z</time>
      </trkpt>
      <trkpt lat="50.882581" lon="13.013395">
        <ele>259.742356</ele>
        <time>2026-04-30T23:07:47.830Z</time>
      </trkpt>
      <trkpt lat="50.882713" lon="13.013512">
        <ele>259.653424</ele>
        <time>2026-04-30T23:07:49.223Z</time>
      </trkpt>
      <trkpt lat="50.882792" lon="13.013665">
        <ele>259.580077</ele>
        <time>2026-04-30T23:07:50.358Z</time>
      </trkpt>
      <trkpt lat="50.882930" lon="13.013979">
        <ele>259.438108</ele>
        <time>2026-04-30T23:07:52.592Z</time>
      </trkpt>
      <trkpt lat="50.883079" lon="13.014181">
        <ele>259.322815</ele>
        <time>2026-04-30T23:07:54.634Z</time>
      </trkpt>
      <trkpt lat="50.883556" lon="13.014602">
        <ele>261.857808</ele>
        <time>2026-04-30T23:08:04.621Z</time>
      </trkpt>
      <trkpt lat="50.883717" lon="13.014602">
        <ele>263.017779</ele>
        <time>2026-04-30T23:08:09.084Z</time>
      </trkpt>
      <trkpt lat="50.884005" lon="13.014438">
        <ele>265.222601</ele>
        <time>2026-04-30T23:08:19.326Z</time>
      </trkpt>
      <trkpt lat="50.884087" lon="13.014326">
        <ele>266.002478</ele>
        <time>2026-04-30T23:08:23.469Z</time>
      </trkpt>
      <trkpt lat="50.884122" lon="13.014278">
        <ele>266.335931</ele>
        <time>2026-04-30T23:08:25.231Z</time>
      </trkpt>
      <trkpt lat="50.884785" lon="13.013062">
        <ele>273.466509</ele>
        <time>2026-04-30T23:09:12.499Z</time>
      </trkpt>
      <trkpt lat="50.884864" lon="13.012805">
        <ele>274.610978</ele>
        <time>2026-04-30T23:09:21.927Z</time>
      </trkpt>
      <trkpt lat="50.884870" lon="13.012584">
        <ele>275.496519</ele>
        <time>2026-04-30T23:09:28.915Z</time>
      </trkpt>
      <trkpt lat="50.884832" lon="13.012343">
        <ele>276.490982</ele>
        <time>2026-04-30T23:09:35.914Z</time>
      </trkpt>
      <trkpt lat="50.884713" lon="13.011973">
        <ele>278.153567</ele>
        <time>2026-04-30T23:09:45.748Z</time>
      </trkpt>
      <trkpt lat="50.884668" lon="13.011788">
        <ele>278.947315</ele>
        <time>2026-04-30T23:09:49.650Z</time>
      </trkpt>
      <trkpt lat="50.884649" lon="13.011482">
        <ele>280.178238</ele>
        <time>2026-04-30T23:09:54.955Z</time>
      </trkpt>
      <trkpt lat="50.884709" lon="13.011252">
        <ele>281.174605</ele>
        <time>2026-04-30T23:09:58.384Z</time>
      </trkpt>
      <trkpt lat="50.884825" lon="13.011069">
        <ele>282.213120</ele>
        <time>2026-04-30T23:10:01.253Z</time>
      </trkpt>
      <trkpt lat="50.885015" lon="13.010944">
        <ele>283.518492</ele>
        <time>2026-04-30T23:10:03.797Z</time>
      </trkpt>
      <trkpt lat="50.885311" lon="13.010640">
        <ele>283.629373</ele>
        <time>2026-04-30T23:10:07.220Z</time>
      </trkpt>
      <trkpt lat="50.885763" lon="13.009939">
        <ele>283.703302</ele>
        <time>2026-04-30T23:10:12.509Z</time>
      </trkpt>
      <trkpt lat="50.886013" lon="13.009494">
        <ele>283.747251</ele>
        <time>2026-04-30T23:10:15.871Z</time>
      </trkpt>
      <trkpt lat="50.886080" lon="13.009275">
        <ele>283.765202</ele>
        <time>2026-04-30T23:10:17.835Z</time>
      </trkpt>
      <trkpt lat="50.886237" lon="13.008112">
        <ele>285.415855</ele>
        <time>2026-04-30T23:10:37.622Z</time>
      </trkpt>
      <trkpt lat="50.885955" lon="13.007877">
        <ele>286.547471</ele>
        <time>2026-04-30T23:10:50.011Z</time>
      </trkpt>
      <trkpt lat="50.885848" lon="13.007822">
        <ele>286.947006</ele>
        <time>2026-04-30T23:10:54.013Z</time>
      </trkpt>
      <trkpt lat="50.885119" lon="13.007820">
        <ele>289.536339</ele>
        <time>2026-04-30T23:11:11.989Z</time>
      </trkpt>
      <trkpt lat="50.884994" lon="13.007844">
        <ele>289.983571</ele>
        <time>2026-04-30T23:11:13.795Z</time>
      </trkpt>
      <trkpt lat="50.884989" lon="13.007845">
        <ele>290.001471</ele>
        <time>2026-04-30T23:11:13.877Z</time>
      </trkpt>
      <trkpt lat="50.884994" lon="13.007844">
        <ele>290.019371</ele>
        <time>2026-04-30T23:11:13.924Z</time>
      </trkpt>
      <trkpt lat="50.885119" lon="13.007820">
        <ele>289.895558</ele>
        <time>2026-04-30T23:11:15.196Z</time>
      </trkpt>
      <trkpt lat="50.885848" lon="13.007822">
        <ele>287.171674</ele>
        <time>2026-04-30T23:11:20.894Z</time>
      </trkpt>
      <trkpt lat="50.885955" lon="13.007877">
        <ele>286.751377</ele>
        <time>2026-04-30T23:11:21.698Z</time>
      </trkpt>
      <trkpt lat="50.886237" lon="13.008112">
        <ele>285.560959</ele>
        <time>2026-04-30T23:11:23.934Z</time>
      </trkpt>
      <trkpt lat="50.886080" lon="13.009275">
        <ele>283.577048</ele>
        <time>2026-04-30T23:11:29.682Z</time>
      </trkpt>
      <trkpt lat="50.886013" lon="13.009494">
        <ele>283.665333</ele>
        <time>2026-04-30T23:11:31.386Z</time>
      </trkpt>
      <trkpt lat="50.885763" lon="13.009939">
        <ele>283.881471</ele>
        <time>2026-04-30T23:11:38.017Z</time>
      </trkpt>
      <trkpt lat="50.885311" lon="13.010640">
        <ele>284.245057</ele>
        <time>2026-04-30T23:11:50.915Z</time>
      </trkpt>
      <trkpt lat="50.885015" lon="13.010944">
        <ele>284.447848</ele>
        <time>2026-04-30T23:11:57.113Z</time>
      </trkpt>
      <trkpt lat="50.884825" lon="13.011069">
        <ele>284.239718</ele>
        <time>2026-04-30T23:12:00.958Z</time>
      </trkpt>
      <trkpt lat="50.884709" lon="13.011252">
        <ele>283.855531</ele>
        <time>2026-04-30T23:12:03.511Z</time>
      </trkpt>
      <trkpt lat="50.884649" lon="13.011482">
        <ele>283.486937</ele>
        <time>2026-04-30T23:12:05.472Z</time>
      </trkpt>
      <trkpt lat="50.884668" lon="13.011788">
        <ele>283.031571</ele>
        <time>2026-04-30T23:12:07.438Z</time>
      </trkpt>
      <trkpt lat="50.884713" lon="13.011973">
        <ele>282.737932</ele>
        <time>2026-04-30T23:12:08.583Z</time>
      </trkpt>
      <trkpt lat="50.884804" lon="13.011734">
        <ele>282.324515</ele>
        <time>2026-04-30T23:12:10.077Z</time>
      </trkpt>
      <trkpt lat="50.884870" lon="13.011519">
        <ele>281.970415</ele>
        <time>2026-04-30T23:12:11.283Z</time>
      </trkpt>
      <trkpt lat="50.884954" lon="13.011342">
        <ele>281.642399</ele>
        <time>2026-04-30T23:12:12.358Z</time>
      </trkpt>
      <trkpt lat="50.885248" lon="13.011197">
        <ele>280.919612</ele>
        <time>2026-04-30T23:12:14.654Z</time>
      </trkpt>
      <trkpt lat="50.885335" lon="13.011123">
        <ele>280.687837</ele>
        <time>2026-04-30T23:12:15.392Z</time>
      </trkpt>
      <trkpt lat="50.885914" lon="13.010246">
        <ele>278.052851</ele>
        <time>2026-04-30T23:12:21.379Z</time>
      </trkpt>
      <trkpt lat="50.886070" lon="13.010175">
        <ele>277.476396</ele>
        <time>2026-04-30T23:12:22.615Z</time>
      </trkpt>
      <trkpt lat="50.886464" lon="13.009876">
        <ele>275.924915</ele>
        <time>2026-04-30T23:12:26.135Z</time>
      </trkpt>
      <trkpt lat="50.886657" lon="13.009881">
        <ele>275.239342</ele>
        <time>2026-04-30T23:12:27.812Z</time>
      </trkpt>
      <trkpt lat="50.887012" lon="13.009961">
        <ele>273.965804</ele>
        <time>2026-04-30T23:12:30.954Z</time>
      </trkpt>
      <trkpt lat="50.887172" lon="13.010050">
        <ele>274.229985</ele>
        <time>2026-04-30T23:12:32.483Z</time>
      </trkpt>
      <trkpt lat="50.887330" lon="13.010084">
        <ele>274.593244</ele>
        <time>2026-04-30T23:12:34.025Z</time>
      </trkpt>
      <trkpt lat="50.887453" lon="13.010071">
        <ele>274.874086</ele>
        <time>2026-04-30T23:12:35.351Z</time>
      </trkpt>
      <trkpt lat="50.887724" lon="13.009890">
        <ele>275.544046</ele>
        <time>2026-04-30T23:12:39.351Z</time>
      </trkpt>
      <trkpt lat="50.887839" lon="13.009684">
        <ele>275.939385</ele>
        <time>2026-04-30T23:12:42.425Z</time>
      </trkpt>
      <trkpt lat="50.887862" lon="13.009514">
        <ele>276.189262</ele>
        <time>2026-04-30T23:12:44.532Z</time>
      </trkpt>
      <trkpt lat="50.887923" lon="13.009455">
        <ele>276.352060</ele>
        <time>2026-04-30T23:12:46.006Z</time>
      </trkpt>
      <trkpt lat="50.888315" lon="13.008659">
        <ele>277.803361</ele>
        <time>2026-04-30T23:13:02.330Z</time>
      </trkpt>
      <trkpt lat="50.888447" lon="13.008454">
        <ele>278.726988</ele>
        <time>2026-04-30T23:13:08.162Z</time>
      </trkpt>
      <trkpt lat="50.888643" lon="13.008382">
        <ele>280.164626</ele>
        <time>2026-04-30T23:13:15.232Z</time>
      </trkpt>
      <trkpt lat="50.888829" lon="13.008471">
        <ele>281.552924</ele>
        <time>2026-04-30T23:13:23.095Z</time>
      </trkpt>
      <trkpt lat="50.889020" lon="13.008677">
        <ele>283.203652</ele>
        <time>2026-04-30T23:13:32.636Z</time>
      </trkpt>
      <trkpt lat="50.889229" lon="13.008984">
        <ele>285.239644</ele>
        <time>2026-04-30T23:13:44.394Z</time>
      </trkpt>
      <trkpt lat="50.889235" lon="13.008992">
        <ele>285.295666</ele>
        <time>2026-04-30T23:13:44.713Z</time>
      </trkpt>
      <trkpt lat="50.889401" lon="13.009236">
        <ele>286.913265</ele>
        <time>2026-04-30T23:13:53.796Z</time>
      </trkpt>
      <trkpt lat="50.889617" lon="13.009674">
        <ele>289.419268</ele>
        <time>2026-04-30T23:14:06.610Z</time>
      </trkpt>
      <trkpt lat="50.889707" lon="13.009854">
        <ele>290.454579</ele>
        <time>2026-04-30T23:14:11.286Z</time>
      </trkpt>
      <trkpt lat="50.890242" lon="13.010557">
        <ele>291.273375</ele>
        <time>2026-04-30T23:14:27.299Z</time>
      </trkpt>
      <trkpt lat="50.890532" lon="13.010860">
        <ele>291.507543</ele>
        <time>2026-04-30T23:14:32.035Z</time>
      </trkpt>
      <trkpt lat="50.891717" lon="13.011541">
        <ele>289.383762</ele>
        <time>2026-04-30T23:14:42.882Z</time>
      </trkpt>
      <trkpt lat="50.891987" lon="13.011690">
        <ele>287.686951</ele>
        <time>2026-04-30T23:14:45.016Z</time>
      </trkpt>
      <trkpt lat="50.892323" lon="13.011748">
        <ele>285.680947</ele>
        <time>2026-04-30T23:14:47.476Z</time>
      </trkpt>
      <trkpt lat="50.893686" lon="13.011597">
        <ele>276.601652</ele>
        <time>2026-04-30T23:14:57.063Z</time>
      </trkpt>
      <trkpt lat="50.893856" lon="13.011559">
        <ele>275.323101</ele>
        <time>2026-04-30T23:14:58.262Z</time>
      </trkpt>
      <trkpt lat="50.893938" lon="13.011504">
        <ele>274.660025</ele>
        <time>2026-04-30T23:14:58.887Z</time>
      </trkpt>
      <trkpt lat="50.894020" lon="13.011368">
        <ele>273.776257</ele>
        <time>2026-04-30T23:14:59.729Z</time>
      </trkpt>
      <trkpt lat="50.894146" lon="13.010999">
        <ele>271.805229</ele>
        <time>2026-04-30T23:15:01.614Z</time>
      </trkpt>
      <trkpt lat="50.894227" lon="13.010844">
        <ele>270.859712</ele>
        <time>2026-04-30T23:15:02.516Z</time>
      </trkpt>
      <trkpt lat="50.894333" lon="13.010738">
        <ele>269.926392</ele>
        <time>2026-04-30T23:15:03.423Z</time>
      </trkpt>
      <trkpt lat="50.894431" lon="13.010695">
        <ele>269.169128</ele>
        <time>2026-04-30T23:15:04.160Z</time>
      </trkpt>
      <trkpt lat="50.894584" lon="13.010762">
        <ele>267.987036</ele>
        <time>2026-04-30T23:15:05.327Z</time>
      </trkpt>
      <trkpt lat="50.894848" lon="13.011215">
        <ele>267.300366</ele>
        <time>2026-04-30T23:15:08.291Z</time>
      </trkpt>
      <trkpt lat="50.894915" lon="13.011242">
        <ele>267.178772</ele>
        <time>2026-04-30T23:15:08.841Z</time>
      </trkpt>
      <trkpt lat="50.894980" lon="13.011207">
        <ele>267.058030</ele>
        <time>2026-04-30T23:15:09.390Z</time>
      </trkpt>
      <trkpt lat="50.895142" lon="13.011038">
        <ele>266.716938</ele>
        <time>2026-04-30T23:15:11.003Z</time>
      </trkpt>
      <trkpt lat="50.895181" lon="13.010996">
        <ele>266.634012</ele>
        <time>2026-04-30T23:15:11.414Z</time>
      </trkpt>
      <trkpt lat="50.895364" lon="13.010793">
        <ele>266.241171</ele>
        <time>2026-04-30T23:15:13.470Z</time>
      </trkpt>
      <trkpt lat="50.895515" lon="13.010732">
        <ele>265.967091</ele>
        <time>2026-04-30T23:15:15.083Z</time>
      </trkpt>
      <trkpt lat="50.895686" lon="13.010587">
        <ele>265.626005</ele>
        <time>2026-04-30T23:15:17.394Z</time>
      </trkpt>
      <trkpt lat="50.895908" lon="13.010270">
        <ele>265.100507</ele>
        <time>2026-04-30T23:15:21.516Z</time>
      </trkpt>
      <trkpt lat="50.896598" lon="13.008704">
        <ele>265.513201</ele>
        <time>2026-04-30T23:15:43.976Z</time>
      </trkpt>
      <trkpt lat="50.897024" lon="13.007513">
        <ele>265.510031</ele>
        <time>2026-04-30T23:15:54.364Z</time>
      </trkpt>
      <trkpt lat="50.897219" lon="13.006866">
        <ele>263.452941</ele>
        <time>2026-04-30T23:15:57.859Z</time>
      </trkpt>
      <trkpt lat="50.897424" lon="13.006606">
        <ele>262.258908</ele>
        <time>2026-04-30T23:15:59.811Z</time>
      </trkpt>
      <trkpt lat="50.897547" lon="13.006984">
        <ele>261.038728</ele>
        <time>2026-04-30T23:16:01.779Z</time>
      </trkpt>
      <trkpt lat="50.897812" lon="13.007537">
        <ele>259.046391</ele>
        <time>2026-04-30T23:16:04.977Z</time>
      </trkpt>
      <trkpt lat="50.898099" lon="13.008027">
        <ele>257.481789</ele>
        <time>2026-04-30T23:16:08.052Z</time>
      </trkpt>
      <trkpt lat="50.898434" lon="13.008508">
        <ele>256.459834</ele>
        <time>2026-04-30T23:16:11.559Z</time>
      </trkpt>
      <trkpt lat="50.899189" lon="13.009476">
        <ele>254.264292</ele>
        <time>2026-04-30T23:16:21.176Z</time>
      </trkpt>
      <trkpt lat="50.899203" lon="13.009493">
        <ele>254.224417</ele>
        <time>2026-04-30T23:16:21.376Z</time>
      </trkpt>
      <trkpt lat="50.899402" lon="13.009749">
        <ele>253.759522</ele>
        <time>2026-04-30T23:16:24.200Z</time>
      </trkpt>
      <trkpt lat="50.899413" lon="13.009763">
        <ele>253.758235</ele>
        <time>2026-04-30T23:16:24.361Z</time>
      </trkpt>
      <trkpt lat="50.899842" lon="13.010349">
        <ele>253.706579</ele>
        <time>2026-04-30T23:16:31.012Z</time>
      </trkpt>
      <trkpt lat="50.900170" lon="13.010864">
        <ele>253.664469</ele>
        <time>2026-04-30T23:16:36.744Z</time>
      </trkpt>
      <trkpt lat="50.900278" lon="13.011039">
        <ele>253.650383</ele>
        <time>2026-04-30T23:16:38.611Z</time>
      </trkpt>
      <trkpt lat="50.900326" lon="13.011160">
        <ele>253.642158</ele>
        <time>2026-04-30T23:16:39.686Z</time>
      </trkpt>
      <trkpt lat="50.900369" lon="13.011253">
        <ele>253.635524</ele>
        <time>2026-04-30T23:16:40.536Z</time>
      </trkpt>
      <trkpt lat="50.900358" lon="13.011405">
        <ele>253.626722</ele>
        <time>2026-04-30T23:16:41.661Z</time>
      </trkpt>
      <trkpt lat="50.900429" lon="13.011544">
        <ele>253.616430</ele>
        <time>2026-04-30T23:16:42.941Z</time>
      </trkpt>
      <trkpt lat="50.900515" lon="13.011563">
        <ele>253.608509</ele>
        <time>2026-04-30T23:16:43.939Z</time>
      </trkpt>
      <trkpt lat="50.900547" lon="13.011547">
        <ele>253.605448</ele>
        <time>2026-04-30T23:16:44.308Z</time>
      </trkpt>
      <trkpt lat="50.900611" lon="13.011447">
        <ele>253.592373</ele>
        <time>2026-04-30T23:16:45.336Z</time>
      </trkpt>
      <trkpt lat="50.900693" lon="13.011419">
        <ele>253.572297</ele>
        <time>2026-04-30T23:16:46.275Z</time>
      </trkpt>
      <trkpt lat="50.900777" lon="13.011363">
        <ele>253.550488</ele>
        <time>2026-04-30T23:16:47.330Z</time>
      </trkpt>
      <trkpt lat="50.900968" lon="13.011282">
        <ele>253.503167</ele>
        <time>2026-04-30T23:16:49.653Z</time>
      </trkpt>
      <trkpt lat="50.901238" lon="13.011056">
        <ele>253.430093</ele>
        <time>2026-04-30T23:16:53.170Z</time>
      </trkpt>
      <trkpt lat="50.902230" lon="13.010219">
        <ele>253.153297</ele>
        <time>2026-04-30T23:17:05.586Z</time>
      </trkpt>
      <trkpt lat="50.902829" lon="13.009718">
        <ele>252.843634</ele>
        <time>2026-04-30T23:17:12.787Z</time>
      </trkpt>
      <trkpt lat="50.902933" lon="13.009628">
        <ele>252.789458</ele>
        <time>2026-04-30T23:17:14.029Z</time>
      </trkpt>
      <trkpt lat="50.905009" lon="13.007883">
        <ele>251.973861</ele>
        <time>2026-04-30T23:17:39.055Z</time>
      </trkpt>
      <trkpt lat="50.905363" lon="13.007563">
        <ele>251.863803</ele>
        <time>2026-04-30T23:17:44.072Z</time>
      </trkpt>
      <trkpt lat="50.905454" lon="13.007486">
        <ele>251.928702</ele>
        <time>2026-04-30T23:17:45.411Z</time>
      </trkpt>
      <trkpt lat="50.905551" lon="13.007397">
        <ele>252.008232</ele>
        <time>2026-04-30T23:17:46.895Z</time>
      </trkpt>
      <trkpt lat="50.905997" lon="13.007041">
        <ele>252.362581</ele>
        <time>2026-04-30T23:17:53.763Z</time>
      </trkpt>
      <trkpt lat="50.906380" lon="13.006726">
        <ele>252.668766</ele>
        <time>2026-04-30T23:17:59.945Z</time>
      </trkpt>
      <trkpt lat="50.907577" lon="13.005712">
        <ele>254.127039</ele>
        <time>2026-04-30T23:18:20.354Z</time>
      </trkpt>
      <trkpt lat="50.907758" lon="13.005493">
        <ele>254.450603</ele>
        <time>2026-04-30T23:18:24.087Z</time>
      </trkpt>
      <trkpt lat="50.907820" lon="13.005377">
        <ele>254.586880</ele>
        <time>2026-04-30T23:18:25.691Z</time>
      </trkpt>
      <trkpt lat="50.908639" lon="13.003367">
        <ele>256.549067</ele>
        <time>2026-04-30T23:18:52.316Z</time>
      </trkpt>
      <trkpt lat="50.908682" lon="13.003236">
        <ele>256.658136</ele>
        <time>2026-04-30T23:18:53.910Z</time>
      </trkpt>
      <trkpt lat="50.908696" lon="13.003097">
        <ele>256.762090</ele>
        <time>2026-04-30T23:18:55.445Z</time>
      </trkpt>
      <trkpt lat="50.908943" lon="13.003308">
        <ele>257.090677</ele>
        <time>2026-04-30T23:18:59.949Z</time>
      </trkpt>
      <trkpt lat="50.909029" lon="13.003436">
        <ele>257.228812</ele>
        <time>2026-04-30T23:19:01.795Z</time>
      </trkpt>
      <trkpt lat="50.909083" lon="13.003517">
        <ele>257.315865</ele>
        <time>2026-04-30T23:19:02.984Z</time>
      </trkpt>
      <trkpt lat="50.909213" lon="13.003710">
        <ele>257.524426</ele>
        <time>2026-04-30T23:19:05.460Z</time>
      </trkpt>
      <trkpt lat="50.909294" lon="13.003830">
        <ele>257.654247</ele>
        <time>2026-04-30T23:19:06.893Z</time>
      </trkpt>
      <trkpt lat="50.909413" lon="13.004008">
        <ele>257.766279</ele>
        <time>2026-04-30T23:19:08.881Z</time>
      </trkpt>
      <trkpt lat="50.909590" lon="13.004271">
        <ele>257.548154</ele>
        <time>2026-04-30T23:19:11.456Z</time>
      </trkpt>
      <trkpt lat="50.909627" lon="13.004327">
        <ele>257.502160</ele>
        <time>2026-04-30T23:19:11.982Z</time>
      </trkpt>
      <trkpt lat="50.909673" lon="13.004395">
        <ele>257.445608</ele>
        <time>2026-04-30T23:19:12.610Z</time>
      </trkpt>
      <trkpt lat="50.909791" lon="13.004572">
        <ele>257.299544</ele>
        <time>2026-04-30T23:19:14.241Z</time>
      </trkpt>
      <trkpt lat="50.909873" lon="13.004693">
        <ele>257.198818</ele>
        <time>2026-04-30T23:19:15.355Z</time>
      </trkpt>
      <trkpt lat="50.910055" lon="13.004964">
        <ele>256.974312</ele>
        <time>2026-04-30T23:19:17.764Z</time>
      </trkpt>
      <trkpt lat="50.910137" lon="13.005140">
        <ele>256.850223</ele>
        <time>2026-04-30T23:19:19.068Z</time>
      </trkpt>
      <trkpt lat="50.910147" lon="13.005190">
        <ele>256.820479</ele>
        <time>2026-04-30T23:19:19.373Z</time>
      </trkpt>
      <trkpt lat="50.910207" lon="13.005463">
        <ele>256.656542</ele>
        <time>2026-04-30T23:19:21.067Z</time>
      </trkpt>
      <trkpt lat="50.910415" lon="13.006569">
        <ele>256.053669</ele>
        <time>2026-04-30T23:19:27.822Z</time>
      </trkpt>
      <trkpt lat="50.910490" lon="13.006849">
        <ele>255.930262</ele>
        <time>2026-04-30T23:19:29.671Z</time>
      </trkpt>
      <trkpt lat="50.910692" lon="13.007445">
        <ele>255.655778</ele>
        <time>2026-04-30T23:19:33.937Z</time>
      </trkpt>
      <trkpt lat="50.910726" lon="13.007532">
        <ele>255.614257</ele>
        <time>2026-04-30T23:19:34.603Z</time>
      </trkpt>
      <trkpt lat="50.910854" lon="13.007763">
        <ele>255.489509</ele>
        <time>2026-04-30T23:19:36.670Z</time>
      </trkpt>
      <trkpt lat="50.911118" lon="13.008111">
        <ele>255.268658</ele>
        <time>2026-04-30T23:19:40.539Z</time>
      </trkpt>
      <trkpt lat="50.911729" lon="13.008879">
        <ele>255.052692</ele>
        <time>2026-04-30T23:19:49.371Z</time>
      </trkpt>
      <trkpt lat="50.911907" lon="13.009201">
        <ele>255.070488</ele>
        <time>2026-04-30T23:19:52.784Z</time>
      </trkpt>
      <trkpt lat="50.911945" lon="13.009273">
        <ele>255.074390</ele>
        <time>2026-04-30T23:19:53.519Z</time>
      </trkpt>
      <trkpt lat="50.912016" lon="13.009420">
        <ele>255.082085</ele>
        <time>2026-04-30T23:19:54.991Z</time>
      </trkpt>
      <trkpt lat="50.912037" lon="13.009466">
        <ele>255.084445</ele>
        <time>2026-04-30T23:19:55.433Z</time>
      </trkpt>
      <trkpt lat="50.912235" lon="13.009973">
        <ele>255.109228</ele>
        <time>2026-04-30T23:20:00.019Z</time>
      </trkpt>
      <trkpt lat="50.912247" lon="13.010009">
        <ele>255.110920</ele>
        <time>2026-04-30T23:20:00.329Z</time>
      </trkpt>
      <trkpt lat="50.912418" lon="13.010504">
        <ele>255.134376</ele>
        <time>2026-04-30T23:20:04.653Z</time>
      </trkpt>
      <trkpt lat="50.912438" lon="13.010573">
        <ele>255.137532</ele>
        <time>2026-04-30T23:20:05.263Z</time>
      </trkpt>
      <trkpt lat="50.912511" lon="13.010987">
        <ele>255.061269</ele>
        <time>2026-04-30T23:20:08.742Z</time>
      </trkpt>
      <trkpt lat="50.912534" lon="13.011309">
        <ele>254.956245</ele>
        <time>2026-04-30T23:20:11.373Z</time>
      </trkpt>
      <trkpt lat="50.912583" lon="13.011766">
        <ele>254.806010</ele>
        <time>2026-04-30T23:20:14.747Z</time>
      </trkpt>
      <trkpt lat="50.912623" lon="13.012084">
        <ele>254.700919</ele>
        <time>2026-04-30T23:20:16.873Z</time>
      </trkpt>
      <trkpt lat="50.912685" lon="13.012462">
        <ele>254.574336</ele>
        <time>2026-04-30T23:20:19.276Z</time>
      </trkpt>
      <trkpt lat="50.912725" lon="13.012948">
        <ele>254.415493</ele>
        <time>2026-04-30T23:20:22.200Z</time>
      </trkpt>
      <trkpt lat="50.912717" lon="13.013172">
        <ele>254.342781</ele>
        <time>2026-04-30T23:20:23.533Z</time>
      </trkpt>
      <trkpt lat="50.912686" lon="13.013965">
        <ele>254.728246</ele>
        <time>2026-04-30T23:20:28.500Z</time>
      </trkpt>
      <trkpt lat="50.912693" lon="13.014100">
        <ele>254.893606</ele>
        <time>2026-04-30T23:20:29.414Z</time>
      </trkpt>
      <trkpt lat="50.912704" lon="13.014173">
        <ele>254.985232</ele>
        <time>2026-04-30T23:20:29.935Z</time>
      </trkpt>
      <trkpt lat="50.912719" lon="13.014249">
        <ele>255.082449</ele>
        <time>2026-04-30T23:20:30.502Z</time>
      </trkpt>
      <trkpt lat="50.912794" lon="13.014467">
        <ele>255.385616</ele>
        <time>2026-04-30T23:20:32.350Z</time>
      </trkpt>
      <trkpt lat="50.912967" lon="13.014756">
        <ele>255.872099</ele>
        <time>2026-04-30T23:20:35.605Z</time>
      </trkpt>
      <trkpt lat="50.913062" lon="13.014819">
        <ele>256.071466</ele>
        <time>2026-04-30T23:20:37.227Z</time>
      </trkpt>
      <trkpt lat="50.913117" lon="13.014833">
        <ele>256.179319</ele>
        <time>2026-04-30T23:20:38.157Z</time>
      </trkpt>
      <trkpt lat="50.913199" lon="13.014841">
        <ele>256.338385</ele>
        <time>2026-04-30T23:20:39.691Z</time>
      </trkpt>
      <trkpt lat="50.913838" lon="13.014540">
        <ele>257.629013</ele>
        <time>2026-04-30T23:20:56.284Z</time>
      </trkpt>
      <trkpt lat="50.914003" lon="13.014506">
        <ele>258.687164</ele>
        <time>2026-04-30T23:21:01.126Z</time>
      </trkpt>
      <trkpt lat="50.914377" lon="13.014368">
        <ele>261.632528</ele>
        <time>2026-04-30T23:21:13.943Z</time>
      </trkpt>
      <trkpt lat="50.914488" lon="13.014332">
        <ele>262.501568</ele>
        <time>2026-04-30T23:21:18.250Z</time>
      </trkpt>
      <trkpt lat="50.914863" lon="13.014214">
        <ele>265.434055</ele>
        <time>2026-04-30T23:21:33.121Z</time>
      </trkpt>
      <trkpt lat="50.915177" lon="13.014244">
        <ele>267.846949</ele>
        <time>2026-04-30T23:21:46.088Z</time>
      </trkpt>
      <trkpt lat="50.915500" lon="13.014412">
        <ele>270.454321</ele>
        <time>2026-04-30T23:21:59.965Z</time>
      </trkpt>
      <trkpt lat="50.915704" lon="13.014645">
        <ele>272.390838</ele>
        <time>2026-04-30T23:22:09.600Z</time>
      </trkpt>
      <trkpt lat="50.915878" lon="13.015060">
        <ele>274.823578</ele>
        <time>2026-04-30T23:22:21.673Z</time>
      </trkpt>
      <trkpt lat="50.916218" lon="13.016241">
        <ele>281.160801</ele>
        <time>2026-04-30T23:22:52.660Z</time>
      </trkpt>
      <trkpt lat="50.916318" lon="13.016398">
        <ele>282.250156</ele>
        <time>2026-04-30T23:22:57.530Z</time>
      </trkpt>
      <trkpt lat="50.916443" lon="13.016528">
        <ele>283.407413</ele>
        <time>2026-04-30T23:23:02.586Z</time>
      </trkpt>
      <trkpt lat="50.916664" lon="13.016598">
        <ele>285.152227</ele>
        <time>2026-04-30T23:23:10.164Z</time>
      </trkpt>
      <trkpt lat="50.916823" lon="13.016588">
        <ele>286.081003</ele>
        <time>2026-04-30T23:23:15.482Z</time>
      </trkpt>
      <trkpt lat="50.917114" lon="13.016571">
        <ele>287.623157</ele>
        <time>2026-04-30T23:23:24.944Z</time>
      </trkpt>
      <trkpt lat="50.917272" lon="13.016545">
        <ele>288.464402</ele>
        <time>2026-04-30T23:23:29.917Z</time>
      </trkpt>
      <trkpt lat="50.917305" lon="13.016539">
        <ele>288.640311</ele>
        <time>2026-04-30T23:23:30.950Z</time>
      </trkpt>
      <trkpt lat="50.917462" lon="13.016509">
        <ele>289.477780</ele>
        <time>2026-04-30T23:23:35.802Z</time>
      </trkpt>
      <trkpt lat="50.917610" lon="13.016480">
        <ele>290.267533</ele>
        <time>2026-04-30T23:23:40.390Z</time>
      </trkpt>
      <trkpt lat="50.917979" lon="13.016383">
        <ele>292.248377</ele>
        <time>2026-04-30T23:23:51.116Z</time>
      </trkpt>
      <trkpt lat="50.918187" lon="13.016295">
        <ele>293.388435</ele>
        <time>2026-04-30T23:23:56.687Z</time>
      </trkpt>
      <trkpt lat="50.918322" lon="13.016221">
        <ele>294.144868</ele>
        <time>2026-04-30T23:24:00.251Z</time>
      </trkpt>
      <trkpt lat="50.918438" lon="13.016158">
        <ele>294.794204</ele>
        <time>2026-04-30T23:24:03.178Z</time>
      </trkpt>
      <trkpt lat="50.918581" lon="13.016094">
        <ele>295.116240</ele>
        <time>2026-04-30T23:24:06.594Z</time>
      </trkpt>
      <trkpt lat="50.918805" lon="13.016025">
        <ele>295.434481</ele>
        <time>2026-04-30T23:24:11.547Z</time>
      </trkpt>
      <trkpt lat="50.918925" lon="13.016021">
        <ele>295.601877</ele>
        <time>2026-04-30T23:24:13.925Z</time>
      </trkpt>
      <trkpt lat="50.918940" lon="13.016021">
        <ele>295.622797</ele>
        <time>2026-04-30T23:24:14.230Z</time>
      </trkpt>
      <trkpt lat="50.919092" lon="13.016017">
        <ele>295.834816</ele>
        <time>2026-04-30T23:24:16.972Z</time>
      </trkpt>
      <trkpt lat="50.919112" lon="13.016016">
        <ele>295.862723</ele>
        <time>2026-04-30T23:24:17.325Z</time>
      </trkpt>
      <trkpt lat="50.919312" lon="13.016011">
        <ele>296.141690</ele>
        <time>2026-04-30T23:24:20.590Z</time>
      </trkpt>
      <trkpt lat="50.919366" lon="13.016009">
        <ele>296.217023</ele>
        <time>2026-04-30T23:24:21.416Z</time>
      </trkpt>
      <trkpt lat="50.919422" lon="13.016013">
        <ele>296.295203</ele>
        <time>2026-04-30T23:24:22.244Z</time>
      </trkpt>
      <trkpt lat="50.919545" lon="13.016042">
        <ele>296.468632</ele>
        <time>2026-04-30T23:24:24.022Z</time>
      </trkpt>
      <trkpt lat="50.919682" lon="13.016073">
        <ele>296.661635</ele>
        <time>2026-04-30T23:24:25.940Z</time>
      </trkpt>
      <trkpt lat="50.919770" lon="13.016103">
        <ele>296.787168</ele>
        <time>2026-04-30T23:24:27.114Z</time>
      </trkpt>
      <trkpt lat="50.919829" lon="13.016175">
        <ele>296.890985</ele>
        <time>2026-04-30T23:24:28.051Z</time>
      </trkpt>
      <trkpt lat="50.920116" lon="13.016661">
        <ele>297.450728</ele>
        <time>2026-04-30T23:24:34.690Z</time>
      </trkpt>
      <trkpt lat="50.920326" lon="13.016974">
        <ele>297.274838</ele>
        <time>2026-04-30T23:24:38.821Z</time>
      </trkpt>
      <trkpt lat="50.920402" lon="13.017089">
        <ele>297.210726</ele>
        <time>2026-04-30T23:24:40.274Z</time>
      </trkpt>
      <trkpt lat="50.920417" lon="13.017111">
        <ele>297.198256</ele>
        <time>2026-04-30T23:24:40.567Z</time>
      </trkpt>
      <trkpt lat="50.920774" lon="13.017654">
        <ele>296.896356</ele>
        <time>2026-04-30T23:24:47.736Z</time>
      </trkpt>
      <trkpt lat="50.920902" lon="13.017819">
        <ele>296.795680</ele>
        <time>2026-04-30T23:24:50.111Z</time>
      </trkpt>
      <trkpt lat="50.921065" lon="13.017922">
        <ele>296.688581</ele>
        <time>2026-04-30T23:24:52.660Z</time>
      </trkpt>
      <trkpt lat="50.921231" lon="13.018066">
        <ele>296.573093</ele>
        <time>2026-04-30T23:24:55.486Z</time>
      </trkpt>
      <trkpt lat="50.921242" lon="13.018075">
        <ele>296.565538</ele>
        <time>2026-04-30T23:24:55.661Z</time>
      </trkpt>
      <trkpt lat="50.921503" lon="13.018292">
        <ele>296.385668</ele>
        <time>2026-04-30T23:25:00.000Z</time>
      </trkpt>
      <trkpt lat="50.921710" lon="13.018479">
        <ele>296.229704</ele>
        <time>2026-04-30T23:25:03.316Z</time>
      </trkpt>
      <trkpt lat="50.921851" lon="13.018649">
        <ele>296.112120</ele>
        <time>2026-04-30T23:25:05.666Z</time>
      </trkpt>
      <trkpt lat="50.922124" lon="13.019032">
        <ele>295.870155</ele>
        <time>2026-04-30T23:25:10.760Z</time>
      </trkpt>
      <trkpt lat="50.922215" lon="13.019279">
        <ele>295.750418</ele>
        <time>2026-04-30T23:25:12.719Z</time>
      </trkpt>
      <trkpt lat="50.922262" lon="13.019383">
        <ele>295.696862</ele>
        <time>2026-04-30T23:25:13.556Z</time>
      </trkpt>
      <trkpt lat="50.922399" lon="13.019690">
        <ele>295.539438</ele>
        <time>2026-04-30T23:25:15.987Z</time>
      </trkpt>
      <trkpt lat="50.922548" lon="13.020022">
        <ele>295.368871</ele>
        <time>2026-04-30T23:25:18.574Z</time>
      </trkpt>
      <trkpt lat="50.922648" lon="13.020272">
        <ele>295.244953</ele>
        <time>2026-04-30T23:25:20.534Z</time>
      </trkpt>
      <trkpt lat="50.922789" lon="13.020708">
        <ele>295.273529</ele>
        <time>2026-04-30T23:25:23.846Z</time>
      </trkpt>
      <trkpt lat="50.922911" lon="13.021099">
        <ele>295.427860</ele>
        <time>2026-04-30T23:25:27.057Z</time>
      </trkpt>
      <trkpt lat="50.923111" lon="13.021756">
        <ele>295.685951</ele>
        <time>2026-04-30T23:25:33.953Z</time>
      </trkpt>
      <trkpt lat="50.923252" lon="13.022288">
        <ele>295.890100</ele>
        <time>2026-04-30T23:25:39.856Z</time>
      </trkpt>
      <trkpt lat="50.923323" lon="13.022583">
        <ele>296.001802</ele>
        <time>2026-04-30T23:25:42.988Z</time>
      </trkpt>
      <trkpt lat="50.923337" lon="13.022641">
        <ele>296.023772</ele>
        <time>2026-04-30T23:25:43.566Z</time>
      </trkpt>
      <trkpt lat="50.923449" lon="13.023107">
        <ele>296.139073</ele>
        <time>2026-04-30T23:25:47.878Z</time>
      </trkpt>
      <trkpt lat="50.923467" lon="13.023179">
        <ele>296.097676</ele>
        <time>2026-04-30T23:25:48.510Z</time>
      </trkpt>
      <trkpt lat="50.923551" lon="13.023532">
        <ele>295.896018</ele>
        <time>2026-04-30T23:25:51.695Z</time>
      </trkpt>
      <trkpt lat="50.923735" lon="13.023929">
        <ele>295.632660</ele>
        <time>2026-04-30T23:25:55.615Z</time>
      </trkpt>
      <trkpt lat="50.923856" lon="13.024189">
        <ele>295.459935</ele>
        <time>2026-04-30T23:25:57.935Z</time>
      </trkpt>
      <trkpt lat="50.924222" lon="13.024801">
        <ele>295.009069</ele>
        <time>2026-04-30T23:26:03.195Z</time>
      </trkpt>
      <trkpt lat="50.924379" lon="13.025031">
        <ele>294.827880</ele>
        <time>2026-04-30T23:26:05.063Z</time>
      </trkpt>
      <trkpt lat="50.924743" lon="13.025429">
        <ele>293.639082</ele>
        <time>2026-04-30T23:26:08.703Z</time>
      </trkpt>
      <trkpt lat="50.924844" lon="13.025537">
        <ele>293.110825</ele>
        <time>2026-04-30T23:26:09.689Z</time>
      </trkpt>
      <trkpt lat="50.925782" lon="13.026486">
        <ele>288.285823</ele>
        <time>2026-04-30T23:26:18.244Z</time>
      </trkpt>
      <trkpt lat="50.926044" lon="13.026717">
        <ele>286.985828</ele>
        <time>2026-04-30T23:26:20.458Z</time>
      </trkpt>
      <trkpt lat="50.927840" lon="13.028076">
        <ele>275.151452</ele>
        <time>2026-04-30T23:26:35.021Z</time>
      </trkpt>
      <trkpt lat="50.927935" lon="13.028045">
        <ele>274.558610</ele>
        <time>2026-04-30T23:26:35.748Z</time>
      </trkpt>
      <trkpt lat="50.928075" lon="13.027900">
        <ele>273.536658</ele>
        <time>2026-04-30T23:26:36.991Z</time>
      </trkpt>
      <trkpt lat="50.928635" lon="13.026864">
        <ele>268.278542</ele>
        <time>2026-04-30T23:26:43.340Z</time>
      </trkpt>
      <trkpt lat="50.928775" lon="13.026676">
        <ele>267.157423</ele>
        <time>2026-04-30T23:26:44.675Z</time>
      </trkpt>
      <trkpt lat="50.928899" lon="13.026586">
        <ele>266.323928</ele>
        <time>2026-04-30T23:26:45.656Z</time>
      </trkpt>
      <trkpt lat="50.928992" lon="13.026582">
        <ele>265.755258</ele>
        <time>2026-04-30T23:26:46.325Z</time>
      </trkpt>
      <trkpt lat="50.929141" lon="13.026649">
        <ele>264.779865</ele>
        <time>2026-04-30T23:26:47.433Z</time>
      </trkpt>
      <trkpt lat="50.929917" lon="13.027183">
        <ele>259.153232</ele>
        <time>2026-04-30T23:26:53.529Z</time>
      </trkpt>
      <trkpt lat="50.930014" lon="13.027158">
        <ele>258.499522</ele>
        <time>2026-04-30T23:26:54.233Z</time>
      </trkpt>
      <trkpt lat="50.930119" lon="13.027062">
        <ele>257.693385</ele>
        <time>2026-04-30T23:26:55.097Z</time>
      </trkpt>
      <trkpt lat="50.930192" lon="13.026934">
        <ele>256.969642</ele>
        <time>2026-04-30T23:26:55.871Z</time>
      </trkpt>
      <trkpt lat="50.930540" lon="13.025987">
        <ele>252.712429</ele>
        <time>2026-04-30T23:27:00.889Z</time>
      </trkpt>
      <trkpt lat="50.930646" lon="13.025926">
        <ele>252.281552</ele>
        <time>2026-04-30T23:27:01.730Z</time>
      </trkpt>
      <trkpt lat="50.930716" lon="13.025937">
        <ele>252.012753</ele>
        <time>2026-04-30T23:27:02.259Z</time>
      </trkpt>
      <trkpt lat="50.931075" lon="13.026162">
        <ele>250.537759</ele>
        <time>2026-04-30T23:27:05.206Z</time>
      </trkpt>
      <trkpt lat="50.931201" lon="13.026124">
        <ele>250.047655</ele>
        <time>2026-04-30T23:27:06.193Z</time>
      </trkpt>
      <trkpt lat="50.931280" lon="13.026022">
        <ele>249.658452</ele>
        <time>2026-04-30T23:27:06.982Z</time>
      </trkpt>
      <trkpt lat="50.931391" lon="13.025488">
        <ele>248.304236</ele>
        <time>2026-04-30T23:27:09.751Z</time>
      </trkpt>
      <trkpt lat="50.931819" lon="13.023623">
        <ele>245.766827</ele>
        <time>2026-04-30T23:27:21.449Z</time>
      </trkpt>
      <trkpt lat="50.932157" lon="13.022135">
        <ele>245.039011</ele>
        <time>2026-04-30T23:27:32.652Z</time>
      </trkpt>
      <trkpt lat="50.933804" lon="13.017414">
        <ele>244.441201</ele>
        <time>2026-04-30T23:28:11.028Z</time>
      </trkpt>
      <trkpt lat="50.934128" lon="13.016631">
        <ele>244.982277</ele>
        <time>2026-04-30T23:28:17.793Z</time>
      </trkpt>
      <trkpt lat="50.934150" lon="13.016367">
        <ele>245.284615</ele>
        <time>2026-04-30T23:28:20.177Z</time>
      </trkpt>
      <trkpt lat="50.934074" lon="13.015993">
        <ele>245.730759</ele>
        <time>2026-04-30T23:28:24.060Z</time>
      </trkpt>
      <trkpt lat="50.933996" lon="13.015823">
        <ele>245.969501</ele>
        <time>2026-04-30T23:28:26.353Z</time>
      </trkpt>
      <trkpt lat="50.933840" lon="13.015614">
        <ele>246.337313</ele>
        <time>2026-04-30T23:28:30.114Z</time>
      </trkpt>
      <trkpt lat="50.932996" lon="13.014397">
        <ele>249.110240</ele>
        <time>2026-04-30T23:28:55.111Z</time>
      </trkpt>
      <trkpt lat="50.932955" lon="13.014316">
        <ele>249.342513</ele>
        <time>2026-04-30T23:28:56.692Z</time>
      </trkpt>
      <trkpt lat="50.932944" lon="13.014187">
        <ele>249.633553</ele>
        <time>2026-04-30T23:28:58.657Z</time>
      </trkpt>
      <trkpt lat="50.933154" lon="13.013794">
        <ele>250.785515</ele>
        <time>2026-04-30T23:29:06.281Z</time>
      </trkpt>
      <trkpt lat="50.933252" lon="13.013493">
        <ele>251.542968</ele>
        <time>2026-04-30T23:29:11.305Z</time>
      </trkpt>
      <trkpt lat="50.933455" lon="13.012525">
        <ele>253.823827</ele>
        <time>2026-04-30T23:29:26.684Z</time>
      </trkpt>
      <trkpt lat="50.933500" lon="13.012278">
        <ele>254.435297</ele>
        <time>2026-04-30T23:29:30.434Z</time>
      </trkpt>
      <trkpt lat="50.933829" lon="13.011240">
        <ele>257.291976</ele>
        <time>2026-04-30T23:29:48.167Z</time>
      </trkpt>
      <trkpt lat="50.933909" lon="13.010987">
        <ele>257.987922</ele>
        <time>2026-04-30T23:29:51.982Z</time>
      </trkpt>
      <trkpt lat="50.933931" lon="13.010936">
        <ele>258.139874</ele>
        <time>2026-04-30T23:29:52.810Z</time>
      </trkpt>
      <trkpt lat="50.933965" lon="13.010856">
        <ele>258.377112</ele>
        <time>2026-04-30T23:29:54.144Z</time>
      </trkpt>
      <trkpt lat="50.934010" lon="13.010749">
        <ele>258.693386</ele>
        <time>2026-04-30T23:29:55.945Z</time>
      </trkpt>
      <trkpt lat="50.934022" lon="13.010718">
        <ele>258.782834</ele>
        <time>2026-04-30T23:29:56.496Z</time>
      </trkpt>
      <trkpt lat="50.934094" lon="13.010549">
        <ele>259.284381</ele>
        <time>2026-04-30T23:29:59.453Z</time>
      </trkpt>
      <trkpt lat="50.934365" lon="13.009908">
        <ele>261.266125</ele>
        <time>2026-04-30T23:30:11.368Z</time>
      </trkpt>
      <trkpt lat="50.934579" lon="13.009633">
        <ele>263.014555</ele>
        <time>2026-04-30T23:30:18.534Z</time>
      </trkpt>
      <trkpt lat="50.936333" lon="13.007710">
        <ele>274.212593</ele>
        <time>2026-04-30T23:31:32.330Z</time>
      </trkpt>
      <trkpt lat="50.936983" lon="13.006939">
        <ele>276.414057</ele>
        <time>2026-04-30T23:31:49.212Z</time>
      </trkpt>
      <trkpt lat="50.937142" lon="13.006613">
        <ele>277.118776</ele>
        <time>2026-04-30T23:31:51.655Z</time>
      </trkpt>
      <trkpt lat="50.937770" lon="13.004948">
        <ele>272.227469</ele>
        <time>2026-04-30T23:32:00.655Z</time>
      </trkpt>
      <trkpt lat="50.937861" lon="13.004779">
        <ele>271.597447</ele>
        <time>2026-04-30T23:32:01.668Z</time>
      </trkpt>
      <trkpt lat="50.937944" lon="13.004667">
        <ele>271.107436</ele>
        <time>2026-04-30T23:32:02.457Z</time>
      </trkpt>
      <trkpt lat="50.938192" lon="13.004431">
        <ele>269.806868</ele>
        <time>2026-04-30T23:32:04.616Z</time>
      </trkpt>
      <trkpt lat="50.938937" lon="13.003725">
        <ele>270.675658</ele>
        <time>2026-04-30T23:32:12.806Z</time>
      </trkpt>
      <trkpt lat="50.939187" lon="13.003375">
        <ele>271.309349</ele>
        <time>2026-04-30T23:32:20.156Z</time>
      </trkpt>
      <trkpt lat="50.939268" lon="13.003172">
        <ele>271.597145</ele>
        <time>2026-04-30T23:32:23.968Z</time>
      </trkpt>
      <trkpt lat="50.939726" lon="13.000137">
        <ele>279.679454</ele>
        <time>2026-04-30T23:33:24.996Z</time>
      </trkpt>
      <trkpt lat="50.939796" lon="12.999864">
        <ele>280.609439</ele>
        <time>2026-04-30T23:33:29.587Z</time>
      </trkpt>
      <trkpt lat="50.940261" lon="12.998712">
        <ele>281.201348</ele>
        <time>2026-04-30T23:33:45.046Z</time>
      </trkpt>
      <trkpt lat="50.940523" lon="12.998148">
        <ele>280.872633</ele>
        <time>2026-04-30T23:33:49.490Z</time>
      </trkpt>
      <trkpt lat="50.941069" lon="12.996878">
        <ele>279.155498</ele>
        <time>2026-04-30T23:33:57.313Z</time>
      </trkpt>
      <trkpt lat="50.941199" lon="12.996730">
        <ele>278.421787</ele>
        <time>2026-04-30T23:33:58.487Z</time>
      </trkpt>
      <trkpt lat="50.941152" lon="12.996541">
        <ele>277.834640</ele>
        <time>2026-04-30T23:33:59.425Z</time>
      </trkpt>
      <trkpt lat="50.941040" lon="12.995567">
        <ele>274.973587</ele>
        <time>2026-04-30T23:34:04.027Z</time>
      </trkpt>
      <trkpt lat="50.940990" lon="12.995086">
        <ele>273.564851</ele>
        <time>2026-04-30T23:34:06.343Z</time>
      </trkpt>
      <trkpt lat="50.940973" lon="12.994658">
        <ele>272.325600</ele>
        <time>2026-04-30T23:34:08.456Z</time>
      </trkpt>
      <trkpt lat="50.941001" lon="12.993769">
        <ele>271.475302</ele>
        <time>2026-04-30T23:34:13.048Z</time>
      </trkpt>
      <trkpt lat="50.940977" lon="12.993564">
        <ele>271.315675</ele>
        <time>2026-04-30T23:34:14.220Z</time>
      </trkpt>
      <trkpt lat="50.941269" lon="12.993412">
        <ele>270.942312</ele>
        <time>2026-04-30T23:34:17.421Z</time>
      </trkpt>
      <trkpt lat="50.941317" lon="12.993378">
        <ele>270.878449</ele>
        <time>2026-04-30T23:34:18.036Z</time>
      </trkpt>
      <trkpt lat="50.941387" lon="12.993319">
        <ele>270.782153</ele>
        <time>2026-04-30T23:34:19.056Z</time>
      </trkpt>
      <trkpt lat="50.941812" lon="12.992902">
        <ele>270.175083</ele>
        <time>2026-04-30T23:34:26.069Z</time>
      </trkpt>
      <trkpt lat="50.942044" lon="12.992568">
        <ele>269.808548</ele>
        <time>2026-04-30T23:34:30.245Z</time>
      </trkpt>
      <trkpt lat="50.942121" lon="12.992390">
        <ele>269.663233</ele>
        <time>2026-04-30T23:34:31.733Z</time>
      </trkpt>
      <trkpt lat="50.942356" lon="12.991616">
        <ele>269.084985</ele>
        <time>2026-04-30T23:34:36.798Z</time>
      </trkpt>
      <trkpt lat="50.942375" lon="12.991554">
        <ele>269.038584</ele>
        <time>2026-04-30T23:34:37.203Z</time>
      </trkpt>
      <trkpt lat="50.942608" lon="12.991063">
        <ele>268.624893</ele>
        <time>2026-04-30T23:34:40.757Z</time>
      </trkpt>
      <trkpt lat="50.942714" lon="12.990754">
        <ele>268.388105</ele>
        <time>2026-04-30T23:34:42.797Z</time>
      </trkpt>
      <trkpt lat="50.942732" lon="12.990647">
        <ele>268.313568</ele>
        <time>2026-04-30T23:34:43.424Z</time>
      </trkpt>
      <trkpt lat="50.942720" lon="12.990482">
        <ele>268.201782</ele>
        <time>2026-04-30T23:34:44.393Z</time>
      </trkpt>
      <trkpt lat="50.942635" lon="12.990097">
        <ele>267.975864</ele>
        <time>2026-04-30T23:34:46.730Z</time>
      </trkpt>
      <trkpt lat="50.942594" lon="12.989950">
        <ele>267.952266</ele>
        <time>2026-04-30T23:34:47.652Z</time>
      </trkpt>
      <trkpt lat="50.942349" lon="12.989075">
        <ele>267.811711</ele>
        <time>2026-04-30T23:34:53.609Z</time>
      </trkpt>
      <trkpt lat="50.942231" lon="12.988393">
        <ele>267.707892</ele>
        <time>2026-04-30T23:34:59.796Z</time>
      </trkpt>
      <trkpt lat="50.942198" lon="12.988075">
        <ele>267.660583</ele>
        <time>2026-04-30T23:35:02.907Z</time>
      </trkpt>
      <trkpt lat="50.942252" lon="12.987072">
        <ele>267.298532</ele>
        <time>2026-04-30T23:35:11.490Z</time>
      </trkpt>
      <trkpt lat="50.942365" lon="12.986800">
        <ele>267.072772</ele>
        <time>2026-04-30T23:35:13.686Z</time>
      </trkpt>
      <trkpt lat="50.942655" lon="12.986329">
        <ele>266.616451</ele>
        <time>2026-04-30T23:35:17.581Z</time>
      </trkpt>
      <trkpt lat="50.942899" lon="12.986197">
        <ele>266.332957</ele>
        <time>2026-04-30T23:35:19.889Z</time>
      </trkpt>
      <trkpt lat="50.943073" lon="12.986183">
        <ele>266.141359</ele>
        <time>2026-04-30T23:35:21.414Z</time>
      </trkpt>
      <trkpt lat="50.943321" lon="12.986263">
        <ele>265.863051</ele>
        <time>2026-04-30T23:35:23.602Z</time>
      </trkpt>
      <trkpt lat="50.943654" lon="12.986289">
        <ele>265.816550</ele>
        <time>2026-04-30T23:35:26.531Z</time>
      </trkpt>
      <trkpt lat="50.943748" lon="12.986305">
        <ele>266.059321</ele>
        <time>2026-04-30T23:35:27.371Z</time>
      </trkpt>
      <trkpt lat="50.943802" lon="12.986332">
        <ele>266.204708</ele>
        <time>2026-04-30T23:35:27.903Z</time>
      </trkpt>
      <trkpt lat="50.943951" lon="12.986488">
        <ele>266.663087</ele>
        <time>2026-04-30T23:35:29.596Z</time>
      </trkpt>
      <trkpt lat="50.944105" lon="12.986710">
        <ele>267.197328</ele>
        <time>2026-04-30T23:35:31.891Z</time>
      </trkpt>
      <trkpt lat="50.944213" lon="12.986961">
        <ele>267.689108</ele>
        <time>2026-04-30T23:35:34.702Z</time>
      </trkpt>
      <trkpt lat="50.944367" lon="12.987661">
        <ele>268.888761</ele>
        <time>2026-04-30T23:35:44.530Z</time>
      </trkpt>
      <trkpt lat="50.944440" lon="12.987984">
        <ele>269.443976</ele>
        <time>2026-04-30T23:35:50.881Z</time>
      </trkpt>
      <trkpt lat="50.944510" lon="12.988125">
        <ele>269.734422</ele>
        <time>2026-04-30T23:35:54.461Z</time>
      </trkpt>
      <trkpt lat="50.944638" lon="12.988271">
        <ele>270.139198</ele>
        <time>2026-04-30T23:35:59.898Z</time>
      </trkpt>
      <trkpt lat="50.944857" lon="12.988341">
        <ele>272.192743</ele>
        <time>2026-04-30T23:36:08.391Z</time>
      </trkpt>
      <trkpt lat="50.945199" lon="12.988379">
        <ele>275.670187</ele>
        <time>2026-04-30T23:36:23.111Z</time>
      </trkpt>
      <trkpt lat="50.945323" lon="12.988284">
        <ele>277.066804</ele>
        <time>2026-04-30T23:36:29.642Z</time>
      </trkpt>
      <trkpt lat="50.945784" lon="12.986961">
        <ele>286.728675</ele>
        <time>2026-04-30T23:37:17.542Z</time>
      </trkpt>
      <trkpt lat="50.945839" lon="12.986861">
        <ele>287.576990</ele>
        <time>2026-04-30T23:37:21.602Z</time>
      </trkpt>
      <trkpt lat="50.945904" lon="12.986841">
        <ele>288.248569</ele>
        <time>2026-04-30T23:37:24.751Z</time>
      </trkpt>
      <trkpt lat="50.946276" lon="12.987260">
        <ele>291.273299</ele>
        <time>2026-04-30T23:37:44.612Z</time>
      </trkpt>
      <trkpt lat="50.947079" lon="12.987830">
        <ele>296.961857</ele>
        <time>2026-04-30T23:38:13.616Z</time>
      </trkpt>
      <trkpt lat="50.947480" lon="12.988046">
        <ele>299.700333</ele>
        <time>2026-04-30T23:38:22.934Z</time>
      </trkpt>
      <trkpt lat="50.947644" lon="12.988170">
        <ele>300.125822</ele>
        <time>2026-04-30T23:38:26.394Z</time>
      </trkpt>
      <trkpt lat="50.947845" lon="12.988346">
        <ele>300.199544</ele>
        <time>2026-04-30T23:38:30.404Z</time>
      </trkpt>
      <trkpt lat="50.948511" lon="12.989043">
        <ele>300.455739</ele>
        <time>2026-04-30T23:38:41.534Z</time>
      </trkpt>
      <trkpt lat="50.948708" lon="12.989213">
        <ele>300.527751</ele>
        <time>2026-04-30T23:38:43.949Z</time>
      </trkpt>
      <trkpt lat="50.948928" lon="12.989353">
        <ele>300.603871</ele>
        <time>2026-04-30T23:38:46.238Z</time>
      </trkpt>
      <trkpt lat="50.948992" lon="12.989384">
        <ele>300.625361</ele>
        <time>2026-04-30T23:38:46.853Z</time>
      </trkpt>
      <trkpt lat="50.949627" lon="12.989727">
        <ele>298.505832</ele>
        <time>2026-04-30T23:38:52.494Z</time>
      </trkpt>
      <trkpt lat="50.951259" lon="12.990924">
        <ele>293.238324</ele>
        <time>2026-04-30T23:39:06.097Z</time>
      </trkpt>
      <trkpt lat="50.951527" lon="12.991354">
        <ele>292.987751</ele>
        <time>2026-04-30T23:39:09.517Z</time>
      </trkpt>
      <trkpt lat="50.951586" lon="12.991371">
        <ele>292.948320</ele>
        <time>2026-04-30T23:39:10.100Z</time>
      </trkpt>
      <trkpt lat="50.953352" lon="12.991825">
        <ele>294.968047</ele>
        <time>2026-04-30T23:39:47.511Z</time>
      </trkpt>
      <trkpt lat="50.953411" lon="12.991785">
        <ele>295.135084</ele>
        <time>2026-04-30T23:39:48.837Z</time>
      </trkpt>
      <trkpt lat="50.953464" lon="12.991587">
        <ele>295.487937</ele>
        <time>2026-04-30T23:39:51.632Z</time>
      </trkpt>
      <trkpt lat="50.953540" lon="12.991483">
        <ele>295.749186</ele>
        <time>2026-04-30T23:39:53.770Z</time>
      </trkpt>
      <trkpt lat="50.953842" lon="12.991556">
        <ele>296.544544</ele>
        <time>2026-04-30T23:40:00.131Z</time>
      </trkpt>
      <trkpt lat="50.954422" lon="12.991704">
        <ele>297.551129</ele>
        <time>2026-04-30T23:40:10.790Z</time>
      </trkpt>
      <trkpt lat="50.954479" lon="12.991674">
        <ele>297.623598</ele>
        <time>2026-04-30T23:40:11.746Z</time>
      </trkpt>
      <trkpt lat="50.954716" lon="12.991271">
        <ele>298.042717</ele>
        <time>2026-04-30T23:40:16.964Z</time>
      </trkpt>
      <trkpt lat="50.955701" lon="12.989520">
        <ele>299.559831</ele>
        <time>2026-04-30T23:40:38.505Z</time>
      </trkpt>
      <trkpt lat="50.955892" lon="12.989249">
        <ele>299.720608</ele>
        <time>2026-04-30T23:40:42.032Z</time>
      </trkpt>
      <trkpt lat="50.956160" lon="12.988944">
        <ele>299.927566</ele>
        <time>2026-04-30T23:40:46.623Z</time>
      </trkpt>
      <trkpt lat="50.959202" lon="12.986587">
        <ele>301.554882</ele>
        <time>2026-04-30T23:41:32.550Z</time>
      </trkpt>
      <trkpt lat="50.959329" lon="12.986448">
        <ele>301.591763</ele>
        <time>2026-04-30T23:41:34.164Z</time>
      </trkpt>
      <trkpt lat="50.959443" lon="12.986064">
        <ele>301.655693</ele>
        <time>2026-04-30T23:41:36.985Z</time>
      </trkpt>
      <trkpt lat="50.959710" lon="12.984956">
        <ele>302.100912</ele>
        <time>2026-04-30T23:41:45.831Z</time>
      </trkpt>
      <trkpt lat="50.959890" lon="12.984419">
        <ele>302.689097</ele>
        <time>2026-04-30T23:41:51.617Z</time>
      </trkpt>
      <trkpt lat="50.960046" lon="12.984057">
        <ele>303.113205</ele>
        <time>2026-04-30T23:41:56.349Z</time>
      </trkpt>
      <trkpt lat="50.960233" lon="12.983716">
        <ele>303.550381</ele>
        <time>2026-04-30T23:42:01.771Z</time>
      </trkpt>
      <trkpt lat="50.960411" lon="12.983437">
        <ele>303.934363</ele>
        <time>2026-04-30T23:42:06.945Z</time>
      </trkpt>
      <trkpt lat="50.960613" lon="12.983188">
        <ele>304.326950</ele>
        <time>2026-04-30T23:42:12.168Z</time>
      </trkpt>
      <trkpt lat="50.961200" lon="12.982662">
        <ele>304.346638</ele>
        <time>2026-04-30T23:42:23.961Z</time>
      </trkpt>
      <trkpt lat="50.961406" lon="12.982536">
        <ele>304.263646</ele>
        <time>2026-04-30T23:42:26.968Z</time>
      </trkpt>
      <trkpt lat="50.963031" lon="12.981671">
        <ele>301.630119</ele>
        <time>2026-04-30T23:42:42.259Z</time>
      </trkpt>
      <trkpt lat="50.964225" lon="12.981246">
        <ele>297.509793</ele>
        <time>2026-04-30T23:42:51.745Z</time>
      </trkpt>
      <trkpt lat="50.964684" lon="12.981015">
        <ele>295.831040</ele>
        <time>2026-04-30T23:42:55.392Z</time>
      </trkpt>
      <trkpt lat="50.965885" lon="12.980309">
        <ele>291.673392</ele>
        <time>2026-04-30T23:43:05.588Z</time>
      </trkpt>
      <trkpt lat="50.966337" lon="12.980070">
        <ele>292.642639</ele>
        <time>2026-04-30T23:43:10.951Z</time>
      </trkpt>
      <trkpt lat="50.966820" lon="12.980249">
        <ele>293.651718</ele>
        <time>2026-04-30T23:43:20.311Z</time>
      </trkpt>
      <trkpt lat="50.966903" lon="12.980283">
        <ele>293.826111</ele>
        <time>2026-04-30T23:43:22.313Z</time>
      </trkpt>
      <trkpt lat="50.967058" lon="12.980248">
        <ele>294.144633</ele>
        <time>2026-04-30T23:43:26.336Z</time>
      </trkpt>
      <trkpt lat="50.967125" lon="12.980169">
        <ele>294.314417</ele>
        <time>2026-04-30T23:43:28.589Z</time>
      </trkpt>
      <trkpt lat="50.967261" lon="12.979837">
        <ele>294.821868</ele>
        <time>2026-04-30T23:43:35.353Z</time>
      </trkpt>
      <trkpt lat="50.967473" lon="12.979268">
        <ele>295.951349</ele>
        <time>2026-04-30T23:43:47.053Z</time>
      </trkpt>
      <trkpt lat="50.967538" lon="12.979146">
        <ele>296.284752</ele>
        <time>2026-04-30T23:43:49.894Z</time>
      </trkpt>
      <trkpt lat="50.967670" lon="12.978988">
        <ele>296.832379</ele>
        <time>2026-04-30T23:43:54.512Z</time>
      </trkpt>
      <trkpt lat="50.967813" lon="12.978865">
        <ele>297.371162</ele>
        <time>2026-04-30T23:43:58.911Z</time>
      </trkpt>
      <trkpt lat="50.968049" lon="12.978689">
        <ele>298.234937</ele>
        <time>2026-04-30T23:44:05.601Z</time>
      </trkpt>
      <trkpt lat="50.968243" lon="12.978475">
        <ele>299.017498</ele>
        <time>2026-04-30T23:44:11.228Z</time>
      </trkpt>
      <trkpt lat="50.968989" lon="12.977532">
        <ele>300.728636</ele>
        <time>2026-04-30T23:44:27.716Z</time>
      </trkpt>
      <trkpt lat="50.969670" lon="12.976651">
        <ele>299.417957</ele>
        <time>2026-04-30T23:44:36.195Z</time>
      </trkpt>
      <trkpt lat="50.970133" lon="12.975896">
        <ele>298.270203</ele>
        <time>2026-04-30T23:44:41.501Z</time>
      </trkpt>
      <trkpt lat="50.970369" lon="12.975420">
        <ele>296.355921</ele>
        <time>2026-04-30T23:44:44.401Z</time>
      </trkpt>
      <trkpt lat="50.971021" lon="12.974539">
        <ele>292.060306</ele>
        <time>2026-04-30T23:44:50.751Z</time>
      </trkpt>
      <trkpt lat="50.971613" lon="12.973770">
        <ele>288.645183</ele>
        <time>2026-04-30T23:44:56.438Z</time>
      </trkpt>
      <trkpt lat="50.972360" lon="12.972982">
        <ele>285.670612</ele>
        <time>2026-04-30T23:45:03.493Z</time>
      </trkpt>
      <trkpt lat="50.972472" lon="12.972876">
        <ele>285.238148</ele>
        <time>2026-04-30T23:45:04.595Z</time>
      </trkpt>
      <trkpt lat="50.972534" lon="12.972816">
        <ele>284.997324</ele>
        <time>2026-04-30T23:45:05.222Z</time>
      </trkpt>
      <trkpt lat="50.972715" lon="12.972530">
        <ele>284.150410</ele>
        <time>2026-04-30T23:45:07.460Z</time>
      </trkpt>
      <trkpt lat="50.972895" lon="12.972076">
        <ele>283.524964</ele>
        <time>2026-04-30T23:45:10.587Z</time>
      </trkpt>
      <trkpt lat="50.972719" lon="12.971741">
        <ele>283.566631</ele>
        <time>2026-04-30T23:45:13.347Z</time>
      </trkpt>
      <trkpt lat="50.972612" lon="12.971538">
        <ele>283.591914</ele>
        <time>2026-04-30T23:45:15.271Z</time>
      </trkpt>
      <trkpt lat="50.972402" lon="12.971073">
        <ele>283.646564</ele>
        <time>2026-04-30T23:45:20.160Z</time>
      </trkpt>
      <trkpt lat="50.972105" lon="12.970387">
        <ele>283.726072</ele>
        <time>2026-04-30T23:45:27.538Z</time>
      </trkpt>
      <trkpt lat="50.971979" lon="12.970095">
        <ele>283.759878</ele>
        <time>2026-04-30T23:45:30.927Z</time>
      </trkpt>
      <trkpt lat="50.971233" lon="12.968328">
        <ele>285.693392</ele>
        <time>2026-04-30T23:45:53.248Z</time>
      </trkpt>
      <trkpt lat="50.970824" lon="12.967378">
        <ele>286.841362</ele>
        <time>2026-04-30T23:46:06.094Z</time>
      </trkpt>
      <trkpt lat="50.970757" lon="12.967230">
        <ele>287.034915</ele>
        <time>2026-04-30T23:46:08.184Z</time>
      </trkpt>
      <trkpt lat="50.970512" lon="12.966711">
        <ele>287.723688</ele>
        <time>2026-04-30T23:46:15.242Z</time>
      </trkpt>
      <trkpt lat="50.969960" lon="12.966085">
        <ele>288.867501</ele>
        <time>2026-04-30T23:46:26.887Z</time>
      </trkpt>
      <trkpt lat="50.969462" lon="12.965526">
        <ele>289.837190</ele>
        <time>2026-04-30T23:46:37.411Z</time>
      </trkpt>
      <trkpt lat="50.969287" lon="12.965262">
        <ele>290.161565</ele>
        <time>2026-04-30T23:46:41.485Z</time>
      </trkpt>
      <trkpt lat="50.968925" lon="12.964575">
        <ele>290.919631</ele>
        <time>2026-04-30T23:46:50.556Z</time>
      </trkpt>
      <trkpt lat="50.968815" lon="12.964346">
        <ele>291.163370</ele>
        <time>2026-04-30T23:46:53.507Z</time>
      </trkpt>
      <trkpt lat="50.968670" lon="12.963986">
        <ele>291.525013</ele>
        <time>2026-04-30T23:46:58.027Z</time>
      </trkpt>
      <trkpt lat="50.968511" lon="12.963475">
        <ele>292.007368</ele>
        <time>2026-04-30T23:47:04.006Z</time>
      </trkpt>
      <trkpt lat="50.968402" lon="12.963040">
        <ele>291.989905</ele>
        <time>2026-04-30T23:47:08.268Z</time>
      </trkpt>
      <trkpt lat="50.968371" lon="12.962473">
        <ele>291.946702</ele>
        <time>2026-04-30T23:47:12.392Z</time>
      </trkpt>
      <trkpt lat="50.968309" lon="12.962127">
        <ele>291.919394</ele>
        <time>2026-04-30T23:47:14.659Z</time>
      </trkpt>
      <trkpt lat="50.968231" lon="12.961837">
        <ele>291.895457</ele>
        <time>2026-04-30T23:47:16.654Z</time>
      </trkpt>
      <trkpt lat="50.967806" lon="12.960699">
        <ele>291.901223</ele>
        <time>2026-04-30T23:47:25.488Z</time>
      </trkpt>
      <trkpt lat="50.967770" lon="12.960598">
        <ele>291.969581</ele>
        <time>2026-04-30T23:47:26.272Z</time>
      </trkpt>
      <trkpt lat="50.967580" lon="12.959899">
        <ele>292.418010</ele>
        <time>2026-04-30T23:47:31.591Z</time>
      </trkpt>
      <trkpt lat="50.967500" lon="12.959233">
        <ele>292.817361</ele>
        <time>2026-04-30T23:47:38.366Z</time>
      </trkpt>
      <trkpt lat="50.967500" lon="12.958799">
        <ele>293.072991</ele>
        <time>2026-04-30T23:47:43.464Z</time>
      </trkpt>
      <trkpt lat="50.967505" lon="12.958628">
        <ele>293.173820</ele>
        <time>2026-04-30T23:47:45.419Z</time>
      </trkpt>
      <trkpt lat="50.967570" lon="12.957968">
        <ele>293.649544</ele>
        <time>2026-04-30T23:47:52.962Z</time>
      </trkpt>
      <trkpt lat="50.967756" lon="12.958076">
        <ele>294.030374</ele>
        <time>2026-04-30T23:47:56.386Z</time>
      </trkpt>
      <trkpt lat="50.967911" lon="12.958335">
        <ele>294.463054</ele>
        <time>2026-04-30T23:48:00.367Z</time>
      </trkpt>
      <trkpt lat="50.967942" lon="12.958448">
        <ele>294.612316</ele>
        <time>2026-04-30T23:48:01.730Z</time>
      </trkpt>
      <trkpt lat="50.968014" lon="12.958745">
        <ele>294.997707</ele>
        <time>2026-04-30T23:48:05.479Z</time>
      </trkpt>
      <trkpt lat="50.968072" lon="12.958973">
        <ele>295.295486</ele>
        <time>2026-04-30T23:48:08.418Z</time>
      </trkpt>
      <trkpt lat="50.968201" lon="12.959116">
        <ele>295.598012</ele>
        <time>2026-04-30T23:48:11.332Z</time>
      </trkpt>
      <trkpt lat="50.968429" lon="12.959117">
        <ele>296.036446</ele>
        <time>2026-04-30T23:48:15.424Z</time>
      </trkpt>
      <trkpt lat="50.968539" lon="12.959052">
        <ele>296.262141</ele>
        <time>2026-04-30T23:48:17.444Z</time>
      </trkpt>
      <trkpt lat="50.968611" lon="12.958928">
        <ele>296.466389</ele>
        <time>2026-04-30T23:48:19.231Z</time>
      </trkpt>
      <trkpt lat="50.968907" lon="12.958166">
        <ele>297.489808</ele>
        <time>2026-04-30T23:48:29.408Z</time>
      </trkpt>
      <trkpt lat="50.969178" lon="12.957421">
        <ele>298.426582</ele>
        <time>2026-04-30T23:48:39.647Z</time>
      </trkpt>
      <trkpt lat="50.969393" lon="12.956838">
        <ele>299.162198</ele>
        <time>2026-04-30T23:48:47.448Z</time>
      </trkpt>
      <trkpt lat="50.969872" lon="12.955555">
        <ele>300.275531</ele>
        <time>2026-04-30T23:49:01.950Z</time>
      </trkpt>
      <trkpt lat="50.970077" lon="12.955079">
        <ele>300.463129</ele>
        <time>2026-04-30T23:49:06.339Z</time>
      </trkpt>
      <trkpt lat="50.970681" lon="12.953720">
        <ele>301.026564</ele>
        <time>2026-04-30T23:49:18.941Z</time>
      </trkpt>
      <trkpt lat="50.972020" lon="12.950288">
        <ele>303.763920</ele>
        <time>2026-04-30T23:50:00.128Z</time>
      </trkpt>
      <trkpt lat="50.972741" lon="12.948226">
        <ele>303.899140</ele>
        <time>2026-04-30T23:50:20.136Z</time>
      </trkpt>
      <trkpt lat="50.972899" lon="12.947774">
        <ele>303.405409</ele>
        <time>2026-04-30T23:50:23.383Z</time>
      </trkpt>
      <trkpt lat="50.973526" lon="12.944388">
        <ele>297.761592</ele>
        <time>2026-04-30T23:50:41.942Z</time>
      </trkpt>
      <trkpt lat="50.973807" lon="12.943296">
        <ele>295.173131</ele>
        <time>2026-04-30T23:50:47.594Z</time>
      </trkpt>
      <trkpt lat="50.974342" lon="12.941564">
        <ele>290.515670</ele>
        <time>2026-04-30T23:50:56.803Z</time>
      </trkpt>
      <trkpt lat="50.974462" lon="12.941194">
        <ele>289.510887</ele>
        <time>2026-04-30T23:50:58.943Z</time>
      </trkpt>
      <trkpt lat="50.975380" lon="12.938018">
        <ele>286.975100</ele>
        <time>2026-04-30T23:51:21.876Z</time>
      </trkpt>
      <trkpt lat="50.975809" lon="12.936213">
        <ele>285.712901</ele>
        <time>2026-04-30T23:51:33.042Z</time>
      </trkpt>
      <trkpt lat="50.975957" lon="12.935777">
        <ele>285.388851</ele>
        <time>2026-04-30T23:51:36.089Z</time>
      </trkpt>
      <trkpt lat="50.976055" lon="12.935432">
        <ele>285.582960</ele>
        <time>2026-04-30T23:51:38.641Z</time>
      </trkpt>
      <trkpt lat="50.976488" lon="12.933985">
        <ele>286.728087</ele>
        <time>2026-04-30T23:51:54.144Z</time>
      </trkpt>
      <trkpt lat="50.976610" lon="12.933653">
        <ele>287.002845</ele>
        <time>2026-04-30T23:51:58.885Z</time>
      </trkpt>
      <trkpt lat="50.977159" lon="12.932736">
        <ele>287.911148</ele>
        <time>2026-04-30T23:52:14.441Z</time>
      </trkpt>
      <trkpt lat="50.977666" lon="12.931436">
        <ele>289.012378</ele>
        <time>2026-04-30T23:52:30.156Z</time>
      </trkpt>
      <trkpt lat="50.978298" lon="12.929655">
        <ele>288.506946</ele>
        <time>2026-04-30T23:52:43.565Z</time>
      </trkpt>
      <trkpt lat="50.979381" lon="12.930369">
        <ele>287.081230</ele>
        <time>2026-04-30T23:52:54.182Z</time>
      </trkpt>
      <trkpt lat="50.979869" lon="12.930665">
        <ele>286.158657</ele>
        <time>2026-04-30T23:52:58.861Z</time>
      </trkpt>
      <trkpt lat="50.980671" lon="12.931101">
        <ele>284.661562</ele>
        <time>2026-04-30T23:53:06.503Z</time>
      </trkpt>
      <trkpt lat="50.980864" lon="12.931228">
        <ele>284.262430</ele>
        <time>2026-04-30T23:53:08.382Z</time>
      </trkpt>
      <trkpt lat="50.980964" lon="12.931347">
        <ele>283.976343</ele>
        <time>2026-04-30T23:53:09.492Z</time>
      </trkpt>
      <trkpt lat="50.981050" lon="12.931509">
        <ele>283.670890</ele>
        <time>2026-04-30T23:53:10.669Z</time>
      </trkpt>
      <trkpt lat="50.981451" lon="12.932634">
        <ele>281.807380</ele>
        <time>2026-04-30T23:53:17.645Z</time>
      </trkpt>
      <trkpt lat="50.981658" lon="12.933246">
        <ele>280.805960</ele>
        <time>2026-04-30T23:53:21.372Z</time>
      </trkpt>
      <trkpt lat="50.981784" lon="12.933639">
        <ele>280.191447</ele>
        <time>2026-04-30T23:53:23.703Z</time>
      </trkpt>
      <trkpt lat="50.982396" lon="12.933256">
        <ele>278.986501</ele>
        <time>2026-04-30T23:53:29.157Z</time>
      </trkpt>
      <trkpt lat="50.982784" lon="12.932710">
        <ele>278.036956</ele>
        <time>2026-04-30T23:53:33.670Z</time>
      </trkpt>
      <trkpt lat="50.982882" lon="12.932608">
        <ele>277.822332</ele>
        <time>2026-04-30T23:53:34.780Z</time>
      </trkpt>
      <trkpt lat="50.982913" lon="12.932581">
        <ele>277.757570</ele>
        <time>2026-04-30T23:53:35.113Z</time>
      </trkpt>
      <trkpt lat="50.983354" lon="12.932375">
        <ele>276.971906</ele>
        <time>2026-04-30T23:53:39.718Z</time>
      </trkpt>
      <trkpt lat="50.983393" lon="12.932357">
        <ele>276.961080</ele>
        <time>2026-04-30T23:53:40.148Z</time>
      </trkpt>
      <trkpt lat="50.984224" lon="12.931749">
        <ele>276.717188</ele>
        <time>2026-04-30T23:53:51.459Z</time>
      </trkpt>
      <trkpt lat="50.984272" lon="12.931715">
        <ele>276.703178</ele>
        <time>2026-04-30T23:53:52.151Z</time>
      </trkpt>
      <trkpt lat="50.984439" lon="12.931573">
        <ele>276.652684</ele>
        <time>2026-04-30T23:53:54.716Z</time>
      </trkpt>
      <trkpt lat="50.984718" lon="12.931236">
        <ele>276.559250</ele>
        <time>2026-04-30T23:53:59.096Z</time>
      </trkpt>
      <trkpt lat="50.985393" lon="12.930408">
        <ele>275.528586</ele>
        <time>2026-04-30T23:54:07.138Z</time>
      </trkpt>
      <trkpt lat="50.985529" lon="12.930258">
        <ele>275.276047</ele>
        <time>2026-04-30T23:54:08.605Z</time>
      </trkpt>
      <trkpt lat="50.985732" lon="12.930136">
        <ele>274.944994</ele>
        <time>2026-04-30T23:54:10.486Z</time>
      </trkpt>
      <trkpt lat="50.986186" lon="12.929953">
        <ele>274.230566</ele>
        <time>2026-04-30T23:54:14.646Z</time>
      </trkpt>
      <trkpt lat="50.986224" lon="12.929938">
        <ele>274.170842</ele>
        <time>2026-04-30T23:54:14.992Z</time>
      </trkpt>
      <trkpt lat="50.986807" lon="12.929672">
        <ele>273.366534</ele>
        <time>2026-04-30T23:54:20.390Z</time>
      </trkpt>
      <trkpt lat="50.986946" lon="12.929555">
        <ele>273.183144</ele>
        <time>2026-04-30T23:54:21.883Z</time>
      </trkpt>
      <trkpt lat="50.987094" lon="12.929347">
        <ele>272.952773</ele>
        <time>2026-04-30T23:54:23.818Z</time>
      </trkpt>
      <trkpt lat="50.987328" lon="12.928984">
        <ele>272.571478</ele>
        <time>2026-04-30T23:54:27.090Z</time>
      </trkpt>
      <trkpt lat="50.987351" lon="12.928949">
        <ele>272.534347</ele>
        <time>2026-04-30T23:54:27.384Z</time>
      </trkpt>
      <trkpt lat="50.987595" lon="12.928402">
        <ele>272.042353</ele>
        <time>2026-04-30T23:54:31.556Z</time>
      </trkpt>
      <trkpt lat="50.987752" lon="12.928030">
        <ele>271.713677</ele>
        <time>2026-04-30T23:54:34.282Z</time>
      </trkpt>
      <trkpt lat="50.987867" lon="12.927733">
        <ele>271.513592</ele>
        <time>2026-04-30T23:54:36.398Z</time>
      </trkpt>
      <trkpt lat="50.987952" lon="12.927506">
        <ele>271.372805</ele>
        <time>2026-04-30T23:54:38.204Z</time>
      </trkpt>
      <trkpt lat="50.988008" lon="12.927323">
        <ele>271.264346</ele>
        <time>2026-04-30T23:54:39.687Z</time>
      </trkpt>
      <trkpt lat="50.988125" lon="12.926930">
        <ele>271.032619</ele>
        <time>2026-04-30T23:54:42.683Z</time>
      </trkpt>
      <trkpt lat="50.988351" lon="12.926248">
        <ele>270.621801</ele>
        <time>2026-04-30T23:54:47.634Z</time>
      </trkpt>
      <trkpt lat="50.988422" lon="12.926039">
        <ele>270.495211</ele>
        <time>2026-04-30T23:54:49.101Z</time>
      </trkpt>
      <trkpt lat="50.988546" lon="12.925599">
        <ele>270.238249</ele>
        <time>2026-04-30T23:54:52.016Z</time>
      </trkpt>
      <trkpt lat="50.988779" lon="12.924546">
        <ele>269.178820</ele>
        <time>2026-04-30T23:54:58.533Z</time>
      </trkpt>
      <trkpt lat="50.988908" lon="12.923545">
        <ele>268.123514</ele>
        <time>2026-04-30T23:55:04.094Z</time>
      </trkpt>
      <trkpt lat="50.988961" lon="12.923150">
        <ele>267.706382</ele>
        <time>2026-04-30T23:55:06.371Z</time>
      </trkpt>
      <trkpt lat="50.988995" lon="12.922842">
        <ele>267.383416</ele>
        <time>2026-04-30T23:55:08.177Z</time>
      </trkpt>
      <trkpt lat="50.989005" lon="12.922748">
        <ele>267.284954</ele>
        <time>2026-04-30T23:55:08.737Z</time>
      </trkpt>
      <trkpt lat="50.989038" lon="12.922482">
        <ele>267.131037</ele>
        <time>2026-04-30T23:55:10.349Z</time>
      </trkpt>
      <trkpt lat="50.989028" lon="12.922047">
        <ele>266.992037</ele>
        <time>2026-04-30T23:55:13.012Z</time>
      </trkpt>
      <trkpt lat="50.988939" lon="12.921736">
        <ele>266.882944</ele>
        <time>2026-04-30T23:55:15.147Z</time>
      </trkpt>
      <trkpt lat="50.988837" lon="12.921508">
        <ele>266.793623</ele>
        <time>2026-04-30T23:55:16.945Z</time>
      </trkpt>
      <trkpt lat="50.988485" lon="12.920823">
        <ele>266.511249</ele>
        <time>2026-04-30T23:55:23.180Z</time>
      </trkpt>
      <trkpt lat="50.988331" lon="12.920510">
        <ele>266.384389</ele>
        <time>2026-04-30T23:55:26.081Z</time>
      </trkpt>
      <trkpt lat="50.988180" lon="12.920178">
        <ele>266.285888</ele>
        <time>2026-04-30T23:55:29.292Z</time>
      </trkpt>
      <trkpt lat="50.987690" lon="12.918916">
        <ele>266.525840</ele>
        <time>2026-04-30T23:55:41.352Z</time>
      </trkpt>
      <trkpt lat="50.987567" lon="12.918531">
        <ele>266.595709</ele>
        <time>2026-04-30T23:55:44.956Z</time>
      </trkpt>
      <trkpt lat="50.987546" lon="12.918281">
        <ele>266.636525</ele>
        <time>2026-04-30T23:55:47.098Z</time>
      </trkpt>
      <trkpt lat="50.987568" lon="12.918090">
        <ele>266.667948</ele>
        <time>2026-04-30T23:55:48.816Z</time>
      </trkpt>
      <trkpt lat="50.987667" lon="12.917815">
        <ele>266.719215</ele>
        <time>2026-04-30T23:55:51.525Z</time>
      </trkpt>
      <trkpt lat="50.987807" lon="12.917618">
        <ele>266.580863</ele>
        <time>2026-04-30T23:55:53.956Z</time>
      </trkpt>
      <trkpt lat="50.988014" lon="12.917318">
        <ele>266.203341</ele>
        <time>2026-04-30T23:55:57.443Z</time>
      </trkpt>
      <trkpt lat="50.988371" lon="12.916663">
        <ele>265.468521</ele>
        <time>2026-04-30T23:56:02.490Z</time>
      </trkpt>
      <trkpt lat="50.988622" lon="12.916218">
        <ele>264.961761</ele>
        <time>2026-04-30T23:56:05.864Z</time>
      </trkpt>
      <trkpt lat="50.988714" lon="12.916052">
        <ele>264.774183</ele>
        <time>2026-04-30T23:56:07.112Z</time>
      </trkpt>
      <trkpt lat="50.989162" lon="12.915213">
        <ele>263.593944</ele>
        <time>2026-04-30T23:56:12.920Z</time>
      </trkpt>
      <trkpt lat="50.989351" lon="12.915019">
        <ele>263.132343</ele>
        <time>2026-04-30T23:56:14.766Z</time>
      </trkpt>
      <trkpt lat="50.989538" lon="12.914862">
        <ele>262.698458</ele>
        <time>2026-04-30T23:56:16.507Z</time>
      </trkpt>
      <trkpt lat="50.989619" lon="12.914794">
        <ele>262.510521</ele>
        <time>2026-04-30T23:56:17.265Z</time>
      </trkpt>
      <trkpt lat="50.989824" lon="12.914601">
        <ele>262.021688</ele>
        <time>2026-04-30T23:56:19.297Z</time>
      </trkpt>
      <trkpt lat="50.989899" lon="12.914522">
        <ele>261.837088</ele>
        <time>2026-04-30T23:56:20.084Z</time>
      </trkpt>
      <trkpt lat="50.990391" lon="12.913763">
        <ele>260.557895</ele>
        <time>2026-04-30T23:56:26.615Z</time>
      </trkpt>
      <trkpt lat="50.990712" lon="12.912769">
        <ele>260.064095</ele>
        <time>2026-04-30T23:56:33.803Z</time>
      </trkpt>
      <trkpt lat="50.990800" lon="12.912566">
        <ele>259.955149</ele>
        <time>2026-04-30T23:56:35.429Z</time>
      </trkpt>
      <trkpt lat="50.991075" lon="12.912135">
        <ele>259.683890</ele>
        <time>2026-04-30T23:56:39.823Z</time>
      </trkpt>
      <trkpt lat="50.991071" lon="12.912049">
        <ele>259.645775</ele>
        <time>2026-04-30T23:56:40.391Z</time>
      </trkpt>
      <trkpt lat="50.991064" lon="12.911904">
        <ele>259.581497</ele>
        <time>2026-04-30T23:56:41.387Z</time>
      </trkpt>
      <trkpt lat="50.991067" lon="12.911878">
        <ele>259.569813</ele>
        <time>2026-04-30T23:56:41.562Z</time>
      </trkpt>
      <trkpt lat="50.991100" lon="12.911736">
        <ele>259.502908</ele>
        <time>2026-04-30T23:56:42.567Z</time>
      </trkpt>
      <trkpt lat="50.991298" lon="12.911412">
        <ele>259.261212</ele>
        <time>2026-04-30T23:56:45.502Z</time>
      </trkpt>
      <trkpt lat="50.991529" lon="12.911056">
        <ele>258.871191</ele>
        <time>2026-04-30T23:56:48.689Z</time>
      </trkpt>
      <trkpt lat="50.991633" lon="12.910989">
        <ele>258.735185</ele>
        <time>2026-04-30T23:56:49.754Z</time>
      </trkpt>
      <trkpt lat="50.991818" lon="12.910971">
        <ele>258.510564</ele>
        <time>2026-04-30T23:56:51.501Z</time>
      </trkpt>
      <trkpt lat="50.992132" lon="12.911130">
        <ele>258.111167</ele>
        <time>2026-04-30T23:56:54.563Z</time>
      </trkpt>
      <trkpt lat="50.992407" lon="12.911265">
        <ele>257.762348</ele>
        <time>2026-04-30T23:56:57.364Z</time>
      </trkpt>
      <trkpt lat="50.992885" lon="12.911373">
        <ele>257.177179</ele>
        <time>2026-04-30T23:57:01.715Z</time>
      </trkpt>
      <trkpt lat="50.993116" lon="12.911415">
        <ele>256.891925</ele>
        <time>2026-04-30T23:57:03.818Z</time>
      </trkpt>
      <trkpt lat="50.993236" lon="12.911537">
        <ele>256.717139</ele>
        <time>2026-04-30T23:57:05.107Z</time>
      </trkpt>
      <trkpt lat="50.993321" lon="12.911734">
        <ele>256.532703</ele>
        <time>2026-04-30T23:57:06.463Z</time>
      </trkpt>
      <trkpt lat="50.994283" lon="12.910590">
        <ele>255.058477</ele>
        <time>2026-04-30T23:57:17.997Z</time>
      </trkpt>
      <trkpt lat="50.995010" lon="12.909787">
        <ele>254.444574</ele>
        <time>2026-04-30T23:57:27.191Z</time>
      </trkpt>
      <trkpt lat="50.995058" lon="12.909734">
        <ele>254.406647</ele>
        <time>2026-04-30T23:57:27.798Z</time>
      </trkpt>
      <trkpt lat="50.995569" lon="12.909170">
        <ele>254.002935</ele>
        <time>2026-04-30T23:57:34.426Z</time>
      </trkpt>
      <trkpt lat="50.995722" lon="12.909050">
        <ele>253.892224</ele>
        <time>2026-04-30T23:57:36.211Z</time>
      </trkpt>
      <trkpt lat="50.996225" lon="12.908683">
        <ele>253.574493</ele>
        <time>2026-04-30T23:57:41.891Z</time>
      </trkpt>
      <trkpt lat="50.996618" lon="12.908251">
        <ele>253.311156</ele>
        <time>2026-04-30T23:57:46.754Z</time>
      </trkpt>
      <trkpt lat="50.996907" lon="12.907873">
        <ele>253.104886</ele>
        <time>2026-04-30T23:57:50.619Z</time>
      </trkpt>
      <trkpt lat="50.996946" lon="12.907823">
        <ele>253.077272</ele>
        <time>2026-04-30T23:57:51.144Z</time>
      </trkpt>
      <trkpt lat="50.996985" lon="12.907772">
        <ele>253.049438</ele>
        <time>2026-04-30T23:57:51.671Z</time>
      </trkpt>
      <trkpt lat="50.997061" lon="12.907581">
        <ele>252.971069</ele>
        <time>2026-04-30T23:57:53.202Z</time>
      </trkpt>
      <trkpt lat="50.997206" lon="12.907158">
        <ele>252.814845</ele>
        <time>2026-04-30T23:57:56.536Z</time>
      </trkpt>
      <trkpt lat="50.997398" lon="12.906428">
        <ele>252.775521</ele>
        <time>2026-04-30T23:58:02.176Z</time>
      </trkpt>
      <trkpt lat="50.997538" lon="12.906004">
        <ele>252.751724</ele>
        <time>2026-04-30T23:58:05.740Z</time>
      </trkpt>
      <trkpt lat="50.997568" lon="12.905932">
        <ele>252.747432</ele>
        <time>2026-04-30T23:58:06.429Z</time>
      </trkpt>
      <trkpt lat="50.997799" lon="12.905426">
        <ele>252.716363</ele>
        <time>2026-04-30T23:58:11.291Z</time>
      </trkpt>
      <trkpt lat="50.997878" lon="12.905197">
        <ele>252.703384</ele>
        <time>2026-04-30T23:58:13.312Z</time>
      </trkpt>
      <trkpt lat="50.998077" lon="12.904350">
        <ele>252.560263</ele>
        <time>2026-04-30T23:58:20.113Z</time>
      </trkpt>
      <trkpt lat="50.998240" lon="12.903865">
        <ele>252.366930</ele>
        <time>2026-04-30T23:58:23.884Z</time>
      </trkpt>
      <trkpt lat="50.998598" lon="12.903062">
        <ele>252.020906</ele>
        <time>2026-04-30T23:58:30.231Z</time>
      </trkpt>
      <trkpt lat="50.998981" lon="12.902427">
        <ele>251.711640</ele>
        <time>2026-04-30T23:58:35.639Z</time>
      </trkpt>
      <trkpt lat="50.999671" lon="12.901404">
        <ele>251.164639</ele>
        <time>2026-04-30T23:58:45.297Z</time>
      </trkpt>
      <trkpt lat="50.999942" lon="12.900999">
        <ele>250.948329</ele>
        <time>2026-04-30T23:58:49.429Z</time>
      </trkpt>
      <trkpt lat="51.000144" lon="12.900608">
        <ele>250.763224</ele>
        <time>2026-04-30T23:58:52.960Z</time>
      </trkpt>
      <trkpt lat="51.000175" lon="12.900439">
        <ele>250.698811</ele>
        <time>2026-04-30T23:58:54.164Z</time>
      </trkpt>
      <trkpt lat="51.000200" lon="12.900003">
        <ele>250.515554</ele>
        <time>2026-04-30T23:58:57.078Z</time>
      </trkpt>
      <trkpt lat="51.000377" lon="12.900070">
        <ele>250.381147</ele>
        <time>2026-04-30T23:59:13.001Z</time>
      </trkpt>
      <trkpt lat="51.000200" lon="12.900003">
        <ele>250.246740</ele>
        <time>2026-04-30T23:59:28.741Z</time>
      </trkpt>
      <trkpt lat="51.000193" lon="12.899762">
        <ele>250.134586</ele>
        <time>2026-04-30T23:59:30.217Z</time>
      </trkpt>
      <trkpt lat="51.000185" lon="12.899607">
        <ele>250.062289</ele>
        <time>2026-04-30T23:59:31.161Z</time>
      </trkpt>
      <trkpt lat="51.000107" lon="12.898402">
        <ele>249.499161</ele>
        <time>2026-04-30T23:59:38.738Z</time>
      </trkpt>
      <trkpt lat="51.000112" lon="12.898209">
        <ele>249.409365</ele>
        <time>2026-04-30T23:59:39.964Z</time>
      </trkpt>
      <trkpt lat="51.000222" lon="12.897653">
        <ele>249.232447</ele>
        <time>2026-04-30T23:59:43.775Z</time>
      </trkpt>
      <trkpt lat="51.000236" lon="12.897393">
        <ele>249.183876</ele>
        <time>2026-04-30T23:59:45.558Z</time>
      </trkpt>
      <trkpt lat="51.000182" lon="12.894253">
        <ele>248.463900</ele>
        <time>2026-05-01T00:00:08.060Z</time>
      </trkpt>
      <trkpt lat="51.000226" lon="12.893650">
        <ele>248.257717</ele>
        <time>2026-05-01T00:00:11.972Z</time>
      </trkpt>
      <trkpt lat="51.000310" lon="12.893170">
        <ele>248.088499</ele>
        <time>2026-05-01T00:00:15.156Z</time>
      </trkpt>
      <trkpt lat="51.000379" lon="12.892854">
        <ele>247.974892</ele>
        <time>2026-05-01T00:00:17.284Z</time>
      </trkpt>
      <trkpt lat="51.000481" lon="12.892627">
        <ele>247.880155</ele>
        <time>2026-05-01T00:00:19.057Z</time>
      </trkpt>
      <trkpt lat="51.000817" lon="12.892048">
        <ele>247.540017</ele>
        <time>2026-05-01T00:00:24.125Z</time>
      </trkpt>
      <trkpt lat="51.000982" lon="12.891644">
        <ele>247.310374</ele>
        <time>2026-05-01T00:00:27.217Z</time>
      </trkpt>
      <trkpt lat="51.001199" lon="12.890910">
        <ele>246.923699</ele>
        <time>2026-05-01T00:00:32.412Z</time>
      </trkpt>
      <trkpt lat="51.001268" lon="12.890343">
        <ele>246.648340</ele>
        <time>2026-05-01T00:00:36.072Z</time>
      </trkpt>
      <trkpt lat="51.001283" lon="12.890004">
        <ele>246.486302</ele>
        <time>2026-05-01T00:00:38.210Z</time>
      </trkpt>
      <trkpt lat="51.001343" lon="12.889769">
        <ele>246.370358</ele>
        <time>2026-05-01T00:00:39.804Z</time>
      </trkpt>
      <trkpt lat="51.001438" lon="12.889573">
        <ele>246.261524</ele>
        <time>2026-05-01T00:00:41.350Z</time>
      </trkpt>
      <trkpt lat="51.002260" lon="12.888447">
        <ele>245.502867</ele>
        <time>2026-05-01T00:00:52.192Z</time>
      </trkpt>
      <trkpt lat="51.002523" lon="12.888011">
        <ele>245.237181</ele>
        <time>2026-05-01T00:00:56.260Z</time>
      </trkpt>
      <trkpt lat="51.002618" lon="12.887803">
        <ele>245.188711</ele>
        <time>2026-05-01T00:00:58.012Z</time>
      </trkpt>
      <trkpt lat="51.002734" lon="12.887459">
        <ele>245.246945</ele>
        <time>2026-05-01T00:01:00.717Z</time>
      </trkpt>
      <trkpt lat="51.002916" lon="12.886711">
        <ele>245.366608</ele>
        <time>2026-05-01T00:01:06.752Z</time>
      </trkpt>
      <trkpt lat="51.002966" lon="12.886487">
        <ele>245.402071</ele>
        <time>2026-05-01T00:01:08.721Z</time>
      </trkpt>
      <trkpt lat="51.003009" lon="12.885990">
        <ele>245.476927</ele>
        <time>2026-05-01T00:01:13.165Z</time>
      </trkpt>
      <trkpt lat="51.003005" lon="12.885157">
        <ele>245.596245</ele>
        <time>2026-05-01T00:01:20.804Z</time>
      </trkpt>
      <trkpt lat="51.002975" lon="12.884597">
        <ele>245.505303</ele>
        <time>2026-05-01T00:01:25.539Z</time>
      </trkpt>
      <trkpt lat="51.002919" lon="12.884179">
        <ele>245.436151</ele>
        <time>2026-05-01T00:01:28.618Z</time>
      </trkpt>
      <trkpt lat="51.002793" lon="12.883600">
        <ele>245.337018</ele>
        <time>2026-05-01T00:01:32.695Z</time>
      </trkpt>
      <trkpt lat="51.002725" lon="12.883144">
        <ele>245.261189</ele>
        <time>2026-05-01T00:01:35.721Z</time>
      </trkpt>
      <trkpt lat="51.002806" lon="12.882451">
        <ele>245.147135</ele>
        <time>2026-05-01T00:01:40.197Z</time>
      </trkpt>
      <trkpt lat="51.002877" lon="12.881953">
        <ele>245.287782</ele>
        <time>2026-05-01T00:01:43.496Z</time>
      </trkpt>
      <trkpt lat="51.002920" lon="12.881418">
        <ele>245.471788</ele>
        <time>2026-05-01T00:01:47.078Z</time>
      </trkpt>
      <trkpt lat="51.002925" lon="12.881015">
        <ele>245.609305</ele>
        <time>2026-05-01T00:01:50.039Z</time>
      </trkpt>
      <trkpt lat="51.002904" lon="12.880574">
        <ele>245.760189</ele>
        <time>2026-05-01T00:01:54.229Z</time>
      </trkpt>
      <trkpt lat="51.002858" lon="12.880287">
        <ele>245.861229</ele>
        <time>2026-05-01T00:01:57.467Z</time>
      </trkpt>
      <trkpt lat="51.002668" lon="12.879452">
        <ele>246.115541</ele>
        <time>2026-05-01T00:02:08.031Z</time>
      </trkpt>
      <trkpt lat="51.002318" lon="12.878203">
        <ele>246.151539</ele>
        <time>2026-05-01T00:02:20.777Z</time>
      </trkpt>
      <trkpt lat="51.002113" lon="12.877483">
        <ele>246.172346</ele>
        <time>2026-05-01T00:02:25.992Z</time>
      </trkpt>
      <trkpt lat="51.001872" lon="12.876503">
        <ele>245.639148</ele>
        <time>2026-05-01T00:02:31.781Z</time>
      </trkpt>
      <trkpt lat="51.001904" lon="12.875703">
        <ele>244.771438</ele>
        <time>2026-05-01T00:02:36.133Z</time>
      </trkpt>
      <trkpt lat="51.001901" lon="12.875470">
        <ele>244.519174</ele>
        <time>2026-05-01T00:02:37.472Z</time>
      </trkpt>
      <trkpt lat="51.001864" lon="12.875265">
        <ele>244.288325</ele>
        <time>2026-05-01T00:02:38.703Z</time>
      </trkpt>
      <trkpt lat="51.001827" lon="12.875109">
        <ele>244.107867</ele>
        <time>2026-05-01T00:02:39.656Z</time>
      </trkpt>
      <trkpt lat="51.001668" lon="12.874682">
        <ele>243.570803</ele>
        <time>2026-05-01T00:02:42.472Z</time>
      </trkpt>
      <trkpt lat="51.001382" lon="12.874050">
        <ele>242.801154</ele>
        <time>2026-05-01T00:02:47.058Z</time>
      </trkpt>
      <trkpt lat="51.001303" lon="12.873813">
        <ele>242.568938</ele>
        <time>2026-05-01T00:02:48.681Z</time>
      </trkpt>
      <trkpt lat="51.001289" lon="12.873680">
        <ele>242.452180</ele>
        <time>2026-05-01T00:02:49.487Z</time>
      </trkpt>
      <trkpt lat="51.001284" lon="12.873363">
        <ele>242.177619</ele>
        <time>2026-05-01T00:02:51.382Z</time>
      </trkpt>
      <trkpt lat="51.001343" lon="12.872951">
        <ele>241.811770</ele>
        <time>2026-05-01T00:02:53.863Z</time>
      </trkpt>
      <trkpt lat="51.001428" lon="12.872666">
        <ele>241.538692</ele>
        <time>2026-05-01T00:02:55.684Z</time>
      </trkpt>
      <trkpt lat="51.001697" lon="12.871982">
        <ele>240.840315</ele>
        <time>2026-05-01T00:03:00.250Z</time>
      </trkpt>
      <trkpt lat="51.002164" lon="12.870100">
        <ele>239.481792</ele>
        <time>2026-05-01T00:03:12.783Z</time>
      </trkpt>
      <trkpt lat="51.002208" lon="12.869606">
        <ele>239.160834</ele>
        <time>2026-05-01T00:03:15.879Z</time>
      </trkpt>
      <trkpt lat="51.002177" lon="12.868757">
        <ele>238.765166</ele>
        <time>2026-05-01T00:03:21.119Z</time>
      </trkpt>
      <trkpt lat="51.002209" lon="12.868203">
        <ele>238.734299</ele>
        <time>2026-05-01T00:03:24.513Z</time>
      </trkpt>
      <trkpt lat="51.002259" lon="12.867791">
        <ele>238.711019</ele>
        <time>2026-05-01T00:03:27.271Z</time>
      </trkpt>
      <trkpt lat="51.002353" lon="12.867312">
        <ele>238.683181</ele>
        <time>2026-05-01T00:03:31.024Z</time>
      </trkpt>
      <trkpt lat="51.002175" lon="12.867061">
        <ele>238.662199</ele>
        <time>2026-05-01T00:03:33.966Z</time>
      </trkpt>
      <trkpt lat="51.002065" lon="12.866997">
        <ele>238.651871</ele>
        <time>2026-05-01T00:03:35.439Z</time>
      </trkpt>
      <trkpt lat="51.001708" lon="12.866945">
        <ele>238.634646</ele>
        <time>2026-05-01T00:03:40.326Z</time>
      </trkpt>
      <trkpt lat="51.001551" lon="12.866913">
        <ele>238.948224</ele>
        <time>2026-05-01T00:03:42.792Z</time>
      </trkpt>
      <trkpt lat="51.001312" lon="12.866812">
        <ele>239.438159</ele>
        <time>2026-05-01T00:03:46.917Z</time>
      </trkpt>
      <trkpt lat="51.000947" lon="12.866538">
        <ele>240.237879</ele>
        <time>2026-05-01T00:03:54.565Z</time>
      </trkpt>
      <trkpt lat="51.000710" lon="12.866411">
        <ele>240.733373</ele>
        <time>2026-05-01T00:03:59.656Z</time>
      </trkpt>
      <trkpt lat="50.999859" lon="12.866005">
        <ele>242.670592</ele>
        <time>2026-05-01T00:04:16.677Z</time>
      </trkpt>
      <trkpt lat="50.999788" lon="12.865971">
        <ele>242.901502</ele>
        <time>2026-05-01T00:04:18.208Z</time>
      </trkpt>
      <trkpt lat="50.999769" lon="12.865961">
        <ele>242.963828</ele>
        <time>2026-05-01T00:04:18.624Z</time>
      </trkpt>
      <trkpt lat="50.999186" lon="12.865676">
        <ele>244.863212</ele>
        <time>2026-05-01T00:04:30.728Z</time>
      </trkpt>
      <trkpt lat="50.998697" lon="12.865446">
        <ele>246.451228</ele>
        <time>2026-05-01T00:04:41.140Z</time>
      </trkpt>
      <trkpt lat="50.998540" lon="12.865448">
        <ele>246.940129</ele>
        <time>2026-05-01T00:04:44.921Z</time>
      </trkpt>
      <trkpt lat="50.998547" lon="12.865318">
        <ele>247.195822</ele>
        <time>2026-05-01T00:04:47.090Z</time>
      </trkpt>
      <trkpt lat="50.998553" lon="12.865188">
        <ele>247.451269</ele>
        <time>2026-05-01T00:04:49.203Z</time>
      </trkpt>
      <trkpt lat="50.998684" lon="12.864776">
        <ele>248.744460</ele>
        <time>2026-05-01T00:04:57.338Z</time>
      </trkpt>
      <trkpt lat="50.998863" lon="12.863849">
        <ele>251.938103</ele>
        <time>2026-05-01T00:05:15.066Z</time>
      </trkpt>
      <trkpt lat="50.998940" lon="12.863375">
        <ele>253.550432</ele>
        <time>2026-05-01T00:05:24.233Z</time>
      </trkpt>
      <trkpt lat="50.999040" lon="12.862621">
        <ele>256.088335</ele>
        <time>2026-05-01T00:05:39.643Z</time>
      </trkpt>
      <trkpt lat="50.999117" lon="12.861833">
        <ele>258.223589</ele>
        <time>2026-05-01T00:05:53.848Z</time>
      </trkpt>
      <trkpt lat="50.999251" lon="12.859695">
        <ele>263.008408</ele>
        <time>2026-05-01T00:06:24.813Z</time>
      </trkpt>
      <trkpt lat="50.999263" lon="12.859208">
        <ele>263.633707</ele>
        <time>2026-05-01T00:06:30.331Z</time>
      </trkpt>
      <trkpt lat="50.999231" lon="12.858213">
        <ele>263.930092</ele>
        <time>2026-05-01T00:06:39.631Z</time>
      </trkpt>
      <trkpt lat="50.999137" lon="12.857073">
        <ele>264.272126</ele>
        <time>2026-05-01T00:06:47.725Z</time>
      </trkpt>
      <trkpt lat="50.999026" lon="12.856389">
        <ele>264.240891</ele>
        <time>2026-05-01T00:06:52.386Z</time>
      </trkpt>
      <trkpt lat="50.998655" lon="12.855066">
        <ele>263.170249</ele>
        <time>2026-05-01T00:07:01.372Z</time>
      </trkpt>
      <trkpt lat="50.998455" lon="12.854432">
        <ele>262.646020</ele>
        <time>2026-05-01T00:07:05.588Z</time>
      </trkpt>
      <trkpt lat="50.998121" lon="12.853148">
        <ele>260.888358</ele>
        <time>2026-05-01T00:07:13.261Z</time>
      </trkpt>
      <trkpt lat="50.997288" lon="12.849418">
        <ele>255.076166</ele>
        <time>2026-05-01T00:07:34.051Z</time>
      </trkpt>
      <trkpt lat="50.997038" lon="12.848094">
        <ele>253.545273</ele>
        <time>2026-05-01T00:07:42.146Z</time>
      </trkpt>
      <trkpt lat="50.996925" lon="12.847517">
        <ele>253.153954</ele>
        <time>2026-05-01T00:07:46.135Z</time>
      </trkpt>
      <trkpt lat="50.996824" lon="12.846781">
        <ele>252.666145</ele>
        <time>2026-05-01T00:07:51.388Z</time>
      </trkpt>
      <trkpt lat="50.996679" lon="12.845696">
        <ele>251.770759</ele>
        <time>2026-05-01T00:07:58.165Z</time>
      </trkpt>
      <trkpt lat="50.996547" lon="12.844995">
        <ele>250.460819</ele>
        <time>2026-05-01T00:08:02.123Z</time>
      </trkpt>
      <trkpt lat="50.996516" lon="12.844627">
        <ele>249.796127</ele>
        <time>2026-05-01T00:08:04.064Z</time>
      </trkpt>
      <trkpt lat="50.996576" lon="12.844368">
        <ele>249.302035</ele>
        <time>2026-05-01T00:08:05.480Z</time>
      </trkpt>
      <trkpt lat="50.997368" lon="12.843485">
        <ele>246.750550</ele>
        <time>2026-05-01T00:08:13.085Z</time>
      </trkpt>
      <trkpt lat="50.997751" lon="12.842854">
        <ele>246.005516</ele>
        <time>2026-05-01T00:08:17.659Z</time>
      </trkpt>
      <trkpt lat="50.997807" lon="12.842723">
        <ele>245.870930</ele>
        <time>2026-05-01T00:08:18.535Z</time>
      </trkpt>
      <trkpt lat="50.997832" lon="12.842570">
        <ele>245.736590</ele>
        <time>2026-05-01T00:08:19.437Z</time>
      </trkpt>
      <trkpt lat="50.997816" lon="12.842437">
        <ele>245.621512</ele>
        <time>2026-05-01T00:08:20.226Z</time>
      </trkpt>
      <trkpt lat="50.997653" lon="12.841857">
        <ele>245.081677</ele>
        <time>2026-05-01T00:08:24.126Z</time>
      </trkpt>
      <trkpt lat="50.997618" lon="12.841765">
        <ele>244.990314</ele>
        <time>2026-05-01T00:08:24.915Z</time>
      </trkpt>
      <trkpt lat="50.997404" lon="12.841356">
        <ele>244.538281</ele>
        <time>2026-05-01T00:08:29.546Z</time>
      </trkpt>
      <trkpt lat="50.997262" lon="12.841143">
        <ele>244.980333</ele>
        <time>2026-05-01T00:08:32.960Z</time>
      </trkpt>
      <trkpt lat="50.997081" lon="12.840896">
        <ele>245.653390</ele>
        <time>2026-05-01T00:08:37.542Z</time>
      </trkpt>
      <trkpt lat="50.996907" lon="12.840658">
        <ele>246.301057</ele>
        <time>2026-05-01T00:08:42.206Z</time>
      </trkpt>
      <trkpt lat="50.996730" lon="12.840448">
        <ele>246.924205</ele>
        <time>2026-05-01T00:08:46.882Z</time>
      </trkpt>
      <trkpt lat="50.996450" lon="12.840035">
        <ele>248.001951</ele>
        <time>2026-05-01T00:08:55.589Z</time>
      </trkpt>
      <trkpt lat="50.996401" lon="12.839911">
        <ele>248.261900</ele>
        <time>2026-05-01T00:08:57.779Z</time>
      </trkpt>
      <trkpt lat="50.996243" lon="12.839257">
        <ele>249.505632</ele>
        <time>2026-05-01T00:09:08.832Z</time>
      </trkpt>
      <trkpt lat="50.996193" lon="12.838989">
        <ele>249.965646</ele>
        <time>2026-05-01T00:09:13.166Z</time>
      </trkpt>
      <trkpt lat="50.996141" lon="12.838843">
        <ele>250.238071</ele>
        <time>2026-05-01T00:09:15.718Z</time>
      </trkpt>
      <trkpt lat="50.996015" lon="12.838632">
        <ele>250.710409</ele>
        <time>2026-05-01T00:09:19.855Z</time>
      </trkpt>
      <trkpt lat="50.995895" lon="12.838409">
        <ele>251.186866</ele>
        <time>2026-05-01T00:09:23.773Z</time>
      </trkpt>
      <trkpt lat="50.995863" lon="12.838271">
        <ele>251.425695</ele>
        <time>2026-05-01T00:09:25.676Z</time>
      </trkpt>
      <trkpt lat="50.995811" lon="12.837883">
        <ele>252.069909</ele>
        <time>2026-05-01T00:09:30.625Z</time>
      </trkpt>
      <trkpt lat="50.995619" lon="12.837395">
        <ele>253.004495</ele>
        <time>2026-05-01T00:09:37.676Z</time>
      </trkpt>
      <trkpt lat="50.995576" lon="12.837294">
        <ele>253.202515</ele>
        <time>2026-05-01T00:09:39.094Z</time>
      </trkpt>
      <trkpt lat="50.995518" lon="12.837001">
        <ele>253.701310</ele>
        <time>2026-05-01T00:09:42.574Z</time>
      </trkpt>
      <trkpt lat="50.995523" lon="12.836853">
        <ele>253.941999</ele>
        <time>2026-05-01T00:09:44.101Z</time>
      </trkpt>
      <trkpt lat="50.995536" lon="12.836441">
        <ele>254.549508</ele>
        <time>2026-05-01T00:09:48.010Z</time>
      </trkpt>
      <trkpt lat="50.995447" lon="12.835340">
        <ele>256.066724</ele>
        <time>2026-05-01T00:09:59.252Z</time>
      </trkpt>
      <trkpt lat="50.995375" lon="12.834835">
        <ele>256.774452</ele>
        <time>2026-05-01T00:10:05.265Z</time>
      </trkpt>
      <trkpt lat="50.995293" lon="12.834402">
        <ele>257.392492</ele>
        <time>2026-05-01T00:10:11.152Z</time>
      </trkpt>
      <trkpt lat="50.995117" lon="12.833619">
        <ele>258.684420</ele>
        <time>2026-05-01T00:10:22.912Z</time>
      </trkpt>
      <trkpt lat="50.994780" lon="12.832345">
        <ele>261.298528</ele>
        <time>2026-05-01T00:10:43.618Z</time>
      </trkpt>
      <trkpt lat="50.994562" lon="12.831407">
        <ele>263.189978</ele>
        <time>2026-05-01T00:10:57.159Z</time>
      </trkpt>
      <trkpt lat="50.994517" lon="12.831051">
        <ele>263.504511</ele>
        <time>2026-05-01T00:11:01.200Z</time>
      </trkpt>
      <trkpt lat="50.994518" lon="12.830846">
        <ele>263.476399</ele>
        <time>2026-05-01T00:11:03.245Z</time>
      </trkpt>
      <trkpt lat="50.994613" lon="12.830044">
        <ele>263.364492</ele>
        <time>2026-05-01T00:11:09.865Z</time>
      </trkpt>
      <trkpt lat="50.994821" lon="12.828821">
        <ele>263.190771</ele>
        <time>2026-05-01T00:11:17.598Z</time>
      </trkpt>
      <trkpt lat="50.995058" lon="12.827953">
        <ele>262.765622</ele>
        <time>2026-05-01T00:11:22.896Z</time>
      </trkpt>
      <trkpt lat="50.995463" lon="12.826628">
        <ele>261.786477</ele>
        <time>2026-05-01T00:11:31.944Z</time>
      </trkpt>
      <trkpt lat="50.995856" lon="12.825209">
        <ele>260.806981</ele>
        <time>2026-05-01T00:11:41.987Z</time>
      </trkpt>
      <trkpt lat="50.995895" lon="12.824934">
        <ele>260.639433</ele>
        <time>2026-05-01T00:11:43.745Z</time>
      </trkpt>
      <trkpt lat="50.995996" lon="12.823304">
        <ele>259.665935</ele>
        <time>2026-05-01T00:11:53.860Z</time>
      </trkpt>
      <trkpt lat="50.996037" lon="12.822726">
        <ele>259.185518</ele>
        <time>2026-05-01T00:11:57.283Z</time>
      </trkpt>
      <trkpt lat="50.996052" lon="12.822610">
        <ele>259.071907</ele>
        <time>2026-05-01T00:11:57.966Z</time>
      </trkpt>
      <trkpt lat="50.996181" lon="12.822000">
        <ele>258.454537</ele>
        <time>2026-05-01T00:12:01.704Z</time>
      </trkpt>
      <trkpt lat="50.996261" lon="12.821658">
        <ele>258.104504</ele>
        <time>2026-05-01T00:12:03.831Z</time>
      </trkpt>
      <trkpt lat="50.996382" lon="12.821169">
        <ele>257.600418</ele>
        <time>2026-05-01T00:12:06.894Z</time>
      </trkpt>
      <trkpt lat="50.996412" lon="12.820937">
        <ele>257.373196</ele>
        <time>2026-05-01T00:12:08.258Z</time>
      </trkpt>
      <trkpt lat="50.996553" lon="12.819087">
        <ele>255.523919</ele>
        <time>2026-05-01T00:12:18.712Z</time>
      </trkpt>
      <trkpt lat="50.996535" lon="12.818764">
        <ele>255.197057</ele>
        <time>2026-05-01T00:12:20.588Z</time>
      </trkpt>
      <trkpt lat="50.996443" lon="12.818115">
        <ele>254.526465</ele>
        <time>2026-05-01T00:12:24.437Z</time>
      </trkpt>
      <trkpt lat="50.995905" lon="12.815139">
        <ele>252.335080</ele>
        <time>2026-05-01T00:12:42.728Z</time>
      </trkpt>
      <trkpt lat="50.995888" lon="12.815011">
        <ele>252.252025</ele>
        <time>2026-05-01T00:12:43.628Z</time>
      </trkpt>
      <trkpt lat="50.995850" lon="12.814723">
        <ele>252.168791</ele>
        <time>2026-05-01T00:12:45.747Z</time>
      </trkpt>
      <trkpt lat="50.995791" lon="12.814139">
        <ele>252.831181</ele>
        <time>2026-05-01T00:12:50.674Z</time>
      </trkpt>
      <trkpt lat="50.995782" lon="12.814054">
        <ele>252.927710</ele>
        <time>2026-05-01T00:12:51.460Z</time>
      </trkpt>
      <trkpt lat="50.995731" lon="12.813594">
        <ele>253.450793</ele>
        <time>2026-05-01T00:12:56.190Z</time>
      </trkpt>
      <trkpt lat="50.995689" lon="12.813411">
        <ele>253.668935</ele>
        <time>2026-05-01T00:12:58.393Z</time>
      </trkpt>
      <trkpt lat="50.995471" lon="12.812838">
        <ele>254.418768</ele>
        <time>2026-05-01T00:13:06.759Z</time>
      </trkpt>
      <trkpt lat="50.995404" lon="12.812604">
        <ele>254.706669</ele>
        <time>2026-05-01T00:13:10.270Z</time>
      </trkpt>
      <trkpt lat="50.995346" lon="12.812187">
        <ele>255.184936</ele>
        <time>2026-05-01T00:13:16.259Z</time>
      </trkpt>
      <trkpt lat="50.995370" lon="12.811884">
        <ele>255.582595</ele>
        <time>2026-05-01T00:13:20.638Z</time>
      </trkpt>
      <trkpt lat="50.995584" lon="12.810839">
        <ele>257.119290</ele>
        <time>2026-05-01T00:13:36.071Z</time>
      </trkpt>
      <trkpt lat="50.995727" lon="12.809669">
        <ele>258.785931</ele>
        <time>2026-05-01T00:13:49.967Z</time>
      </trkpt>
      <trkpt lat="50.995859" lon="12.809102">
        <ele>259.209490</ele>
        <time>2026-05-01T00:13:55.169Z</time>
      </trkpt>
      <trkpt lat="50.995965" lon="12.808888">
        <ele>259.106390</ele>
        <time>2026-05-01T00:13:57.161Z</time>
      </trkpt>
      <trkpt lat="50.995902" lon="12.808620">
        <ele>258.998082</ele>
        <time>2026-05-01T00:13:59.143Z</time>
      </trkpt>
      <trkpt lat="50.995778" lon="12.807775">
        <ele>258.669593</ele>
        <time>2026-05-01T00:14:04.582Z</time>
      </trkpt>
      <trkpt lat="50.995585" lon="12.806930">
        <ele>258.329270</ele>
        <time>2026-05-01T00:14:09.878Z</time>
      </trkpt>
      <trkpt lat="50.995205" lon="12.805937">
        <ele>257.788767</ele>
        <time>2026-05-01T00:14:16.814Z</time>
      </trkpt>
      <trkpt lat="50.994903" lon="12.804913">
        <ele>257.229475</ele>
        <time>2026-05-01T00:14:24.348Z</time>
      </trkpt>
      <trkpt lat="50.994681" lon="12.804377">
        <ele>256.912130</ele>
        <time>2026-05-01T00:14:28.681Z</time>
      </trkpt>
      <trkpt lat="50.994376" lon="12.803771">
        <ele>256.468211</ele>
        <time>2026-05-01T00:14:33.580Z</time>
      </trkpt>
      <trkpt lat="50.994325" lon="12.803623">
        <ele>256.366548</ele>
        <time>2026-05-01T00:14:34.643Z</time>
      </trkpt>
      <trkpt lat="50.994300" lon="12.803414">
        <ele>256.238368</ele>
        <time>2026-05-01T00:14:35.994Z</time>
      </trkpt>
      <trkpt lat="50.994315" lon="12.803247">
        <ele>256.136728</ele>
        <time>2026-05-01T00:14:37.077Z</time>
      </trkpt>
      <trkpt lat="50.994379" lon="12.803034">
        <ele>255.994517</ele>
        <time>2026-05-01T00:14:38.569Z</time>
      </trkpt>
      <trkpt lat="50.994703" lon="12.802402">
        <ele>255.503394</ele>
        <time>2026-05-01T00:14:43.436Z</time>
      </trkpt>
      <trkpt lat="50.994855" lon="12.802062">
        <ele>255.252121</ele>
        <time>2026-05-01T00:14:45.903Z</time>
      </trkpt>
      <trkpt lat="50.994908" lon="12.801698">
        <ele>255.011037</ele>
        <time>2026-05-01T00:14:48.108Z</time>
      </trkpt>
      <trkpt lat="50.994906" lon="12.801560">
        <ele>254.903789</ele>
        <time>2026-05-01T00:14:48.958Z</time>
      </trkpt>
      <trkpt lat="50.994898" lon="12.801341">
        <ele>254.733350</ele>
        <time>2026-05-01T00:14:50.342Z</time>
      </trkpt>
      <trkpt lat="50.994890" lon="12.801204">
        <ele>254.626450</ele>
        <time>2026-05-01T00:14:51.238Z</time>
      </trkpt>
      <trkpt lat="50.994546" lon="12.801196">
        <ele>254.201751</ele>
        <time>2026-05-01T00:14:55.093Z</time>
      </trkpt>
      <trkpt lat="50.994074" lon="12.801176">
        <ele>253.618881</ele>
        <time>2026-05-01T00:15:00.240Z</time>
      </trkpt>
      <trkpt lat="50.994059" lon="12.801176">
        <ele>253.600364</ele>
        <time>2026-05-01T00:15:00.395Z</time>
      </trkpt>
      <trkpt lat="50.993759" lon="12.801270">
        <ele>253.222894</ele>
        <time>2026-05-01T00:15:03.265Z</time>
      </trkpt>
      <trkpt lat="50.993737" lon="12.801278">
        <ele>253.195033</ele>
        <time>2026-05-01T00:15:03.466Z</time>
      </trkpt>
      <trkpt lat="50.993483" lon="12.801328">
        <ele>252.879084</ele>
        <time>2026-05-01T00:15:05.615Z</time>
      </trkpt>
      <trkpt lat="50.993349" lon="12.801306">
        <ele>252.452032</ele>
        <time>2026-05-01T00:15:06.711Z</time>
      </trkpt>
      <trkpt lat="50.993187" lon="12.801198">
        <ele>251.855798</ele>
        <time>2026-05-01T00:15:08.126Z</time>
      </trkpt>
      <trkpt lat="50.993098" lon="12.800999">
        <ele>251.334330</ele>
        <time>2026-05-01T00:15:09.355Z</time>
      </trkpt>
      <trkpt lat="50.993076" lon="12.800928">
        <ele>251.165285</ele>
        <time>2026-05-01T00:15:09.752Z</time>
      </trkpt>
      <trkpt lat="50.993048" lon="12.800833">
        <ele>250.941208</ele>
        <time>2026-05-01T00:15:10.276Z</time>
      </trkpt>
      <trkpt lat="50.992982" lon="12.800648">
        <ele>250.486963</ele>
        <time>2026-05-01T00:15:11.328Z</time>
      </trkpt>
      <trkpt lat="50.992912" lon="12.800551">
        <ele>250.171732</ele>
        <time>2026-05-01T00:15:12.055Z</time>
      </trkpt>
      <trkpt lat="50.992717" lon="12.800441">
        <ele>249.469466</ele>
        <time>2026-05-01T00:15:13.677Z</time>
      </trkpt>
      <trkpt lat="50.992679" lon="12.800430">
        <ele>249.338379</ele>
        <time>2026-05-01T00:15:13.980Z</time>
      </trkpt>
      <trkpt lat="50.992473" lon="12.800399">
        <ele>248.636129</ele>
        <time>2026-05-01T00:15:15.591Z</time>
      </trkpt>
      <trkpt lat="50.991943" lon="12.800402">
        <ele>246.837407</ele>
        <time>2026-05-01T00:15:19.734Z</time>
      </trkpt>
      <trkpt lat="50.991876" lon="12.800403">
        <ele>246.625700</ele>
        <time>2026-05-01T00:15:20.276Z</time>
      </trkpt>
      <trkpt lat="50.991299" lon="12.800405">
        <ele>244.875575</ele>
        <time>2026-05-01T00:15:25.186Z</time>
      </trkpt>
      <trkpt lat="50.991071" lon="12.800348">
        <ele>244.175510</ele>
        <time>2026-05-01T00:15:27.195Z</time>
      </trkpt>
      <trkpt lat="50.990907" lon="12.800280">
        <ele>243.661413</ele>
        <time>2026-05-01T00:15:28.635Z</time>
      </trkpt>
      <trkpt lat="50.990422" lon="12.799942">
        <ele>242.055027</ele>
        <time>2026-05-01T00:15:32.989Z</time>
      </trkpt>
      <trkpt lat="50.990159" lon="12.799917">
        <ele>241.234925</ele>
        <time>2026-05-01T00:15:35.081Z</time>
      </trkpt>
      <trkpt lat="50.989848" lon="12.799948">
        <ele>239.861089</ele>
        <time>2026-05-01T00:15:37.508Z</time>
      </trkpt>
      <trkpt lat="50.989608" lon="12.799942">
        <ele>238.802843</ele>
        <time>2026-05-01T00:15:39.350Z</time>
      </trkpt>
      <trkpt lat="50.989367" lon="12.799891">
        <ele>237.730935</ele>
        <time>2026-05-01T00:15:41.206Z</time>
      </trkpt>
      <trkpt lat="50.988370" lon="12.799537">
        <ele>233.283952</ele>
        <time>2026-05-01T00:15:48.926Z</time>
      </trkpt>
      <trkpt lat="50.988103" lon="12.799558">
        <ele>232.568053</ele>
        <time>2026-05-01T00:15:51.016Z</time>
      </trkpt>
      <trkpt lat="50.987826" lon="12.799620">
        <ele>231.818923</ele>
        <time>2026-05-01T00:15:53.225Z</time>
      </trkpt>
      <trkpt lat="50.987653" lon="12.799659">
        <ele>231.350990</ele>
        <time>2026-05-01T00:15:54.644Z</time>
      </trkpt>
      <trkpt lat="50.987516" lon="12.799645">
        <ele>230.983347</ele>
        <time>2026-05-01T00:15:55.777Z</time>
      </trkpt>
      <trkpt lat="50.987077" lon="12.799429">
        <ele>229.752610</ele>
        <time>2026-05-01T00:15:59.683Z</time>
      </trkpt>
      <trkpt lat="50.986981" lon="12.799432">
        <ele>229.495474</ele>
        <time>2026-05-01T00:16:00.532Z</time>
      </trkpt>
      <trkpt lat="50.986790" lon="12.799505">
        <ele>228.969382</ele>
        <time>2026-05-01T00:16:02.318Z</time>
      </trkpt>
      <trkpt lat="50.986683" lon="12.799504">
        <ele>228.682832</ele>
        <time>2026-05-01T00:16:03.353Z</time>
      </trkpt>
      <trkpt lat="50.986586" lon="12.799414">
        <ele>228.704437</ele>
        <time>2026-05-01T00:16:04.451Z</time>
      </trkpt>
      <trkpt lat="50.986342" lon="12.798591">
        <ele>230.021349</ele>
        <time>2026-05-01T00:16:11.952Z</time>
      </trkpt>
      <trkpt lat="50.986270" lon="12.798432">
        <ele>230.304887</ele>
        <time>2026-05-01T00:16:14.044Z</time>
      </trkpt>
      <trkpt lat="50.986075" lon="12.798146">
        <ele>230.915214</ele>
        <time>2026-05-01T00:16:19.390Z</time>
      </trkpt>
      <trkpt lat="50.986013" lon="12.798072">
        <ele>231.093551</ele>
        <time>2026-05-01T00:16:21.015Z</time>
      </trkpt>
      <trkpt lat="50.985815" lon="12.797856">
        <ele>231.645905</ele>
        <time>2026-05-01T00:16:26.642Z</time>
      </trkpt>
      <trkpt lat="50.985265" lon="12.797342">
        <ele>233.356146</ele>
        <time>2026-05-01T00:16:44.459Z</time>
      </trkpt>
      <trkpt lat="50.985020" lon="12.797230">
        <ele>234.280006</ele>
        <time>2026-05-01T00:16:52.634Z</time>
      </trkpt>
      <trkpt lat="50.984256" lon="12.796979">
        <ele>237.107170</ele>
        <time>2026-05-01T00:17:15.019Z</time>
      </trkpt>
      <trkpt lat="50.984153" lon="12.796960">
        <ele>237.482928</ele>
        <time>2026-05-01T00:17:17.320Z</time>
      </trkpt>
      <trkpt lat="50.984053" lon="12.796948">
        <ele>237.846339</ele>
        <time>2026-05-01T00:17:19.354Z</time>
      </trkpt>
      <trkpt lat="50.984021" lon="12.796946">
        <ele>237.962390</ele>
        <time>2026-05-01T00:17:19.976Z</time>
      </trkpt>
      <trkpt lat="50.983429" lon="12.796923">
        <ele>238.132497</ele>
        <time>2026-05-01T00:17:27.522Z</time>
      </trkpt>
      <trkpt lat="50.983038" lon="12.796888">
        <ele>236.431767</ele>
        <time>2026-05-01T00:17:30.780Z</time>
      </trkpt>
      <trkpt lat="50.982376" lon="12.796582">
        <ele>233.437576</ele>
        <time>2026-05-01T00:17:35.905Z</time>
      </trkpt>
      <trkpt lat="50.982027" lon="12.796460">
        <ele>231.885668</ele>
        <time>2026-05-01T00:17:38.458Z</time>
      </trkpt>
      <trkpt lat="50.981484" lon="12.796371">
        <ele>228.233084</ele>
        <time>2026-05-01T00:17:42.325Z</time>
      </trkpt>
      <trkpt lat="50.981176" lon="12.796433">
        <ele>225.967110</ele>
        <time>2026-05-01T00:17:44.510Z</time>
      </trkpt>
      <trkpt lat="50.980090" lon="12.796854">
        <ele>217.993874</ele>
        <time>2026-05-01T00:17:52.471Z</time>
      </trkpt>
      <trkpt lat="50.978878" lon="12.797018">
        <ele>212.681454</ele>
        <time>2026-05-01T00:18:01.705Z</time>
      </trkpt>
      <trkpt lat="50.978812" lon="12.797010">
        <ele>212.392370</ele>
        <time>2026-05-01T00:18:02.256Z</time>
      </trkpt>
      <trkpt lat="50.978502" lon="12.796932">
        <ele>211.021604</ele>
        <time>2026-05-01T00:18:04.873Z</time>
      </trkpt>
      <trkpt lat="50.977988" lon="12.796656">
        <ele>209.950498</ele>
        <time>2026-05-01T00:18:09.705Z</time>
      </trkpt>
      <trkpt lat="50.977819" lon="12.796656">
        <ele>209.755926</ele>
        <time>2026-05-01T00:18:11.369Z</time>
      </trkpt>
      <trkpt lat="50.977559" lon="12.796740">
        <ele>209.450455</ele>
        <time>2026-05-01T00:18:14.056Z</time>
      </trkpt>
      <trkpt lat="50.976319" lon="12.797415">
        <ele>207.485460</ele>
        <time>2026-05-01T00:18:27.557Z</time>
      </trkpt>
      <trkpt lat="50.975561" lon="12.797590">
        <ele>205.606732</ele>
        <time>2026-05-01T00:18:34.715Z</time>
      </trkpt>
      <trkpt lat="50.974718" lon="12.797761">
        <ele>202.908384</ele>
        <time>2026-05-01T00:18:41.326Z</time>
      </trkpt>
      <trkpt lat="50.974674" lon="12.797767">
        <ele>202.638150</ele>
        <time>2026-05-01T00:18:41.655Z</time>
      </trkpt>
      <trkpt lat="50.974500" lon="12.797735">
        <ele>201.566299</ele>
        <time>2026-05-01T00:18:42.947Z</time>
      </trkpt>
      <trkpt lat="50.973707" lon="12.797393">
        <ele>196.538052</ele>
        <time>2026-05-01T00:18:48.880Z</time>
      </trkpt>
      <trkpt lat="50.973081" lon="12.797332">
        <ele>192.792165</ele>
        <time>2026-05-01T00:18:53.387Z</time>
      </trkpt>
      <trkpt lat="50.972955" lon="12.797330">
        <ele>192.334050</ele>
        <time>2026-05-01T00:18:54.308Z</time>
      </trkpt>
      <trkpt lat="50.972654" lon="12.797364">
        <ele>191.236955</ele>
        <time>2026-05-01T00:18:56.518Z</time>
      </trkpt>
      <trkpt lat="50.972433" lon="12.797142">
        <ele>190.286229</ele>
        <time>2026-05-01T00:18:58.487Z</time>
      </trkpt>
      <trkpt lat="50.972373" lon="12.797079">
        <ele>190.024720</ele>
        <time>2026-05-01T00:18:59.038Z</time>
      </trkpt>
      <trkpt lat="50.972252" lon="12.796948">
        <ele>189.492304</ele>
        <time>2026-05-01T00:19:00.181Z</time>
      </trkpt>
      <trkpt lat="50.972199" lon="12.796895">
        <ele>189.264594</ele>
        <time>2026-05-01T00:19:00.691Z</time>
      </trkpt>
      <trkpt lat="50.972074" lon="12.796802">
        <ele>188.762736</ele>
        <time>2026-05-01T00:19:01.822Z</time>
      </trkpt>
      <trkpt lat="50.971922" lon="12.796762">
        <ele>188.202581</ele>
        <time>2026-05-01T00:19:03.143Z</time>
      </trkpt>
      <trkpt lat="50.971786" lon="12.796771">
        <ele>187.707703</ele>
        <time>2026-05-01T00:19:04.360Z</time>
      </trkpt>
      <trkpt lat="50.971557" lon="12.796877">
        <ele>186.840493</ele>
        <time>2026-05-01T00:19:06.541Z</time>
      </trkpt>
      <trkpt lat="50.971312" lon="12.797086">
        <ele>186.530593</ele>
        <time>2026-05-01T00:19:09.384Z</time>
      </trkpt>
      <trkpt lat="50.971192" lon="12.797063">
        <ele>186.643271</ele>
        <time>2026-05-01T00:19:10.960Z</time>
      </trkpt>
      <trkpt lat="50.971026" lon="12.797282">
        <ele>186.844453</ele>
        <time>2026-05-01T00:19:14.298Z</time>
      </trkpt>
      <trkpt lat="50.970872" lon="12.797432">
        <ele>187.012867</ele>
        <time>2026-05-01T00:19:17.276Z</time>
      </trkpt>
      <trkpt lat="50.970293" lon="12.797918">
        <ele>187.623382</ele>
        <time>2026-05-01T00:19:28.999Z</time>
      </trkpt>
      <trkpt lat="50.970115" lon="12.798131">
        <ele>187.831153</ele>
        <time>2026-05-01T00:19:32.841Z</time>
      </trkpt>
      <trkpt lat="50.969829" lon="12.798563">
        <ele>188.175247</ele>
        <time>2026-05-01T00:19:38.998Z</time>
      </trkpt>
      <trkpt lat="50.969677" lon="12.798734">
        <ele>188.318174</ele>
        <time>2026-05-01T00:19:41.601Z</time>
      </trkpt>
      <trkpt lat="50.969107" lon="12.799203">
        <ele>188.810743</ele>
        <time>2026-05-01T00:19:49.777Z</time>
      </trkpt>
      <trkpt lat="50.968950" lon="12.799451">
        <ele>188.980656</ele>
        <time>2026-05-01T00:19:52.843Z</time>
      </trkpt>
      <trkpt lat="50.968726" lon="12.799981">
        <ele>189.289072</ele>
        <time>2026-05-01T00:19:58.691Z</time>
      </trkpt>
      <trkpt lat="50.968660" lon="12.800086">
        <ele>189.360755</ele>
        <time>2026-05-01T00:20:00.148Z</time>
      </trkpt>
      <trkpt lat="50.968532" lon="12.800203">
        <ele>189.471650</ele>
        <time>2026-05-01T00:20:02.371Z</time>
      </trkpt>
      <trkpt lat="50.967821" lon="12.800687">
        <ele>190.016915</ele>
        <time>2026-05-01T00:20:13.953Z</time>
      </trkpt>
      <trkpt lat="50.966056" lon="12.801911">
        <ele>191.893482</ele>
        <time>2026-05-01T00:20:39.903Z</time>
      </trkpt>
      <trkpt lat="50.965666" lon="12.802289">
        <ele>192.467889</ele>
        <time>2026-05-01T00:20:47.044Z</time>
      </trkpt>
      <trkpt lat="50.965393" lon="12.802612">
        <ele>192.895888</ele>
        <time>2026-05-01T00:20:53.236Z</time>
      </trkpt>
      <trkpt lat="50.965255" lon="12.802824">
        <ele>193.494908</ele>
        <time>2026-05-01T00:20:57.139Z</time>
      </trkpt>
      <trkpt lat="50.964646" lon="12.803899">
        <ele>197.134930</ele>
        <time>2026-05-01T00:21:19.873Z</time>
      </trkpt>
      <trkpt lat="50.963933" lon="12.805068">
        <ele>200.557426</ele>
        <time>2026-05-01T00:21:48.117Z</time>
      </trkpt>
      <trkpt lat="50.963726" lon="12.805263">
        <ele>200.912605</ele>
        <time>2026-05-01T00:21:54.043Z</time>
      </trkpt>
      <trkpt lat="50.963428" lon="12.805375">
        <ele>201.364506</ele>
        <time>2026-05-01T00:22:00.621Z</time>
      </trkpt>
      <trkpt lat="50.962665" lon="12.805472">
        <ele>202.494042</ele>
        <time>2026-05-01T00:22:10.584Z</time>
      </trkpt>
      <trkpt lat="50.962341" lon="12.805443">
        <ele>202.582132</ele>
        <time>2026-05-01T00:22:13.383Z</time>
      </trkpt>
      <trkpt lat="50.961388" lon="12.805169">
        <ele>200.428772</ele>
        <time>2026-05-01T00:22:21.237Z</time>
      </trkpt>
      <trkpt lat="50.960924" lon="12.805153">
        <ele>199.396872</ele>
        <time>2026-05-01T00:22:25.054Z</time>
      </trkpt>
      <trkpt lat="50.958253" lon="12.805195">
        <ele>198.689187</ele>
        <time>2026-05-01T00:22:54.269Z</time>
      </trkpt>
      <trkpt lat="50.957935" lon="12.805266">
        <ele>199.077164</ele>
        <time>2026-05-01T00:22:59.726Z</time>
      </trkpt>
      <trkpt lat="50.957745" lon="12.805373">
        <ele>199.320730</ele>
        <time>2026-05-01T00:23:03.183Z</time>
      </trkpt>
      <trkpt lat="50.957396" lon="12.805732">
        <ele>199.823154</ele>
        <time>2026-05-01T00:23:10.845Z</time>
      </trkpt>
      <trkpt lat="50.957068" lon="12.805983">
        <ele>200.355721</ele>
        <time>2026-05-01T00:23:18.172Z</time>
      </trkpt>
      <trkpt lat="50.956890" lon="12.806077">
        <ele>200.731992</ele>
        <time>2026-05-01T00:23:22.090Z</time>
      </trkpt>
      <trkpt lat="50.956699" lon="12.806123">
        <ele>201.119487</ele>
        <time>2026-05-01T00:23:26.165Z</time>
      </trkpt>
      <trkpt lat="50.956330" lon="12.806314">
        <ele>201.897983</ele>
        <time>2026-05-01T00:23:33.804Z</time>
      </trkpt>
      <trkpt lat="50.955744" lon="12.806470">
        <ele>203.089804</ele>
        <time>2026-05-01T00:23:44.398Z</time>
      </trkpt>
      <trkpt lat="50.954919" lon="12.806543">
        <ele>204.055025</ele>
        <time>2026-05-01T00:23:57.075Z</time>
      </trkpt>
      <trkpt lat="50.954636" lon="12.806525">
        <ele>204.236372</ele>
        <time>2026-05-01T00:24:00.548Z</time>
      </trkpt>
      <trkpt lat="50.953906" lon="12.806437">
        <ele>204.705127</ele>
        <time>2026-05-01T00:24:09.455Z</time>
      </trkpt>
      <trkpt lat="50.953659" lon="12.806443">
        <ele>204.863297</ele>
        <time>2026-05-01T00:24:13.223Z</time>
      </trkpt>
      <trkpt lat="50.953296" lon="12.806505">
        <ele>205.257637</ele>
        <time>2026-05-01T00:24:18.758Z</time>
      </trkpt>
      <trkpt lat="50.953049" lon="12.806585">
        <ele>205.539634</ele>
        <time>2026-05-01T00:24:22.688Z</time>
      </trkpt>
      <trkpt lat="50.952992" lon="12.806673">
        <ele>205.628580</ele>
        <time>2026-05-01T00:24:24.000Z</time>
      </trkpt>
      <trkpt lat="50.952985" lon="12.807041">
        <ele>205.888026</ele>
        <time>2026-05-01T00:24:27.815Z</time>
      </trkpt>
      <trkpt lat="50.952818" lon="12.807144">
        <ele>206.088445</ele>
        <time>2026-05-01T00:24:30.839Z</time>
      </trkpt>
      <trkpt lat="50.951754" lon="12.807444">
        <ele>207.591108</ele>
        <time>2026-05-01T00:24:47.569Z</time>
      </trkpt>
      <trkpt lat="50.951512" lon="12.807586">
        <ele>208.090057</ele>
        <time>2026-05-01T00:24:50.835Z</time>
      </trkpt>
      <trkpt lat="50.951270" lon="12.807789">
        <ele>208.619384</ele>
        <time>2026-05-01T00:24:54.977Z</time>
      </trkpt>
      <trkpt lat="50.950977" lon="12.808068">
        <ele>209.280143</ele>
        <time>2026-05-01T00:25:01.152Z</time>
      </trkpt>
      <trkpt lat="50.950726" lon="12.808411">
        <ele>209.920645</ele>
        <time>2026-05-01T00:25:08.264Z</time>
      </trkpt>
      <trkpt lat="50.950275" lon="12.809040">
        <ele>210.855835</ele>
        <time>2026-05-01T00:25:22.782Z</time>
      </trkpt>
      <trkpt lat="50.950152" lon="12.809167">
        <ele>211.049234</ele>
        <time>2026-05-01T00:25:26.176Z</time>
      </trkpt>
      <trkpt lat="50.949794" lon="12.809479">
        <ele>211.587535</ele>
        <time>2026-05-01T00:25:34.832Z</time>
      </trkpt>
      <trkpt lat="50.949576" lon="12.809560">
        <ele>211.882634</ele>
        <time>2026-05-01T00:25:38.679Z</time>
      </trkpt>
      <trkpt lat="50.949377" lon="12.809496">
        <ele>212.150253</ele>
        <time>2026-05-01T00:25:41.423Z</time>
      </trkpt>
      <trkpt lat="50.948887" lon="12.809030">
        <ele>212.534001</ele>
        <time>2026-05-01T00:25:46.638Z</time>
      </trkpt>
      <trkpt lat="50.948448" lon="12.808686">
        <ele>211.689992</ele>
        <time>2026-05-01T00:25:50.623Z</time>
      </trkpt>
      <trkpt lat="50.948102" lon="12.808544">
        <ele>211.073893</ele>
        <time>2026-05-01T00:25:53.534Z</time>
      </trkpt>
      <trkpt lat="50.947834" lon="12.808521">
        <ele>210.611203</ele>
        <time>2026-05-01T00:25:55.814Z</time>
      </trkpt>
      <trkpt lat="50.946435" lon="12.808646">
        <ele>210.551291</ele>
        <time>2026-05-01T00:26:12.075Z</time>
      </trkpt>
      <trkpt lat="50.946317" lon="12.808715">
        <ele>210.687467</ele>
        <time>2026-05-01T00:26:14.121Z</time>
      </trkpt>
      <trkpt lat="50.946254" lon="12.808770">
        <ele>210.765329</ele>
        <time>2026-05-01T00:26:15.343Z</time>
      </trkpt>
      <trkpt lat="50.946130" lon="12.809026">
        <ele>210.985641</ele>
        <time>2026-05-01T00:26:18.947Z</time>
      </trkpt>
      <trkpt lat="50.945715" lon="12.810111">
        <ele>212.069340</ele>
        <time>2026-05-01T00:26:34.429Z</time>
      </trkpt>
      <trkpt lat="50.945536" lon="12.810602">
        <ele>212.778630</ele>
        <time>2026-05-01T00:26:41.878Z</time>
      </trkpt>
      <trkpt lat="50.945480" lon="12.810881">
        <ele>213.144755</ele>
        <time>2026-05-01T00:26:45.754Z</time>
      </trkpt>
      <trkpt lat="50.945376" lon="12.811819">
        <ele>214.335618</ele>
        <time>2026-05-01T00:26:57.684Z</time>
      </trkpt>
      <trkpt lat="50.945205" lon="12.812691">
        <ele>215.068573</ele>
        <time>2026-05-01T00:27:06.230Z</time>
      </trkpt>
      <trkpt lat="50.945202" lon="12.812967">
        <ele>214.969731</ele>
        <time>2026-05-01T00:27:08.170Z</time>
      </trkpt>
      <trkpt lat="50.945312" lon="12.813845">
        <ele>214.649191</ele>
        <time>2026-05-01T00:27:13.885Z</time>
      </trkpt>
      <trkpt lat="50.945317" lon="12.814158">
        <ele>214.537079</ele>
        <time>2026-05-01T00:27:15.776Z</time>
      </trkpt>
      <trkpt lat="50.945271" lon="12.814568">
        <ele>214.387962</ele>
        <time>2026-05-01T00:27:18.214Z</time>
      </trkpt>
      <trkpt lat="50.945113" lon="12.815249">
        <ele>214.126722</ele>
        <time>2026-05-01T00:27:22.474Z</time>
      </trkpt>
      <trkpt lat="50.944509" lon="12.817436">
        <ele>213.144521</ele>
        <time>2026-05-01T00:27:38.411Z</time>
      </trkpt>
      <trkpt lat="50.944253" lon="12.818420">
        <ele>212.896963</ele>
        <time>2026-05-01T00:27:45.262Z</time>
      </trkpt>
      <trkpt lat="50.944136" lon="12.819022">
        <ele>212.830050</ele>
        <time>2026-05-01T00:27:49.337Z</time>
      </trkpt>
      <trkpt lat="50.944153" lon="12.819750">
        <ele>212.752675</ele>
        <time>2026-05-01T00:27:54.196Z</time>
      </trkpt>
      <trkpt lat="50.944378" lon="12.822221">
        <ele>214.178032</ele>
        <time>2026-05-01T00:28:16.845Z</time>
      </trkpt>
      <trkpt lat="50.944487" lon="12.823031">
        <ele>214.952082</ele>
        <time>2026-05-01T00:28:27.112Z</time>
      </trkpt>
      <trkpt lat="50.944603" lon="12.823573">
        <ele>215.771292</ele>
        <time>2026-05-01T00:28:34.183Z</time>
      </trkpt>
      <trkpt lat="50.944628" lon="12.823897">
        <ele>216.621001</ele>
        <time>2026-05-01T00:28:38.038Z</time>
      </trkpt>
      <trkpt lat="50.944608" lon="12.824396">
        <ele>217.922580</ele>
        <time>2026-05-01T00:28:44.290Z</time>
      </trkpt>
      <trkpt lat="50.944563" lon="12.824843">
        <ele>219.100931</ele>
        <time>2026-05-01T00:28:51.069Z</time>
      </trkpt>
      <trkpt lat="50.944491" lon="12.825058">
        <ele>219.734742</ele>
        <time>2026-05-01T00:28:55.156Z</time>
      </trkpt>
      <trkpt lat="50.944446" lon="12.825103">
        <ele>219.954483</ele>
        <time>2026-05-01T00:28:56.617Z</time>
      </trkpt>
      <trkpt lat="50.944413" lon="12.825105">
        <ele>220.090921</ele>
        <time>2026-05-01T00:28:57.530Z</time>
      </trkpt>
      <trkpt lat="50.944068" lon="12.825097">
        <ele>221.516426</ele>
        <time>2026-05-01T00:29:07.362Z</time>
      </trkpt>
      <trkpt lat="50.943533" lon="12.825327">
        <ele>224.176643</ele>
        <time>2026-05-01T00:29:24.475Z</time>
      </trkpt>
      <trkpt lat="50.943375" lon="12.825114">
        <ele>225.335815</ele>
        <time>2026-05-01T00:29:31.281Z</time>
      </trkpt>
      <trkpt lat="50.943350" lon="12.825385">
        <ele>226.300780</ele>
        <time>2026-05-01T00:29:37.238Z</time>
      </trkpt>
      <trkpt lat="50.943340" lon="12.825520">
        <ele>226.779686</ele>
        <time>2026-05-01T00:29:40.249Z</time>
      </trkpt>
      <trkpt lat="50.943187" lon="12.826270">
        <ele>229.557129</ele>
        <time>2026-05-01T00:29:57.099Z</time>
      </trkpt>
      <trkpt lat="50.942961" lon="12.826851">
        <ele>231.962767</ele>
        <time>2026-05-01T00:30:08.427Z</time>
      </trkpt>
      <trkpt lat="50.942711" lon="12.827259">
        <ele>233.438761</ele>
        <time>2026-05-01T00:30:16.389Z</time>
      </trkpt>
      <trkpt lat="50.941987" lon="12.828197">
        <ele>236.263962</ele>
        <time>2026-05-01T00:30:36.118Z</time>
      </trkpt>
      <trkpt lat="50.941730" lon="12.828526">
        <ele>237.262076</ele>
        <time>2026-05-01T00:30:42.833Z</time>
      </trkpt>
      <trkpt lat="50.941547" lon="12.828835">
        <ele>238.069801</ele>
        <time>2026-05-01T00:30:48.175Z</time>
      </trkpt>
      <trkpt lat="50.941435" lon="12.829091">
        <ele>238.655929</ele>
        <time>2026-05-01T00:30:52.085Z</time>
      </trkpt>
      <trkpt lat="50.941312" lon="12.829408">
        <ele>239.352072</ele>
        <time>2026-05-01T00:30:57.000Z</time>
      </trkpt>
      <trkpt lat="50.941259" lon="12.829638">
        <ele>239.810017</ele>
        <time>2026-05-01T00:31:00.370Z</time>
      </trkpt>
      <trkpt lat="50.941169" lon="12.830697">
        <ele>241.808222</ele>
        <time>2026-05-01T00:31:15.316Z</time>
      </trkpt>
      <trkpt lat="50.941159" lon="12.831458">
        <ele>243.231563</ele>
        <time>2026-05-01T00:31:25.718Z</time>
      </trkpt>
      <trkpt lat="50.941203" lon="12.831827">
        <ele>243.785763</ele>
        <time>2026-05-01T00:31:31.173Z</time>
      </trkpt>
      <trkpt lat="50.941563" lon="12.833696">
        <ele>245.862748</ele>
        <time>2026-05-01T00:31:55.325Z</time>
      </trkpt>
      <trkpt lat="50.941702" lon="12.834653">
        <ele>246.385590</ele>
        <time>2026-05-01T00:32:03.068Z</time>
      </trkpt>
      <trkpt lat="50.941802" lon="12.835647">
        <ele>245.479970</ele>
        <time>2026-05-01T00:32:08.370Z</time>
      </trkpt>
      <trkpt lat="50.941902" lon="12.836310">
        <ele>244.866624</ele>
        <time>2026-05-01T00:32:12.061Z</time>
      </trkpt>
      <trkpt lat="50.942095" lon="12.837149">
        <ele>244.063057</ele>
        <time>2026-05-01T00:32:17.960Z</time>
      </trkpt>
      <trkpt lat="50.942116" lon="12.837244">
        <ele>243.910295</ele>
        <time>2026-05-01T00:32:18.715Z</time>
      </trkpt>
      <trkpt lat="50.942428" lon="12.838606">
        <ele>241.638266</ele>
        <time>2026-05-01T00:32:26.895Z</time>
      </trkpt>
      <trkpt lat="50.942533" lon="12.838979">
        <ele>240.997787</ele>
        <time>2026-05-01T00:32:29.150Z</time>
      </trkpt>
      <trkpt lat="50.942591" lon="12.839128">
        <ele>240.723211</ele>
        <time>2026-05-01T00:32:30.086Z</time>
      </trkpt>
      <trkpt lat="50.942674" lon="12.839297">
        <ele>240.387285</ele>
        <time>2026-05-01T00:32:31.188Z</time>
      </trkpt>
      <trkpt lat="50.943165" lon="12.840004">
        <ele>238.543193</ele>
        <time>2026-05-01T00:32:36.235Z</time>
      </trkpt>
      <trkpt lat="50.943264" lon="12.840234">
        <ele>238.005764</ele>
        <time>2026-05-01T00:32:37.524Z</time>
      </trkpt>
      <trkpt lat="50.943322" lon="12.840552">
        <ele>237.367020</ele>
        <time>2026-05-01T00:32:39.061Z</time>
      </trkpt>
      <trkpt lat="50.943312" lon="12.840711">
        <ele>237.058718</ele>
        <time>2026-05-01T00:32:39.827Z</time>
      </trkpt>
      <trkpt lat="50.943269" lon="12.840860">
        <ele>236.742515</ele>
        <time>2026-05-01T00:32:40.627Z</time>
      </trkpt>
      <trkpt lat="50.943161" lon="12.841046">
        <ele>236.254500</ele>
        <time>2026-05-01T00:32:41.897Z</time>
      </trkpt>
      <trkpt lat="50.942951" lon="12.841202">
        <ele>235.544495</ele>
        <time>2026-05-01T00:32:43.852Z</time>
      </trkpt>
      <trkpt lat="50.942702" lon="12.841246">
        <ele>234.777311</ele>
        <time>2026-05-01T00:32:46.183Z</time>
      </trkpt>
      <trkpt lat="50.942382" lon="12.841146">
        <ele>234.225245</ele>
        <time>2026-05-01T00:32:49.774Z</time>
      </trkpt>
      <trkpt lat="50.941502" lon="12.840608">
        <ele>235.714047</ele>
        <time>2026-05-01T00:33:05.663Z</time>
      </trkpt>
      <trkpt lat="50.941259" lon="12.840351">
        <ele>236.175062</ele>
        <time>2026-05-01T00:33:11.806Z</time>
      </trkpt>
      <trkpt lat="50.940808" lon="12.839756">
        <ele>237.052899</ele>
        <time>2026-05-01T00:33:23.813Z</time>
      </trkpt>
      <trkpt lat="50.940229" lon="12.839163">
        <ele>237.862780</ele>
        <time>2026-05-01T00:33:35.952Z</time>
      </trkpt>
      <trkpt lat="50.939925" lon="12.838861">
        <ele>238.284288</ele>
        <time>2026-05-01T00:33:41.567Z</time>
      </trkpt>
      <trkpt lat="50.939695" lon="12.838696">
        <ele>238.580935</ele>
        <time>2026-05-01T00:33:45.230Z</time>
      </trkpt>
      <trkpt lat="50.939333" lon="12.838538">
        <ele>239.022179</ele>
        <time>2026-05-01T00:33:50.380Z</time>
      </trkpt>
      <trkpt lat="50.939148" lon="12.838491">
        <ele>238.696638</ele>
        <time>2026-05-01T00:33:52.573Z</time>
      </trkpt>
      <trkpt lat="50.938266" lon="12.838475">
        <ele>237.109402</ele>
        <time>2026-05-01T00:34:00.194Z</time>
      </trkpt>
      <trkpt lat="50.938046" lon="12.838529">
        <ele>236.708811</ele>
        <time>2026-05-01T00:34:02.010Z</time>
      </trkpt>
      <trkpt lat="50.937837" lon="12.838693">
        <ele>236.289254</ele>
        <time>2026-05-01T00:34:03.950Z</time>
      </trkpt>
      <trkpt lat="50.937786" lon="12.838781">
        <ele>236.153681</ele>
        <time>2026-05-01T00:34:04.569Z</time>
      </trkpt>
      <trkpt lat="50.937727" lon="12.838967">
        <ele>235.917550</ele>
        <time>2026-05-01T00:34:05.670Z</time>
      </trkpt>
      <trkpt lat="50.937588" lon="12.839805">
        <ele>236.477463</ele>
        <time>2026-05-01T00:34:10.348Z</time>
      </trkpt>
      <trkpt lat="50.936563" lon="12.846060">
        <ele>242.594146</ele>
        <time>2026-05-01T00:35:26.207Z</time>
      </trkpt>
      <trkpt lat="50.936445" lon="12.847576">
        <ele>244.135838</ele>
        <time>2026-05-01T00:35:41.603Z</time>
      </trkpt>
      <trkpt lat="50.936438" lon="12.847670">
        <ele>244.194740</ele>
        <time>2026-05-01T00:35:42.485Z</time>
      </trkpt>
      <trkpt lat="50.936358" lon="12.848675">
        <ele>244.825108</ele>
        <time>2026-05-01T00:35:52.141Z</time>
      </trkpt>
      <trkpt lat="50.936283" lon="12.848948">
        <ele>245.010434</ele>
        <time>2026-05-01T00:35:55.040Z</time>
      </trkpt>
      <trkpt lat="50.936213" lon="12.849093">
        <ele>245.124100</ele>
        <time>2026-05-01T00:35:56.802Z</time>
      </trkpt>
      <trkpt lat="50.936061" lon="12.849300">
        <ele>245.321892</ele>
        <time>2026-05-01T00:35:59.829Z</time>
      </trkpt>
      <trkpt lat="50.935840" lon="12.849485">
        <ele>245.568627</ele>
        <time>2026-05-01T00:36:03.622Z</time>
      </trkpt>
      <trkpt lat="50.935614" lon="12.849747">
        <ele>245.811512</ele>
        <time>2026-05-01T00:36:07.698Z</time>
      </trkpt>
      <trkpt lat="50.935050" lon="12.850689">
        <ele>246.036441</ele>
        <time>2026-05-01T00:36:18.308Z</time>
      </trkpt>
      <trkpt lat="50.934741" lon="12.851122">
        <ele>246.149679</ele>
        <time>2026-05-01T00:36:22.915Z</time>
      </trkpt>
      <trkpt lat="50.934289" lon="12.851469">
        <ele>246.287607</ele>
        <time>2026-05-01T00:36:28.783Z</time>
      </trkpt>
      <trkpt lat="50.933947" lon="12.851529">
        <ele>246.612764</ele>
        <time>2026-05-01T00:36:33.192Z</time>
      </trkpt>
      <trkpt lat="50.933677" lon="12.851480">
        <ele>246.879890</ele>
        <time>2026-05-01T00:36:37.770Z</time>
      </trkpt>
      <trkpt lat="50.933535" lon="12.851384">
        <ele>247.031610</ele>
        <time>2026-05-01T00:36:40.527Z</time>
      </trkpt>
      <trkpt lat="50.933080" lon="12.850491">
        <ele>247.742981</ele>
        <time>2026-05-01T00:36:51.645Z</time>
      </trkpt>
      <trkpt lat="50.933011" lon="12.850383">
        <ele>247.838249</ele>
        <time>2026-05-01T00:36:53.255Z</time>
      </trkpt>
      <trkpt lat="50.932942" lon="12.850324">
        <ele>247.915294</ele>
        <time>2026-05-01T00:36:54.460Z</time>
      </trkpt>
      <trkpt lat="50.932907" lon="12.850293">
        <ele>247.954694</ele>
        <time>2026-05-01T00:36:55.198Z</time>
      </trkpt>
      <trkpt lat="50.932798" lon="12.850212">
        <ele>248.072340</ele>
        <time>2026-05-01T00:36:56.983Z</time>
      </trkpt>
      <trkpt lat="50.932511" lon="12.850211">
        <ele>248.339301</ele>
        <time>2026-05-01T00:37:01.343Z</time>
      </trkpt>
      <trkpt lat="50.932244" lon="12.850224">
        <ele>248.587774</ele>
        <time>2026-05-01T00:37:05.393Z</time>
      </trkpt>
      <trkpt lat="50.931712" lon="12.850191">
        <ele>249.083004</ele>
        <time>2026-05-01T00:37:12.695Z</time>
      </trkpt>
      <trkpt lat="50.931537" lon="12.850151">
        <ele>249.247465</ele>
        <time>2026-05-01T00:37:15.062Z</time>
      </trkpt>
      <trkpt lat="50.930049" lon="12.849102">
        <ele>250.323007</ele>
        <time>2026-05-01T00:37:40.424Z</time>
      </trkpt>
      <trkpt lat="50.929863" lon="12.848992">
        <ele>250.428819</ele>
        <time>2026-05-01T00:37:42.876Z</time>
      </trkpt>
      <trkpt lat="50.929583" lon="12.848957">
        <ele>250.578536</ele>
        <time>2026-05-01T00:37:45.984Z</time>
      </trkpt>
      <trkpt lat="50.929440" lon="12.849007">
        <ele>250.656592</ele>
        <time>2026-05-01T00:37:47.495Z</time>
      </trkpt>
      <trkpt lat="50.929298" lon="12.849144">
        <ele>250.703974</ele>
        <time>2026-05-01T00:37:49.137Z</time>
      </trkpt>
      <trkpt lat="50.928579" lon="12.850325">
        <ele>250.824360</ele>
        <time>2026-05-01T00:37:59.575Z</time>
      </trkpt>
      <trkpt lat="50.928457" lon="12.850451">
        <ele>250.841293</ele>
        <time>2026-05-01T00:38:01.513Z</time>
      </trkpt>
      <trkpt lat="50.928398" lon="12.850474">
        <ele>250.848361</ele>
        <time>2026-05-01T00:38:02.389Z</time>
      </trkpt>
      <trkpt lat="50.928237" lon="12.850417">
        <ele>250.867550</ele>
        <time>2026-05-01T00:38:04.907Z</time>
      </trkpt>
      <trkpt lat="50.928168" lon="12.850331">
        <ele>250.877757</ele>
        <time>2026-05-01T00:38:06.364Z</time>
      </trkpt>
      <trkpt lat="50.928062" lon="12.849987">
        <ele>250.941816</ele>
        <time>2026-05-01T00:38:10.628Z</time>
      </trkpt>
      <trkpt lat="50.927966" lon="12.849326">
        <ele>251.424571</ele>
        <time>2026-05-01T00:38:18.677Z</time>
      </trkpt>
      <trkpt lat="50.927899" lon="12.849151">
        <ele>251.570294</ele>
        <time>2026-05-01T00:38:21.137Z</time>
      </trkpt>
      <trkpt lat="50.927798" lon="12.849022">
        <ele>251.716700</ele>
        <time>2026-05-01T00:38:23.629Z</time>
      </trkpt>
      <trkpt lat="50.927572" lon="12.848911">
        <ele>251.983833</ele>
        <time>2026-05-01T00:38:28.020Z</time>
      </trkpt>
      <trkpt lat="50.927388" lon="12.848924">
        <ele>252.191801</ele>
        <time>2026-05-01T00:38:31.207Z</time>
      </trkpt>
      <trkpt lat="50.927215" lon="12.848980">
        <ele>252.391166</ele>
        <time>2026-05-01T00:38:33.995Z</time>
      </trkpt>
      <trkpt lat="50.925908" lon="12.849750">
        <ele>252.471169</ele>
        <time>2026-05-01T00:38:48.640Z</time>
      </trkpt>
      <trkpt lat="50.925594" lon="12.849968">
        <ele>252.298255</ele>
        <time>2026-05-01T00:38:52.080Z</time>
      </trkpt>
      <trkpt lat="50.925450" lon="12.850233">
        <ele>252.186996</ele>
        <time>2026-05-01T00:38:54.382Z</time>
      </trkpt>
      <trkpt lat="50.924768" lon="12.851902">
        <ele>251.627509</ele>
        <time>2026-05-01T00:39:08.168Z</time>
      </trkpt>
      <trkpt lat="50.924551" lon="12.852308">
        <ele>251.484493</ele>
        <time>2026-05-01T00:39:11.723Z</time>
      </trkpt>
      <trkpt lat="50.924842" lon="12.852771">
        <ele>251.308826</ele>
        <time>2026-05-01T00:39:16.059Z</time>
      </trkpt>
      <trkpt lat="50.924946" lon="12.852937">
        <ele>251.261893</ele>
        <time>2026-05-01T00:39:17.624Z</time>
      </trkpt>
      <trkpt lat="50.925168" lon="12.853290">
        <ele>251.297087</ele>
        <time>2026-05-01T00:39:20.936Z</time>
      </trkpt>
      <trkpt lat="50.925336" lon="12.853552">
        <ele>251.323464</ele>
        <time>2026-05-01T00:39:23.430Z</time>
      </trkpt>
      <trkpt lat="50.925494" lon="12.853807">
        <ele>251.348700</ele>
        <time>2026-05-01T00:39:25.860Z</time>
      </trkpt>
      <trkpt lat="50.925586" lon="12.853957">
        <ele>251.363471</ele>
        <time>2026-05-01T00:39:27.464Z</time>
      </trkpt>
      <trkpt lat="50.925545" lon="12.854018">
        <ele>251.369765</ele>
        <time>2026-05-01T00:39:28.175Z</time>
      </trkpt>
      <trkpt lat="50.925563" lon="12.854133">
        <ele>251.378128</ele>
        <time>2026-05-01T00:39:29.183Z</time>
      </trkpt>
      <trkpt lat="50.925539" lon="12.854187">
        <ele>251.382791</ele>
        <time>2026-05-01T00:39:29.731Z</time>
      </trkpt>
      <trkpt lat="50.925442" lon="12.854371">
        <ele>251.399720</ele>
        <time>2026-05-01T00:39:31.776Z</time>
      </trkpt>
      <trkpt lat="50.924976" lon="12.854986">
        <ele>251.501075</ele>
        <time>2026-05-01T00:39:40.455Z</time>
      </trkpt>
      <trkpt lat="50.924399" lon="12.855644">
        <ele>251.930031</ele>
        <time>2026-05-01T00:39:50.703Z</time>
      </trkpt>
      <trkpt lat="50.921955" lon="12.857630">
        <ele>253.440174</ele>
        <time>2026-05-01T00:40:27.163Z</time>
      </trkpt>
      <trkpt lat="50.921617" lon="12.857847">
        <ele>253.822828</ele>
        <time>2026-05-01T00:40:32.611Z</time>
      </trkpt>
      <trkpt lat="50.921370" lon="12.857940">
        <ele>254.122765</ele>
        <time>2026-05-01T00:40:36.544Z</time>
      </trkpt>
      <trkpt lat="50.921158" lon="12.857971">
        <ele>254.374304</ele>
        <time>2026-05-01T00:40:39.944Z</time>
      </trkpt>
      <trkpt lat="50.919823" lon="12.857904">
        <ele>255.810191</ele>
        <time>2026-05-01T00:41:01.851Z</time>
      </trkpt>
      <trkpt lat="50.919389" lon="12.857712">
        <ele>256.125942</ele>
        <time>2026-05-01T00:41:08.305Z</time>
      </trkpt>
      <trkpt lat="50.919264" lon="12.857614">
        <ele>256.223656</ele>
        <time>2026-05-01T00:41:10.201Z</time>
      </trkpt>
      <trkpt lat="50.919190" lon="12.857473">
        <ele>256.304710</ele>
        <time>2026-05-01T00:41:11.718Z</time>
      </trkpt>
      <trkpt lat="50.918810" lon="12.856936">
        <ele>256.661361</ele>
        <time>2026-05-01T00:41:18.422Z</time>
      </trkpt>
      <trkpt lat="50.918545" lon="12.856592">
        <ele>256.929614</ele>
        <time>2026-05-01T00:41:22.972Z</time>
      </trkpt>
      <trkpt lat="50.918323" lon="12.856374">
        <ele>257.248893</ele>
        <time>2026-05-01T00:41:26.243Z</time>
      </trkpt>
      <trkpt lat="50.917942" lon="12.856122">
        <ele>257.753676</ele>
        <time>2026-05-01T00:41:31.496Z</time>
      </trkpt>
      <trkpt lat="50.917658" lon="12.856024">
        <ele>258.109084</ele>
        <time>2026-05-01T00:41:35.746Z</time>
      </trkpt>
      <trkpt lat="50.917341" lon="12.855982">
        <ele>258.498074</ele>
        <time>2026-05-01T00:41:41.088Z</time>
      </trkpt>
      <trkpt lat="50.916854" lon="12.856079">
        <ele>259.146996</ele>
        <time>2026-05-01T00:41:50.545Z</time>
      </trkpt>
      <trkpt lat="50.916514" lon="12.856277">
        <ele>260.198448</ele>
        <time>2026-05-01T00:41:58.148Z</time>
      </trkpt>
      <trkpt lat="50.916324" lon="12.856431">
        <ele>260.817866</ele>
        <time>2026-05-01T00:42:02.767Z</time>
      </trkpt>
      <trkpt lat="50.916079" lon="12.856696">
        <ele>261.678740</ele>
        <time>2026-05-01T00:42:09.221Z</time>
      </trkpt>
      <trkpt lat="50.915797" lon="12.857157">
        <ele>262.854367</ele>
        <time>2026-05-01T00:42:18.116Z</time>
      </trkpt>
      <trkpt lat="50.915596" lon="12.857610">
        <ele>263.868220</ele>
        <time>2026-05-01T00:42:25.859Z</time>
      </trkpt>
      <trkpt lat="50.915485" lon="12.857963">
        <ele>264.527040</ele>
        <time>2026-05-01T00:42:31.247Z</time>
      </trkpt>
      <trkpt lat="50.915398" lon="12.858362">
        <ele>265.140189</ele>
        <time>2026-05-01T00:42:36.804Z</time>
      </trkpt>
      <trkpt lat="50.915338" lon="12.858971">
        <ele>266.035382</ele>
        <time>2026-05-01T00:42:44.145Z</time>
      </trkpt>
      <trkpt lat="50.915337" lon="12.859358">
        <ele>266.597432</ele>
        <time>2026-05-01T00:42:49.317Z</time>
      </trkpt>
      <trkpt lat="50.915369" lon="12.859796">
        <ele>267.237803</ele>
        <time>2026-05-01T00:42:54.818Z</time>
      </trkpt>
      <trkpt lat="50.915411" lon="12.860103">
        <ele>267.694039</ele>
        <time>2026-05-01T00:42:59.131Z</time>
      </trkpt>
      <trkpt lat="50.915506" lon="12.860569">
        <ele>268.405317</ele>
        <time>2026-05-01T00:43:05.425Z</time>
      </trkpt>
      <trkpt lat="50.915737" lon="12.861432">
        <ele>270.149458</ele>
        <time>2026-05-01T00:43:18.359Z</time>
      </trkpt>
      <trkpt lat="50.915847" lon="12.861875">
        <ele>271.038414</ele>
        <time>2026-05-01T00:43:24.909Z</time>
      </trkpt>
      <trkpt lat="50.915907" lon="12.862244">
        <ele>271.749910</ele>
        <time>2026-05-01T00:43:30.174Z</time>
      </trkpt>
      <trkpt lat="50.915940" lon="12.862621">
        <ele>272.460550</ele>
        <time>2026-05-01T00:43:35.340Z</time>
      </trkpt>
      <trkpt lat="50.915939" lon="12.863208">
        <ele>273.556527</ele>
        <time>2026-05-01T00:43:43.763Z</time>
      </trkpt>
      <trkpt lat="50.915893" lon="12.863701">
        <ele>274.231155</ele>
        <time>2026-05-01T00:43:50.566Z</time>
      </trkpt>
      <trkpt lat="50.915773" lon="12.864284">
        <ele>274.976415</ele>
        <time>2026-05-01T00:43:57.988Z</time>
      </trkpt>
      <trkpt lat="50.915681" lon="12.864624">
        <ele>275.426028</ele>
        <time>2026-05-01T00:44:02.303Z</time>
      </trkpt>
      <trkpt lat="50.915581" lon="12.864879">
        <ele>275.790959</ele>
        <time>2026-05-01T00:44:05.637Z</time>
      </trkpt>
      <trkpt lat="50.915473" lon="12.865138">
        <ele>276.168309</ele>
        <time>2026-05-01T00:44:09.015Z</time>
      </trkpt>
      <trkpt lat="50.915042" lon="12.865889">
        <ele>277.088535</ele>
        <time>2026-05-01T00:44:19.324Z</time>
      </trkpt>
      <trkpt lat="50.914769" lon="12.866458">
        <ele>276.453917</ele>
        <time>2026-05-01T00:44:25.446Z</time>
      </trkpt>
      <trkpt lat="50.914664" lon="12.866803">
        <ele>276.113900</ele>
        <time>2026-05-01T00:44:28.055Z</time>
      </trkpt>
      <trkpt lat="50.914561" lon="12.867233">
        <ele>275.705634</ele>
        <time>2026-05-01T00:44:30.710Z</time>
      </trkpt>
      <trkpt lat="50.914523" lon="12.867628">
        <ele>275.350991</ele>
        <time>2026-05-01T00:44:32.810Z</time>
      </trkpt>
      <trkpt lat="50.914513" lon="12.868041">
        <ele>274.984159</ele>
        <time>2026-05-01T00:44:34.897Z</time>
      </trkpt>
      <trkpt lat="50.914539" lon="12.868467">
        <ele>274.482910</ele>
        <time>2026-05-01T00:44:37.006Z</time>
      </trkpt>
      <trkpt lat="50.914618" lon="12.868974">
        <ele>273.354963</ele>
        <time>2026-05-01T00:44:39.559Z</time>
      </trkpt>
      <trkpt lat="50.914767" lon="12.869482">
        <ele>272.144888</ele>
        <time>2026-05-01T00:44:42.308Z</time>
      </trkpt>
      <trkpt lat="50.915050" lon="12.870150">
        <ele>270.406713</ele>
        <time>2026-05-01T00:44:46.291Z</time>
      </trkpt>
      <trkpt lat="50.916388" lon="12.872392">
        <ele>265.753634</ele>
        <time>2026-05-01T00:45:02.862Z</time>
      </trkpt>
      <trkpt lat="50.916632" lon="12.872824">
        <ele>265.027956</ele>
        <time>2026-05-01T00:45:06.419Z</time>
      </trkpt>
      <trkpt lat="50.916801" lon="12.873186">
        <ele>264.997330</ele>
        <time>2026-05-01T00:45:09.399Z</time>
      </trkpt>
      <trkpt lat="50.916952" lon="12.873597">
        <ele>265.044639</ele>
        <time>2026-05-01T00:45:12.886Z</time>
      </trkpt>
      <trkpt lat="50.917066" lon="12.874031">
        <ele>265.091397</ele>
        <time>2026-05-01T00:45:16.657Z</time>
      </trkpt>
      <trkpt lat="50.917173" lon="12.874600">
        <ele>265.150449</ele>
        <time>2026-05-01T00:45:21.579Z</time>
      </trkpt>
      <trkpt lat="50.917228" lon="12.875433">
        <ele>265.233745</ele>
        <time>2026-05-01T00:45:28.872Z</time>
      </trkpt>
      <trkpt lat="50.917231" lon="12.875764">
        <ele>265.557734</ele>
        <time>2026-05-01T00:45:31.811Z</time>
      </trkpt>
      <trkpt lat="50.917176" lon="12.876387">
        <ele>266.353152</ele>
        <time>2026-05-01T00:45:37.867Z</time>
      </trkpt>
      <trkpt lat="50.916973" lon="12.877459">
        <ele>267.768436</ele>
        <time>2026-05-01T00:45:50.248Z</time>
      </trkpt>
      <trkpt lat="50.916099" lon="12.881778">
        <ele>275.491308</ele>
        <time>2026-05-01T00:46:56.130Z</time>
      </trkpt>
      <trkpt lat="50.915103" lon="12.885791">
        <ele>276.041436</ele>
        <time>2026-05-01T00:47:28.122Z</time>
      </trkpt>
      <trkpt lat="50.914541" lon="12.888691">
        <ele>273.458882</ele>
        <time>2026-05-01T00:47:44.674Z</time>
      </trkpt>
      <trkpt lat="50.914372" lon="12.889579">
        <ele>273.484501</ele>
        <time>2026-05-01T00:47:52.103Z</time>
      </trkpt>
      <trkpt lat="50.914310" lon="12.889907">
        <ele>273.733577</ele>
        <time>2026-05-01T00:47:55.503Z</time>
      </trkpt>
      <trkpt lat="50.913839" lon="12.892361">
        <ele>275.323627</ele>
        <time>2026-05-01T00:48:23.755Z</time>
      </trkpt>
      <trkpt lat="50.913567" lon="12.893780">
        <ele>275.719208</ele>
        <time>2026-05-01T00:48:36.775Z</time>
      </trkpt>
      <trkpt lat="50.913345" lon="12.894620">
        <ele>275.854681</ele>
        <time>2026-05-01T00:48:42.591Z</time>
      </trkpt>
      <trkpt lat="50.913176" lon="12.895043">
        <ele>275.603799</ele>
        <time>2026-05-01T00:48:45.482Z</time>
      </trkpt>
      <trkpt lat="50.912989" lon="12.895384">
        <ele>275.377384</ele>
        <time>2026-05-01T00:48:48.071Z</time>
      </trkpt>
      <trkpt lat="50.912761" lon="12.895682">
        <ele>275.142628</ele>
        <time>2026-05-01T00:48:50.764Z</time>
      </trkpt>
      <trkpt lat="50.912382" lon="12.896062">
        <ele>274.786349</ele>
        <time>2026-05-01T00:48:55.107Z</time>
      </trkpt>
      <trkpt lat="50.912349" lon="12.895968">
        <ele>274.732447</ele>
        <time>2026-05-01T00:48:55.904Z</time>
      </trkpt>
      <trkpt lat="50.912275" lon="12.895926">
        <ele>274.669996</ele>
        <time>2026-05-01T00:48:56.721Z</time>
      </trkpt>
      <trkpt lat="50.912175" lon="12.895934">
        <ele>274.590436</ele>
        <time>2026-05-01T00:48:57.961Z</time>
      </trkpt>
      <trkpt lat="50.911844" lon="12.896159">
        <ele>274.681774</ele>
        <time>2026-05-01T00:49:02.994Z</time>
      </trkpt>
      <trkpt lat="50.911594" lon="12.896241">
        <ele>274.879132</ele>
        <time>2026-05-01T00:49:07.436Z</time>
      </trkpt>
      <trkpt lat="50.910358" lon="12.896458">
        <ele>275.840488</ele>
        <time>2026-05-01T00:49:27.955Z</time>
      </trkpt>
      <trkpt lat="50.910333" lon="12.896433">
        <ele>275.863336</ele>
        <time>2026-05-01T00:49:28.299Z</time>
      </trkpt>
      <trkpt lat="50.910384" lon="12.896642">
        <ele>275.671602</ele>
        <time>2026-05-01T00:49:29.900Z</time>
      </trkpt>
      <trkpt lat="50.908352" lon="12.897016">
        <ele>271.997301</ele>
        <time>2026-05-01T00:49:47.203Z</time>
      </trkpt>
      <trkpt lat="50.908181" lon="12.897033">
        <ele>271.787424</ele>
        <time>2026-05-01T00:49:48.687Z</time>
      </trkpt>
      <trkpt lat="50.907797" lon="12.896997">
        <ele>271.316224</ele>
        <time>2026-05-01T00:49:52.177Z</time>
      </trkpt>
      <trkpt lat="50.907428" lon="12.896866">
        <ele>270.853031</ele>
        <time>2026-05-01T00:49:55.902Z</time>
      </trkpt>
      <trkpt lat="50.907145" lon="12.896687">
        <ele>270.479815</ele>
        <time>2026-05-01T00:49:59.220Z</time>
      </trkpt>
      <trkpt lat="50.906403" lon="12.895958">
        <ele>272.126844</ele>
        <time>2026-05-01T00:50:10.551Z</time>
      </trkpt>
      <trkpt lat="50.905743" lon="12.895342">
        <ele>274.284762</ele>
        <time>2026-05-01T00:50:27.626Z</time>
      </trkpt>
      <trkpt lat="50.905316" lon="12.895176">
        <ele>275.470904</ele>
        <time>2026-05-01T00:50:42.235Z</time>
      </trkpt>
      <trkpt lat="50.905127" lon="12.895151">
        <ele>275.878402</ele>
        <time>2026-05-01T00:50:48.559Z</time>
      </trkpt>
      <trkpt lat="50.904558" lon="12.895179">
        <ele>277.101549</ele>
        <time>2026-05-01T00:51:04.808Z</time>
      </trkpt>
      <trkpt lat="50.904340" lon="12.895187">
        <ele>277.570071</ele>
        <time>2026-05-01T00:51:09.979Z</time>
      </trkpt>
      <trkpt lat="50.903237" lon="12.895274">
        <ele>278.468435</ele>
        <time>2026-05-01T00:51:19.898Z</time>
      </trkpt>
      <trkpt lat="50.903055" lon="12.895282">
        <ele>278.116844</ele>
        <time>2026-05-01T00:51:21.246Z</time>
      </trkpt>
      <trkpt lat="50.902667" lon="12.895308">
        <ele>277.366919</ele>
        <time>2026-05-01T00:51:24.255Z</time>
      </trkpt>
      <trkpt lat="50.902346" lon="12.895340">
        <ele>276.745821</ele>
        <time>2026-05-01T00:51:26.967Z</time>
      </trkpt>
      <trkpt lat="50.902140" lon="12.895362">
        <ele>276.347118</ele>
        <time>2026-05-01T00:51:28.893Z</time>
      </trkpt>
      <trkpt lat="50.900841" lon="12.895901">
        <ele>276.114140</ele>
        <time>2026-05-01T00:51:49.556Z</time>
      </trkpt>
      <trkpt lat="50.900552" lon="12.895964">
        <ele>276.236486</ele>
        <time>2026-05-01T00:51:53.490Z</time>
      </trkpt>
      <trkpt lat="50.900295" lon="12.895998">
        <ele>276.344645</ele>
        <time>2026-05-01T00:51:56.567Z</time>
      </trkpt>
      <trkpt lat="50.899734" lon="12.895966">
        <ele>276.348851</ele>
        <time>2026-05-01T00:52:02.456Z</time>
      </trkpt>
      <trkpt lat="50.899257" lon="12.895830">
        <ele>276.197887</ele>
        <time>2026-05-01T00:52:07.330Z</time>
      </trkpt>
      <trkpt lat="50.898966" lon="12.895686">
        <ele>276.102931</ele>
        <time>2026-05-01T00:52:10.490Z</time>
      </trkpt>
      <trkpt lat="50.897341" lon="12.894550">
        <ele>276.083209</ele>
        <time>2026-05-01T00:52:32.067Z</time>
      </trkpt>
      <trkpt lat="50.896463" lon="12.893881">
        <ele>276.295492</ele>
        <time>2026-05-01T00:52:44.720Z</time>
      </trkpt>
      <trkpt lat="50.896073" lon="12.893497">
        <ele>276.442397</ele>
        <time>2026-05-01T00:52:50.466Z</time>
      </trkpt>
      <trkpt lat="50.895817" lon="12.893182">
        <ele>276.546092</ele>
        <time>2026-05-01T00:52:54.522Z</time>
      </trkpt>
      <trkpt lat="50.895267" lon="12.892388">
        <ele>276.784119</ele>
        <time>2026-05-01T00:53:04.213Z</time>
      </trkpt>
      <trkpt lat="50.894946" lon="12.891980">
        <ele>277.010482</ele>
        <time>2026-05-01T00:53:09.808Z</time>
      </trkpt>
      <trkpt lat="50.894698" lon="12.891755">
        <ele>277.169844</ele>
        <time>2026-05-01T00:53:13.766Z</time>
      </trkpt>
      <trkpt lat="50.894315" lon="12.891530">
        <ele>277.397645</ele>
        <time>2026-05-01T00:53:19.563Z</time>
      </trkpt>
      <trkpt lat="50.893678" lon="12.891346">
        <ele>277.758764</ele>
        <time>2026-05-01T00:53:28.591Z</time>
      </trkpt>
      <trkpt lat="50.893305" lon="12.891260">
        <ele>277.806825</ele>
        <time>2026-05-01T00:53:33.532Z</time>
      </trkpt>
      <trkpt lat="50.892622" lon="12.891097">
        <ele>277.840223</ele>
        <time>2026-05-01T00:53:41.821Z</time>
      </trkpt>
      <trkpt lat="50.891393" lon="12.890795">
        <ele>277.847896</ele>
        <time>2026-05-01T00:53:56.025Z</time>
      </trkpt>
      <trkpt lat="50.889540" lon="12.890362">
        <ele>278.052358</ele>
        <time>2026-05-01T00:54:17.906Z</time>
      </trkpt>
      <trkpt lat="50.888980" lon="12.890347">
        <ele>278.364794</ele>
        <time>2026-05-01T00:54:25.803Z</time>
      </trkpt>
      <trkpt lat="50.888838" lon="12.890372">
        <ele>278.444495</ele>
        <time>2026-05-01T00:54:27.914Z</time>
      </trkpt>
      <trkpt lat="50.888373" lon="12.890547">
        <ele>278.711101</ele>
        <time>2026-05-01T00:54:35.243Z</time>
      </trkpt>
      <trkpt lat="50.887055" lon="12.891274">
        <ele>279.279079</ele>
        <time>2026-05-01T00:54:54.570Z</time>
      </trkpt>
      <trkpt lat="50.886691" lon="12.891474">
        <ele>279.431902</ele>
        <time>2026-05-01T00:55:00.475Z</time>
      </trkpt>
      <trkpt lat="50.886219" lon="12.891603">
        <ele>279.489366</ele>
        <time>2026-05-01T00:55:08.023Z</time>
      </trkpt>
      <trkpt lat="50.885756" lon="12.891576">
        <ele>279.507988</ele>
        <time>2026-05-01T00:55:15.142Z</time>
      </trkpt>
      <trkpt lat="50.885150" lon="12.891477">
        <ele>279.532474</ele>
        <time>2026-05-01T00:55:25.390Z</time>
      </trkpt>
      <trkpt lat="50.884265" lon="12.891575">
        <ele>279.391246</ele>
        <time>2026-05-01T00:55:40.555Z</time>
      </trkpt>
      <trkpt lat="50.882888" lon="12.891484">
        <ele>278.924418</ele>
        <time>2026-05-01T00:56:01.219Z</time>
      </trkpt>
      <trkpt lat="50.882382" lon="12.891599">
        <ele>278.481013</ele>
        <time>2026-05-01T00:56:08.196Z</time>
      </trkpt>
      <trkpt lat="50.882224" lon="12.891679">
        <ele>278.337138</ele>
        <time>2026-05-01T00:56:09.776Z</time>
      </trkpt>
      <trkpt lat="50.881939" lon="12.891860">
        <ele>278.070816</ele>
        <time>2026-05-01T00:56:13.956Z</time>
      </trkpt>
      <trkpt lat="50.881594" lon="12.892200">
        <ele>277.718424</ele>
        <time>2026-05-01T00:56:19.530Z</time>
      </trkpt>
      <trkpt lat="50.881242" lon="12.892730">
        <ele>277.486214</ele>
        <time>2026-05-01T00:56:26.381Z</time>
      </trkpt>
      <trkpt lat="50.879341" lon="12.896364">
        <ele>278.242176</ele>
        <time>2026-05-01T00:57:18.101Z</time>
      </trkpt>
      <trkpt lat="50.876556" lon="12.901670">
        <ele>280.029439</ele>
        <time>2026-05-01T00:58:16.441Z</time>
      </trkpt>
      <trkpt lat="50.876213" lon="12.902038">
        <ele>279.968478</ele>
        <time>2026-05-01T00:58:21.136Z</time>
      </trkpt>
      <trkpt lat="50.876064" lon="12.902108">
        <ele>279.945606</ele>
        <time>2026-05-01T00:58:22.869Z</time>
      </trkpt>
      <trkpt lat="50.875662" lon="12.902037">
        <ele>279.886076</ele>
        <time>2026-05-01T00:58:27.169Z</time>
      </trkpt>
      <trkpt lat="50.875142" lon="12.902005">
        <ele>279.820082</ele>
        <time>2026-05-01T00:58:32.547Z</time>
      </trkpt>
      <trkpt lat="50.874875" lon="12.901937">
        <ele>279.899004</ele>
        <time>2026-05-01T00:58:35.523Z</time>
      </trkpt>
      <trkpt lat="50.874808" lon="12.901970">
        <ele>279.919481</ele>
        <time>2026-05-01T00:58:36.320Z</time>
      </trkpt>
      <trkpt lat="50.874707" lon="12.902055">
        <ele>279.952855</ele>
        <time>2026-05-01T00:58:37.637Z</time>
      </trkpt>
      <trkpt lat="50.874017" lon="12.902172">
        <ele>280.155378</ele>
        <time>2026-05-01T00:58:46.857Z</time>
      </trkpt>
      <trkpt lat="50.873517" lon="12.902325">
        <ele>280.303995</ele>
        <time>2026-05-01T00:58:54.364Z</time>
      </trkpt>
      <trkpt lat="50.872909" lon="12.902566">
        <ele>280.351467</ele>
        <time>2026-05-01T00:59:02.921Z</time>
      </trkpt>
      <trkpt lat="50.872850" lon="12.902589">
        <ele>280.353075</ele>
        <time>2026-05-01T00:59:03.741Z</time>
      </trkpt>
      <trkpt lat="50.872498" lon="12.902726">
        <ele>280.362665</ele>
        <time>2026-05-01T00:59:10.012Z</time>
      </trkpt>
      <trkpt lat="50.872372" lon="12.902713">
        <ele>280.366006</ele>
        <time>2026-05-01T00:59:11.545Z</time>
      </trkpt>
      <trkpt lat="50.872263" lon="12.902583">
        <ele>280.369616</ele>
        <time>2026-05-01T00:59:13.120Z</time>
      </trkpt>
      <trkpt lat="50.870850" lon="12.901726">
        <ele>280.121226</ele>
        <time>2026-05-01T00:59:28.617Z</time>
      </trkpt>
      <trkpt lat="50.870595" lon="12.901620">
        <ele>280.044697</ele>
        <time>2026-05-01T00:59:31.611Z</time>
      </trkpt>
      <trkpt lat="50.870169" lon="12.901574">
        <ele>279.920746</ele>
        <time>2026-05-01T00:59:36.729Z</time>
      </trkpt>
      <trkpt lat="50.869658" lon="12.901649">
        <ele>280.083712</ele>
        <time>2026-05-01T00:59:43.300Z</time>
      </trkpt>
      <trkpt lat="50.869362" lon="12.901800">
        <ele>280.300673</ele>
        <time>2026-05-01T00:59:47.489Z</time>
      </trkpt>
      <trkpt lat="50.869100" lon="12.901984">
        <ele>280.500622</ele>
        <time>2026-05-01T00:59:51.561Z</time>
      </trkpt>
      <trkpt lat="50.868945" lon="12.902138">
        <ele>280.628268</ele>
        <time>2026-05-01T00:59:54.250Z</time>
      </trkpt>
      <trkpt lat="50.868712" lon="12.902394">
        <ele>280.826092</ele>
        <time>2026-05-01T00:59:58.505Z</time>
      </trkpt>
      <trkpt lat="50.868530" lon="12.902653">
        <ele>280.996769</ele>
        <time>2026-05-01T01:00:02.240Z</time>
      </trkpt>
      <trkpt lat="50.868294" lon="12.903096">
        <ele>281.276965</ele>
        <time>2026-05-01T01:00:07.782Z</time>
      </trkpt>
      <trkpt lat="50.867904" lon="12.903876">
        <ele>281.796851</ele>
        <time>2026-05-01T01:00:17.017Z</time>
      </trkpt>
      <trkpt lat="50.867603" lon="12.904248">
        <ele>282.112849</ele>
        <time>2026-05-01T01:00:22.439Z</time>
      </trkpt>
      <trkpt lat="50.867590" lon="12.904330">
        <ele>282.157020</ele>
        <time>2026-05-01T01:00:23.194Z</time>
      </trkpt>
      <trkpt lat="50.867583" lon="12.904643">
        <ele>282.320645</ele>
        <time>2026-05-01T01:00:25.954Z</time>
      </trkpt>
      <trkpt lat="50.867276" lon="12.905152">
        <ele>282.705917</ele>
        <time>2026-05-01T01:00:32.173Z</time>
      </trkpt>
      <trkpt lat="50.867207" lon="12.905250">
        <ele>282.799100</ele>
        <time>2026-05-01T01:00:33.488Z</time>
      </trkpt>
      <trkpt lat="50.867027" lon="12.905656">
        <ele>283.113996</ele>
        <time>2026-05-01T01:00:38.097Z</time>
      </trkpt>
      <trkpt lat="50.866614" lon="12.906223">
        <ele>283.663526</ele>
        <time>2026-05-01T01:00:46.619Z</time>
      </trkpt>
      <trkpt lat="50.866332" lon="12.906768">
        <ele>284.110809</ele>
        <time>2026-05-01T01:00:53.730Z</time>
      </trkpt>
      <trkpt lat="50.866129" lon="12.907396">
        <ele>284.462052</ele>
        <time>2026-05-01T01:01:00.500Z</time>
      </trkpt>
      <trkpt lat="50.866034" lon="12.907947">
        <ele>284.579100</ele>
        <time>2026-05-01T01:01:05.569Z</time>
      </trkpt>
      <trkpt lat="50.866002" lon="12.908583">
        <ele>284.709843</ele>
        <time>2026-05-01T01:01:10.748Z</time>
      </trkpt>
      <trkpt lat="50.866005" lon="12.908888">
        <ele>284.772351</ele>
        <time>2026-05-01T01:01:13.036Z</time>
      </trkpt>
      <trkpt lat="50.866047" lon="12.909348">
        <ele>284.867596</ele>
        <time>2026-05-01T01:01:16.332Z</time>
      </trkpt>
      <trkpt lat="50.866464" lon="12.911158">
        <ele>285.047170</ele>
        <time>2026-05-01T01:01:30.748Z</time>
      </trkpt>
      <trkpt lat="50.866457" lon="12.911437">
        <ele>285.057455</ele>
        <time>2026-05-01T01:01:33.008Z</time>
      </trkpt>
      <trkpt lat="50.866537" lon="12.911712">
        <ele>285.068608</ele>
        <time>2026-05-01T01:01:35.438Z</time>
      </trkpt>
      <trkpt lat="50.866643" lon="12.911959">
        <ele>285.079610</ele>
        <time>2026-05-01T01:01:37.806Z</time>
      </trkpt>
      <trkpt lat="50.866705" lon="12.912216">
        <ele>285.089744</ele>
        <time>2026-05-01T01:01:39.957Z</time>
      </trkpt>
      <trkpt lat="50.866702" lon="12.912659">
        <ele>285.100033</ele>
        <time>2026-05-01T01:01:43.328Z</time>
      </trkpt>
      <trkpt lat="50.866530" lon="12.913897">
        <ele>284.889492</ele>
        <time>2026-05-01T01:01:52.436Z</time>
      </trkpt>
      <trkpt lat="50.866522" lon="12.914222">
        <ele>284.835472</ele>
        <time>2026-05-01T01:01:54.602Z</time>
      </trkpt>
      <trkpt lat="50.866490" lon="12.914678">
        <ele>284.759269</ele>
        <time>2026-05-01T01:01:57.588Z</time>
      </trkpt>
      <trkpt lat="50.866409" lon="12.915184">
        <ele>284.672566</ele>
        <time>2026-05-01T01:02:01.043Z</time>
      </trkpt>
      <trkpt lat="50.866345" lon="12.915407">
        <ele>284.631879</ele>
        <time>2026-05-01T01:02:02.720Z</time>
      </trkpt>
      <trkpt lat="50.866194" lon="12.915787">
        <ele>284.761552</ele>
        <time>2026-05-01T01:02:05.963Z</time>
      </trkpt>
      <trkpt lat="50.866016" lon="12.916097">
        <ele>284.883207</ele>
        <time>2026-05-01T01:02:09.286Z</time>
      </trkpt>
      <trkpt lat="50.865759" lon="12.916396">
        <ele>285.029852</ele>
        <time>2026-05-01T01:02:13.588Z</time>
      </trkpt>
      <trkpt lat="50.865543" lon="12.916561">
        <ele>285.140140</ele>
        <time>2026-05-01T01:02:16.996Z</time>
      </trkpt>
      <trkpt lat="50.864944" lon="12.916877">
        <ele>285.430508</ele>
        <time>2026-05-01T01:02:26.316Z</time>
      </trkpt>
      <trkpt lat="50.864572" lon="12.917128">
        <ele>285.580507</ele>
        <time>2026-05-01T01:02:32.218Z</time>
      </trkpt>
      <trkpt lat="50.864376" lon="12.917202">
        <ele>285.652029</ele>
        <time>2026-05-01T01:02:35.080Z</time>
      </trkpt>
      <trkpt lat="50.864268" lon="12.917297">
        <ele>285.695877</ele>
        <time>2026-05-01T01:02:36.765Z</time>
      </trkpt>
      <trkpt lat="50.863903" lon="12.917674">
        <ele>285.850541</ele>
        <time>2026-05-01T01:02:42.393Z</time>
      </trkpt>
      <trkpt lat="50.861614" lon="12.919593">
        <ele>286.191311</ele>
        <time>2026-05-01T01:03:12.943Z</time>
      </trkpt>
      <trkpt lat="50.861105" lon="12.920121">
        <ele>286.388227</ele>
        <time>2026-05-01T01:03:20.890Z</time>
      </trkpt>
      <trkpt lat="50.860448" lon="12.921060">
        <ele>286.674618</ele>
        <time>2026-05-01T01:03:32.477Z</time>
      </trkpt>
      <trkpt lat="50.859896" lon="12.921982">
        <ele>287.342904</ele>
        <time>2026-05-01T01:03:42.839Z</time>
      </trkpt>
      <trkpt lat="50.859722" lon="12.922433">
        <ele>287.681015</ele>
        <time>2026-05-01T01:03:47.745Z</time>
      </trkpt>
      <trkpt lat="50.859633" lon="12.922591">
        <ele>287.816475</ele>
        <time>2026-05-01T01:03:49.823Z</time>
      </trkpt>
      <trkpt lat="50.859587" lon="12.922609">
        <ele>287.864491</ele>
        <time>2026-05-01T01:03:50.551Z</time>
      </trkpt>
      <trkpt lat="50.859522" lon="12.922535">
        <ele>287.945606</ele>
        <time>2026-05-01T01:03:51.846Z</time>
      </trkpt>
      <trkpt lat="50.859480" lon="12.922594">
        <ele>288.002491</ele>
        <time>2026-05-01T01:03:52.766Z</time>
      </trkpt>
      <trkpt lat="50.859315" lon="12.922834">
        <ele>288.229488</ele>
        <time>2026-05-01T01:03:56.549Z</time>
      </trkpt>
      <trkpt lat="50.859299" lon="12.922894">
        <ele>288.271153</ele>
        <time>2026-05-01T01:03:57.269Z</time>
      </trkpt>
      <trkpt lat="50.859314" lon="12.923013">
        <ele>288.348777</ele>
        <time>2026-05-01T01:03:58.592Z</time>
      </trkpt>
      <trkpt lat="50.859301" lon="12.923097">
        <ele>288.404102</ele>
        <time>2026-05-01T01:03:59.570Z</time>
      </trkpt>
      <trkpt lat="50.859137" lon="12.923414">
        <ele>288.668352</ele>
        <time>2026-05-01T01:04:04.167Z</time>
      </trkpt>
      <trkpt lat="50.858610" lon="12.924227">
        <ele>289.429040</ele>
        <time>2026-05-01T01:04:17.052Z</time>
      </trkpt>
      <trkpt lat="50.858494" lon="12.924369">
        <ele>289.580638</ele>
        <time>2026-05-01T01:04:19.369Z</time>
      </trkpt>
      <trkpt lat="50.858179" lon="12.924564">
        <ele>289.930372</ele>
        <time>2026-05-01T01:04:24.261Z</time>
      </trkpt>
      <trkpt lat="50.857805" lon="12.924854">
        <ele>290.360975</ele>
        <time>2026-05-01T01:04:29.551Z</time>
      </trkpt>
      <trkpt lat="50.857556" lon="12.924974">
        <ele>290.344412</ele>
        <time>2026-05-01T01:04:32.503Z</time>
      </trkpt>
      <trkpt lat="50.857393" lon="12.924958">
        <ele>290.277846</ele>
        <time>2026-05-01T01:04:34.241Z</time>
      </trkpt>
      <trkpt lat="50.857317" lon="12.925048">
        <ele>290.239170</ele>
        <time>2026-05-01T01:04:35.229Z</time>
      </trkpt>
      <trkpt lat="50.857153" lon="12.925116">
        <ele>290.170071</ele>
        <time>2026-05-01T01:04:36.977Z</time>
      </trkpt>
      <trkpt lat="50.856599" lon="12.925518">
        <ele>289.921698</ele>
        <time>2026-05-01T01:04:43.239Z</time>
      </trkpt>
      <trkpt lat="50.856456" lon="12.925658">
        <ele>289.853178</ele>
        <time>2026-05-01T01:04:44.990Z</time>
      </trkpt>
      <trkpt lat="50.856062" lon="12.925918">
        <ele>289.697039</ele>
        <time>2026-05-01T01:04:49.550Z</time>
      </trkpt>
      <trkpt lat="50.855534" lon="12.926184">
        <ele>289.784517</ele>
        <time>2026-05-01T01:04:55.742Z</time>
      </trkpt>
      <trkpt lat="50.855364" lon="12.926269">
        <ele>289.812663</ele>
        <time>2026-05-01T01:04:57.844Z</time>
      </trkpt>
      <trkpt lat="50.854936" lon="12.926340">
        <ele>289.880608</ele>
        <time>2026-05-01T01:05:03.343Z</time>
      </trkpt>
      <trkpt lat="50.854625" lon="12.926327">
        <ele>289.929727</ele>
        <time>2026-05-01T01:05:07.663Z</time>
      </trkpt>
      <trkpt lat="50.853792" lon="12.926092">
        <ele>290.167027</ele>
        <time>2026-05-01T01:05:19.491Z</time>
      </trkpt>
      <trkpt lat="50.853697" lon="12.926039">
        <ele>290.201827</ele>
        <time>2026-05-01T01:05:20.821Z</time>
      </trkpt>
      <trkpt lat="50.853671" lon="12.925978">
        <ele>290.217880</ele>
        <time>2026-05-01T01:05:21.405Z</time>
      </trkpt>
      <trkpt lat="50.853605" lon="12.925926">
        <ele>290.243349</ele>
        <time>2026-05-01T01:05:22.368Z</time>
      </trkpt>
      <trkpt lat="50.853279" lon="12.925864">
        <ele>290.356793</ele>
        <time>2026-05-01T01:05:26.538Z</time>
      </trkpt>
      <trkpt lat="50.852593" lon="12.925751">
        <ele>290.595088</ele>
        <time>2026-05-01T01:05:34.844Z</time>
      </trkpt>
      <trkpt lat="50.850439" lon="12.925208">
        <ele>291.175347</ele>
        <time>2026-05-01T01:06:01.888Z</time>
      </trkpt>
      <trkpt lat="50.850064" lon="12.925055">
        <ele>291.462646</ele>
        <time>2026-05-01T01:06:07.366Z</time>
      </trkpt>
      <trkpt lat="50.849679" lon="12.924839">
        <ele>291.765672</ele>
        <time>2026-05-01T01:06:13.321Z</time>
      </trkpt>
      <trkpt lat="50.849473" lon="12.924628">
        <ele>291.947678</ele>
        <time>2026-05-01T01:06:17.005Z</time>
      </trkpt>
      <trkpt lat="50.849341" lon="12.924432">
        <ele>292.081916</ele>
        <time>2026-05-01T01:06:19.815Z</time>
      </trkpt>
      <trkpt lat="50.849195" lon="12.924136">
        <ele>292.248161</ele>
        <time>2026-05-01T01:06:23.549Z</time>
      </trkpt>
      <trkpt lat="50.848947" lon="12.923505">
        <ele>292.469794</ele>
        <time>2026-05-01T01:06:30.876Z</time>
      </trkpt>
      <trkpt lat="50.848811" lon="12.923083">
        <ele>292.611073</ele>
        <time>2026-05-01T01:06:35.156Z</time>
      </trkpt>
      <trkpt lat="50.848781" lon="12.923114">
        <ele>292.627991</ele>
        <time>2026-05-01T01:06:35.837Z</time>
      </trkpt>
      <trkpt lat="50.848520" lon="12.923376">
        <ele>292.773930</ele>
        <time>2026-05-01T01:06:39.871Z</time>
      </trkpt>
      <trkpt lat="50.848481" lon="12.923416">
        <ele>292.795874</ele>
        <time>2026-05-01T01:06:40.643Z</time>
      </trkpt>
      <trkpt lat="50.848462" lon="12.923489">
        <ele>292.819419</ele>
        <time>2026-05-01T01:06:41.509Z</time>
      </trkpt>
      <trkpt lat="50.848366" lon="12.923778">
        <ele>292.916795</ele>
        <time>2026-05-01T01:06:44.287Z</time>
      </trkpt>
      <trkpt lat="50.847770" lon="12.923349">
        <ele>292.946561</ele>
        <time>2026-05-01T01:06:51.451Z</time>
      </trkpt>
      <trkpt lat="50.847607" lon="12.923228">
        <ele>292.868128</ele>
        <time>2026-05-01T01:06:53.232Z</time>
      </trkpt>
      <trkpt lat="50.847558" lon="12.923192">
        <ele>292.844593</ele>
        <time>2026-05-01T01:06:53.768Z</time>
      </trkpt>
      <trkpt lat="50.847457" lon="12.923117">
        <ele>292.795990</ele>
        <time>2026-05-01T01:06:54.861Z</time>
      </trkpt>
      <trkpt lat="50.846925" lon="12.922679">
        <ele>292.534749</ele>
        <time>2026-05-01T01:07:00.903Z</time>
      </trkpt>
      <trkpt lat="50.846295" lon="12.922613">
        <ele>292.338378</ele>
        <time>2026-05-01T01:07:08.025Z</time>
      </trkpt>
      <trkpt lat="50.845684" lon="12.922525">
        <ele>292.635042</ele>
        <time>2026-05-01T01:07:15.579Z</time>
      </trkpt>
      <trkpt lat="50.845651" lon="12.922464">
        <ele>292.659567</ele>
        <time>2026-05-01T01:07:16.469Z</time>
      </trkpt>
      <trkpt lat="50.845417" lon="12.922384">
        <ele>292.775323</ele>
        <time>2026-05-01T01:07:20.746Z</time>
      </trkpt>
      <trkpt lat="50.845371" lon="12.922389">
        <ele>292.797618</ele>
        <time>2026-05-01T01:07:21.378Z</time>
      </trkpt>
      <trkpt lat="50.845331" lon="12.922394">
        <ele>292.817020</ele>
        <time>2026-05-01T01:07:21.951Z</time>
      </trkpt>
      <trkpt lat="50.845232" lon="12.922412">
        <ele>292.865205</ele>
        <time>2026-05-01T01:07:23.799Z</time>
      </trkpt>
      <trkpt lat="50.845197" lon="12.922421">
        <ele>292.882351</ele>
        <time>2026-05-01T01:07:24.311Z</time>
      </trkpt>
      <trkpt lat="50.845164" lon="12.922429">
        <ele>292.898493</ele>
        <time>2026-05-01T01:07:24.805Z</time>
      </trkpt>
      <trkpt lat="50.845155" lon="12.922442">
        <ele>292.904384</ele>
        <time>2026-05-01T01:07:25.053Z</time>
      </trkpt>
      <trkpt lat="50.845072" lon="12.922490">
        <ele>292.947110</ele>
        <time>2026-05-01T01:07:26.734Z</time>
      </trkpt>
      <trkpt lat="50.844868" lon="12.922487">
        <ele>293.045757</ele>
        <time>2026-05-01T01:07:29.814Z</time>
      </trkpt>
      <trkpt lat="50.844306" lon="12.922414">
        <ele>293.473908</ele>
        <time>2026-05-01T01:07:38.428Z</time>
      </trkpt>
      <trkpt lat="50.843537" lon="12.922303">
        <ele>294.229927</ele>
        <time>2026-05-01T01:07:49.783Z</time>
      </trkpt>
      <trkpt lat="50.843110" lon="12.922325">
        <ele>294.648208</ele>
        <time>2026-05-01T01:07:56.691Z</time>
      </trkpt>
      <trkpt lat="50.842927" lon="12.923069">
        <ele>294.927672</ele>
        <time>2026-05-01T01:08:03.978Z</time>
      </trkpt>
      <trkpt lat="50.842839" lon="12.923432">
        <ele>294.927672</ele>
        <time>2026-05-01T01:08:08.274Z</time>
      </trkpt>
      <trkpt lat="50.842722" lon="12.923938">
        <ele>294.927672</ele>
        <time>2026-05-01T01:08:14.352Z</time>
      </trkpt>
      <trkpt lat="50.842499" lon="12.923800">
        <ele>294.927672</ele>
        <time>2026-05-01T01:08:36.290Z</time>
      </trkpt>
      <trkpt lat="50.841898" lon="12.923427">
        <ele>294.927672</ele>
        <time>2026-05-01T01:09:35.770Z</time>
      </trkpt>
      <trkpt lat="50.841715" lon="12.924188">
        <ele>294.927672</ele>
        <time>2026-05-01T01:09:44.957Z</time>
      </trkpt>
    </trkseg>
  </trk>
</gpx>